SourceDataset,GroupID,EventLabel,EventCategory,ValidationRole,WindowIndex,AccMeanX,AccMeanY,AccMeanZ,AccCovX,AccCovY,AccCovZ,AccSkewX,AccSkewY,AccSkewZ,AccKurtX,AccKurtY,AccKurtZ,AccSumX,AccSumY,AccSumZ,AccMinX,AccMinY,AccMinZ,AccMaxX,AccMaxY,AccMaxZ,AccVarX,AccVarY,AccVarZ,AccMedianX,AccMedianY,AccMedianZ,AccStdX,AccStdY,AccStdZ,PeakDynamicAccel_mps2,AccMagMean_raw,AccMagMean_mps2,HarshPredicted_6mps2
Yuksel_Atmaca_2020_DrivingBehaviorDataset,,Sudden Acceleration,ACCELERATION,harsh,0,2.798223190307617,-1.3593079925537108,-9.392453112792968,0.21721276683186486,0.03898269031618939,0.01888979906837073,8.508191908744065,-12.80618882200717,-4.974463359258155,-11.422842013819624,12.158679034663942,-7.4634940892257084,11.192892761230468,-5.437231970214843,-37.56981245117187,1.5945383056640625,-2.224213342285156,-9.935936889648437,4.709394665527343,-0.8499415893554687,-8.939948999023438,0.21721276683186486,0.03898269031618939,0.01888979906837073,2.4444798950195312,-1.1815385192871093,-9.34696328125,1.459496344583195,0.6182957221178769,0.4304017286603814,2.1670284463736746,1.0089314961210172,9.89423805643517,0
Yuksel_Atmaca_2020_DrivingBehaviorDataset,,Sudden Acceleration,ACCELERATION,harsh,1,3.0741549316406247,-1.5854403393554688,-9.3776090625,0.20172931778579903,0.055309039411246236,0.014279694408474779,0.024262441498908983,-3.874485993057164,-6.644714070631508,-25.982143069414384,-25.985687172076105,6.244500229997358,15.370774658203125,-7.9272016967773435,-46.8880453125,1.5945383056640625,-2.4899697265625,-9.935936889648437,4.709394665527343,-0.8499415893554687,-8.939948999023438,0.20172931778579903,0.055309039411246236,0.01427969440847576,3.1651345947265623,-1.3766659545898436,-9.318232861328125,1.4065165531425892,0.7364756556345243,0.37421379607235833,1.9503621105249476,1.0192245981018537,9.995178904975543,0
Yuksel_Atmaca_2020_DrivingBehaviorDataset,,Sudden Acceleration,ACCELERATION,harsh,2,3.189076611328125,-1.552639776611328,-9.317833827718099,0.16946388483166677,0.04490548500984865,0.013609871291020056,-3.473634824722824,-5.9198571789434755,-9.655970891329677,-17.84056978281222,-14.437845525810316,6.501870601422748,19.13445966796875,-9.315838659667968,-55.90700296630859,1.5945383056640625,-2.4899697265625,-9.935936889648437,4.709394665527343,-0.8499415893554687,-8.939948999023438,0.16946388483166677,0.04490548500984865,0.013609871291021038,3.4644098022460934,-1.3826514587402343,-9.252392315673827,1.2891365351212665,0.6636055866038475,0.36533169079084216,1.9501772325799378,1.016667430973808,9.970101661959292,0
Yuksel_Atmaca_2020_DrivingBehaviorDataset,,Sudden Acceleration,ACCELERATION,harsh,3,3.300578002929687,-1.691332458496093,-9.195102490234374,0.15009428236186417,0.051151677572726796,0.022093535711368198,-6.429761260257136,-1.4950640013302552,-0.3974606315050319,-11.912257941913936,-21.43228736135609,6.533280873292193,23.104046020507813,-11.839327209472655,-64.36571743164062,1.5945383056640625,-2.5234885498046875,-9.935936889648437,4.709394665527343,-0.8499415893554687,-8.458714465332031,0.15009428236186417,0.051151677572726796,0.02209353571136722,3.763685009765625,-1.388636962890625,-9.18655177001953,1.2132279646150521,0.7082560263552898,0.4654713438912064,2.041407761980588,1.0110337404127003,9.914854030418207,0
Yuksel_Atmaca_2020_DrivingBehaviorDataset,,Sudden Acceleration,ACCELERATION,harsh,4,3.3132758224487304,-1.610100616455078,-9.234735078430175,0.12878377286978027,0.0492272645056243,0.020218685229494594,-7.045955826223409,-4.374362128779118,2.4569530631500074,-6.537327003636021,-18.72619427101229,5.453631283287806,26.506206579589843,-12.880804931640624,-73.8778806274414,1.5945383056640625,-2.5234885498046875,-9.935936889648437,4.709394665527343,-0.8499415893554687,-8.458714465332031,0.12878377286978027,0.0492272645056243,0.020218685229494594,3.582922784423828,-1.3826514587402343,-9.252392315673827,1.1238048701680525,0.6948054069047567,0.4452836955310939,2.095362536733206,1.0138387239546947,9.942361522270305,0
Yuksel_Atmaca_2020_DrivingBehaviorDataset,,Sudden Acceleration,ACCELERATION,harsh,5,3.246537451171875,-1.7118541870117185,-9.30732594265408,0.11677344503402672,0.052575990411638615,0.02252734373476733,-4.801648854122955,-1.2129038480124605,3.4242706686231745,-7.608194162064239,-21.48226949896183,-0.8474555725409632,29.218837060546875,-15.406687683105467,-83.76593348388671,1.5945383056640625,-2.5258827514648434,-9.935936889648437,4.709394665527343,-0.8499415893554687,-8.458714465332031,0.11677344503402672,0.052575990411638615,0.02252734373476733,3.402160559082031,-1.388636962890625,-9.318232861328125,1.0701197618691753,0.7180489790886835,0.47001890965849347,2.0474706205950297,1.0202094649255367,10.004837149212014,0
Yuksel_Atmaca_2020_DrivingBehaviorDataset,,Sudden Acceleration,ACCELERATION,harsh,6,3.077746234130859,-1.6500837841796876,-9.329246188964843,0.13285081703017135,0.05062502520574456,0.02051427632543858,-2.34192437500114,-3.4247961093423505,5.0452058196306355,-13.60028198254548,-19.772951018181008,2.05854036235596,30.777462341308592,-16.500837841796873,-93.29246188964844,1.5586252807617187,-2.5258827514648434,-9.935936889648437,4.709394665527343,-0.8499415893554687,-8.458714465332031,0.13285081703017135,0.05062502520574456,0.020514276325437602,3.2836475769042965,-1.3826514587402343,-9.412803826904296,1.1414120486611885,0.7046005275572211,0.4485268419245981,2.0462467878111545,1.0157833988206284,9.961432268044314,0
Yuksel_Atmaca_2020_DrivingBehaviorDataset,,Sudden Acceleration,ACCELERATION,harsh,7,2.9559684315074573,-1.5895322476473714,-9.374605427689986,0.13620017882515043,0.049675178315856015,0.02077067714756188,-0.047440003365004924,-5.18711921709943,6.365547065086877,-15.70669404400979,-17.608126335344913,1.1264747246154996,32.51565274658203,-17.484854724121092,-103.12065970458984,1.5586252807617187,-2.5258827514648434,-9.935936889648437,4.709394665527343,-0.8499415893554687,-8.458714465332031,0.13620017882515043,0.049675178315856015,0.020770677147560902,3.1651345947265623,-1.3766659545898436,-9.507374792480467,1.1557108131689628,0.6979592304935807,0.4513211285206323,2.1886324677929303,1.0153608253820667,9.957288238233044,0
Yuksel_Atmaca_2020_DrivingBehaviorDataset,,Sudden Acceleration,ACCELERATION,harsh,8,2.857679198201497,-1.5350822977701815,-9.394448280843099,0.1356398410858304,0.04878715494825894,0.01936423600216446,1.829795963912887,-6.640399600997016,7.745981555707577,-15.9047291488464,-15.215340513168314,3.9317006531987397,34.292150378417965,-18.420987573242186,-112.73337937011718,1.5586252807617187,-2.5258827514648434,-9.935936889648437,4.709394665527343,-0.8499415893554687,-8.458714465332031,0.1356398410858304,0.04878715494825894,0.01936423600216642,2.938882537841797,-1.235408056640625,-9.509768994140625,1.1533310225535238,0.6916925278426478,0.4357732036170315,2.299159299497585,1.0134689891201647,9.938735662155262,0
Yuksel_Atmaca_2020_DrivingBehaviorDataset,,Sudden Acceleration,ACCELERATION,harsh,9,2.868990266301082,-1.5381824819711534,-9.386007185246394,0.12450612258204241,0.04473429953119649,0.017845003659908338,1.5247102280315052,-6.6651417056189795,7.220411333393039,-14.05163316540129,-13.360785962063067,5.441492805116102,37.29687346191406,-19.996372265625,-122.01809340820311,1.5586252807617187,-2.5258827514648434,-9.935936889648437,4.709394665527343,-0.8499415893554687,-8.458714465332031,0.12450612258204241,0.04473429953119649,0.017845003659908338,3.0047230834960934,-1.3766659545898436,-9.507374792480467,1.1049832428680486,0.6623395039536837,0.4183296608435049,2.2852815939081688,1.0130368209594431,9.934497540261923,0
Yuksel_Atmaca_2020_DrivingBehaviorDataset,,Sudden Acceleration,ACCELERATION,harsh,10,3.022850610351562,-1.5589673095703118,-9.400490789794922,0.14872437502191563,0.04190993686455883,0.016771786142198156,1.659737474618297,-5.666829317587786,8.337426859313847,-12.981261381152347,-13.280884415098898,8.079066690455429,42.31990854492187,-21.825542333984373,-131.6068710571289,1.5586252807617187,-2.5258827514648434,-9.935936889648437,5.023035083007812,-0.8499415893554687,-8.458714465332031,0.14872437502191563,0.04190993686455883,0.016771786142197175,3.084928839111328,-1.3826514587402343,-9.509768994140625,1.207678720649111,0.6410897615411054,0.4055552201259217,2.4130076754432612,1.0193961348736607,9.996861106058786,0
Yuksel_Atmaca_2020_DrivingBehaviorDataset,,Sudden Acceleration,ACCELERATION,harsh,11,3.3134040832519522,-1.7065527404785155,-9.324389379882811,0.17809729690861245,0.050022590039670266,0.023253154342908575,1.7116740559796606,-4.314197576128558,6.715026420299616,-9.61169009193887,-14.038212066918952,-2.6138585484102883,46.387657165527344,-23.89173836669922,-130.54145131835938,1.5586252807617187,-2.916137622070312,-9.935936889648437,5.662286926269531,-0.9361328491210937,-8.441955053710936,0.17809729690861148,0.050022590039670266,0.023253154342907596,3.2836475769042965,-1.4820108276367188,-9.415198028564452,1.3215664405276197,0.7003956257805543,0.4775306754930824,2.785504718359708,1.0239657248096,10.04167347520406,0
Yuksel_Atmaca_2020_DrivingBehaviorDataset,,Sudden Acceleration,ACCELERATION,harsh,12,3.433456195068359,-1.6868860839843747,-9.351751684570312,0.15675990984749297,0.05368534230177129,0.02799715969287324,0.5931088319351709,-3.398548398727928,2.25675019205272,-5.889054464826432,-13.631216431467244,0.2546922614653029,48.06838673095703,-23.61640517578125,-130.92452358398438,1.5586252807617187,-2.916137622070312,-10.319009155273436,5.662286926269531,-0.7110778930664062,-8.441955053710936,0.15675990984749297,0.05368534230177129,0.02799715969287422,3.403357659912109,-1.4820108276367188,-9.415198028564452,1.2398748202564316,0.7255848414097922,0.5239831544068234,2.7229272459734215,1.0303144476864368,10.103933178404194,0
Yuksel_Atmaca_2020_DrivingBehaviorDataset,,Sudden Acceleration,ACCELERATION,harsh,13,3.5509430908203115,-1.6653382690429683,-9.389887896728515,0.16954164037429312,0.0558163292586797,0.026624204488785195,-1.5307826743695354,-3.772756947678317,4.527678641420892,-8.961022454580657,-14.387106493387,5.085456837587536,49.713203271484375,-23.31473576660156,-131.45843055419923,1.5586252807617187,-2.916137622070312,-10.319009155273436,5.662286926269531,-0.7110778930664062,-8.441955053710936,0.16954164037429312,0.0558163292586797,0.026624204488786177,3.584119885253906,-1.4820108276367188,-9.49300958251953,1.2894322500917086,0.7398453928522069,0.5109738300049781,2.6307505560000237,1.0376710700799692,10.17607699939973,0
Yuksel_Atmaca_2020_DrivingBehaviorDataset,,Sudden Acceleration,ACCELERATION,harsh,14,3.5334996215820307,-1.683807824707031,-9.330032855224609,0.16553784528282942,0.058570390856724316,0.034411834588301805,-1.453067099640519,-3.424607479984107,4.562473601535437,-8.183721529033205,-15.766293465301755,-3.262697180438671,49.468994702148436,-23.573309545898436,-130.62045997314453,1.5586252807617187,-2.916137622070312,-10.319009155273436,5.662286926269531,-0.7110778930664062,-8.348581188964843,0.16553784528282942,0.058570390856724316,0.034411834588302784,3.584119885253906,-1.4820108276367188,-9.49300958251953,1.274116050618177,0.7578781719347093,0.5809172210094837,2.6511216947032756,1.0317308112147363,10.117822959798993,0
Yuksel_Atmaca_2020_DrivingBehaviorDataset,,Sudden Acceleration,ACCELERATION,harsh,15,3.3457258056640615,-1.551784704589843,-9.376377758789062,0.18929873717839882,0.0600778663869082,0.03735800155355435,0.7619946354706146,-6.040450186900722,5.641153506010945,-10.991160388218109,-11.350402904546911,-5.195992697602586,46.84016127929687,-21.72498586425781,-131.26928862304686,1.5490484741210937,-2.916137622070312,-10.319009155273436,5.662286926269531,-0.6416460449218749,-8.348581188964843,0.18929873717839882,0.0600778663869082,0.037358001553553365,3.403357659912109,-1.2413935607910156,-9.519345800781249,1.3624927379441494,0.7675692857346347,0.6052741907062925,2.878242536319823,1.0274286147026601,10.075632824373841,0
Yuksel_Atmaca_2020_DrivingBehaviorDataset,,Sudden Acceleration,ACCELERATION,harsh,16,3.185998352050781,-1.510228204345703,-9.423919763183592,0.21105848305637995,0.06403232076523363,0.0368526534749903,2.676675801125868,-6.567907488183426,8.174552650916777,-12.690245988374837,-11.944164891820028,-1.4263701455090638,44.603976928710935,-21.14319486083984,-131.9348766845703,1.5275006591796874,-2.916137622070312,-10.319009155273436,5.662286926269531,-0.6416460449218749,-8.348581188964843,0.21105848305637995,0.06403232076523363,0.0368526534749903,3.2034418212890623,-1.0845733520507812,-9.557653027343749,1.4386718433558257,0.7924282670578968,0.6011664280384603,3.043836303557715,1.026027277458263,10.061890400486076,0
Yuksel_Atmaca_2020_DrivingBehaviorDataset,,Sudden Acceleration,ACCELERATION,harsh,17,3.1521374999999994,-1.4602919982910147,-9.557653027343749,0.20686784650637494,0.056479244526417664,0.0340347312546684,3.437056194964592,-8.080351589367185,9.798279739131477,-11.382560845340919,-6.154419393247699,10.073013589185646,44.129925,-20.44408797607422,-133.8071423828125,1.5275006591796874,-2.916137622070312,-10.330980163574218,5.662286926269531,-0.6416460449218749,-8.348581188964843,0.20686784650637494,0.056479244526417664,0.0340347312546684,3.2034418212890623,-1.0845733520507812,-9.600748657226562,1.4243175793838065,0.7442258953671254,0.5777254514547562,3.143595287698392,1.0369925047339958,10.169422546549638,0
Yuksel_Atmaca_2020_DrivingBehaviorDataset,,Sudden Acceleration,ACCELERATION,harsh,18,3.271163525390625,-1.514332550048828,-9.44444149169922,0.23362903145184824,0.05567748603992717,0.05346319829042085,1.9408606969699953,-5.98478836575204,9.611097118954017,-15.388330830887108,-8.200368440104443,2.03885091921223,45.796289355468744,-21.200655700683594,-132.22218088378906,1.5275006591796874,-2.916137622070312,-10.330980163574218,5.662286926269531,-0.6416460449218749,-7.9272016967773435,0.23362903145184824,0.05567748603992717,0.05346319829042085,3.2046389221191403,-1.3347674255371094,-9.600748657226562,1.5136439942361855,0.7389246365316644,0.7240820903148755,3.159833092660187,1.0308276293776413,10.108965771636244,0
Yuksel_Atmaca_2020_DrivingBehaviorDataset,,Sudden Acceleration,ACCELERATION,harsh,19,3.528198175048827,-1.4850890869140623,-9.487366107177733,0.2964154213276046,0.05040138270579841,0.060275772009787974,1.1610678163489607,-6.308785105990473,7.909017178017161,-14.801835890713603,-4.9365555002489225,-0.35656450626230946,49.39477445068359,-20.791247216796872,-132.82312550048826,1.5275006591796874,-2.916137622070312,-10.488997473144531,6.311115576171875,-0.6416460449218749,-7.9272016967773435,0.2964154213276046,0.05040138270579841,0.06027577200978895,3.450044592285156,-1.3347674255371094,-9.600748657226562,1.7049464189710928,0.7030424736186414,0.7688324912357732,3.4966615734048814,1.0432239477718817,10.23053212741712,0
Yuksel_Atmaca_2020_DrivingBehaviorDataset,,Sudden Acceleration,ACCELERATION,harsh,20,3.630293774414062,-1.545628186035156,-9.530632751464845,0.2671315780075687,0.050435490521558664,0.06332039558520541,0.7421190472721971,-3.7319775413405747,8.749818262028109,-12.758845973163973,-7.328996262786218,-0.9817969841975563,50.824112841796875,-21.638794604492187,-133.42885852050782,1.5275006591796874,-2.916137622070312,-10.488997473144531,6.311115576171875,-0.6416460449218749,-7.9272016967773435,0.2671315780075687,0.050435490521558664,0.0633203955852064,3.450044592285156,-1.686715069580078,-9.648632690429688,1.6185381952453057,0.7032803161778733,0.7880107596763304,3.4111717626319664,1.0518458496544856,10.31508410151416,0
Yuksel_Atmaca_2020_DrivingBehaviorDataset,,Sudden Acceleration,ACCELERATION,harsh,21,3.831919757080078,-1.5923151184082027,-9.416224114990234,0.24137928105535345,0.04778848314411352,0.07452964018571802,-1.8300805841080356,-2.189665518108444,5.390554238994249,-10.049517375833197,-5.6686125491526385,-10.322057451096423,53.64687659912109,-22.292411657714844,-131.82713760986329,1.5275006591796874,-2.916137622070312,-10.488997473144531,6.311115576171875,-0.6416460449218749,-7.9272016967773435,0.24137928105535345,0.04778848314411352,0.07452964018571802,3.9803602600097654,-1.7178396911621092,-9.600748657226562,1.5385454580744389,0.6845764590060203,0.8549187656890413,3.180582602691687,1.0492892369621858,10.290012295655218,0
Yuksel_Atmaca_2020_DrivingBehaviorDataset,,Sudden Acceleration,ACCELERATION,harsh,22,3.8854472656249994,-1.6183093078613273,-9.393821228027344,0.22130546010182403,0.04500687836076151,0.07427930744565348,-1.5552551343491878,-1.8251366752945046,4.529675066446143,-8.434063314289668,-3.2212653715792148,-10.853425477791703,54.39626171875,-22.656330310058593,-131.5134971923828,1.5275006591796874,-2.916137622070312,-10.488997473144531,6.311115576171875,-0.6416460449218749,-7.9272016967773435,0.22130546010182403,0.04500687836076151,0.07427930744565348,3.9803602600097654,-1.7178396911621092,-9.53131680908203,1.4731819949712779,0.6643543509879091,0.8534817926364487,3.117562819799761,1.0496615288613693,10.293663232008349,0
Yuksel_Atmaca_2020_DrivingBehaviorDataset,,Sudden Acceleration,ACCELERATION,harsh,23,3.726232855224609,-1.5095441467285156,-9.340293719482423,0.28829164617829517,0.06292061151758971,0.07965236433366198,-3.2265148244274147,1.0788122201954704,2.8025921923829205,-8.996690778992358,-3.719127789240847,-14.550150551581613,52.16725997314453,-21.133618054199218,-130.7641120727539,0.7757213378906249,-2.916137622070312,-10.488997473144531,6.311115576171875,-0.0526724365234375,-7.9272016967773435,0.28829164617829517,0.06292061151758971,0.079652364333661,3.9803602600097654,-1.7178396911621092,-9.53131680908203,1.6814206112672654,0.7855192008722457,0.8838115515723376,3.581176127831343,1.0369296651823143,10.168806301060142,0
Yuksel_Atmaca_2020_DrivingBehaviorDataset,,Sudden Acceleration,ACCELERATION,harsh,24,3.495021380615234,-1.451912292480468,-9.346450238037107,0.29875625806622735,0.06361654906043562,0.08004246525019375,-0.05613853795225091,-1.1831533983606302,2.9926183157847217,-11.139311868534504,-4.344187084650854,-14.649004527364275,48.93029932861328,-20.32677209472656,-130.85030333251953,0.7757213378906249,-2.916137622070312,-10.488997473144531,6.311115576171875,-0.0526724365234375,-7.9272016967773435,0.29875625806622735,0.06361654906043562,0.08004246525019375,3.450044592285156,-1.4688427185058592,-9.574412438964844,1.7116652880061487,0.7898513979499739,0.8859731609060254,3.47686766442559,1.0282428954146692,10.083618190318266,0
Yuksel_Atmaca_2020_DrivingBehaviorDataset,,Sudden Acceleration,ACCELERATION,harsh,25,3.2463664367675773,-1.3046688903808585,-9.437087872314452,0.26866437746687555,0.04721592147155371,0.07376482862130791,2.6747709971796434,-0.03878021889000008,5.927577804686872,-8.134167770529102,-6.56648082320269,-9.678804923939612,45.44913011474609,-18.26536446533203,-132.11923021240233,0.7757213378906249,-2.482787121582031,-10.488997473144531,6.311115576171875,-0.0526724365234375,-7.9272016967773435,0.26866437746687555,0.04721592147155371,0.0737648286213089,3.1962592163085937,-1.1875240234375,-9.679757312011718,1.6231751345081449,0.6804630895934172,0.8505209324873572,3.638672652359513,1.0263213622585032,10.06477438719235,0
Yuksel_Atmaca_2020_DrivingBehaviorDataset,,Sudden Acceleration,ACCELERATION,harsh,26,3.362314202880859,-1.390176092529296,-9.27855751953125,0.2918852867560883,0.04650614489122031,0.07893623830400964,1.032504282090991,3.105457913421178,3.076360396672414,-11.99698780618571,-4.921135793171493,-14.108440396219148,47.07239884033203,-19.462465295410155,-129.8998052734375,0.7757213378906249,-2.482787121582031,-10.488997473144531,6.311115576171875,-0.0526724365234375,-7.9272016967773435,0.2918852867560883,0.04650614489122031,0.07893623830400964,3.2417490478515623,-1.4688427185058592,-9.574412438964844,1.6918678575369297,0.6753291684782242,0.8798295638156381,3.508633370508082,1.0162912303544938,9.966412394155896,0
Yuksel_Atmaca_2020_DrivingBehaviorDataset,,Sudden Acceleration,ACCELERATION,harsh,27,3.338372186279296,-1.438915197753906,-9.258548834228515,0.2850913438690392,0.04652353602326793,0.07864953031711866,1.2491763945349768,5.354248947729652,2.3215371515249403,-11.119747892391494,-3.278214548771226,-14.276294113893663,46.73721060791016,-20.144812768554686,-129.6196836791992,0.7757213378906249,-2.482787121582031,-10.488997473144531,6.311115576171875,-0.0526724365234375,-7.9272016967773435,0.2850913438690392,0.04652353602326793,0.07864953031711767,3.2417490478515623,-1.697488977050781,-9.48702407836914,1.6720619089475477,0.6754554275024991,0.8782302753175663,3.539965742152503,1.0142764682919214,9.94665432777497,0
Yuksel_Atmaca_2020_DrivingBehaviorDataset,,Sudden Acceleration,ACCELERATION,harsh,28,3.409172149658202,-1.3929123229980467,-9.349870526123048,0.3097692157198604,0.03899778778862443,0.07230393498941148,1.0493443273683791,8.413254728899801,5.1874340527396,-13.1605478184144,-2.1906283117271452,-9.617889902830111,47.72841009521484,-19.500772521972657,-130.89818736572263,0.7757213378906249,-2.1164742675781247,-10.488997473144531,6.311115576171875,-0.0526724365234375,-7.9272016967773435,0.30976921571985944,0.03899778778862443,0.0723039349894105,3.2417490478515623,-1.697488977050781,-9.651026892089844,1.7429280763528847,0.618415439342614,0.8420566394631107,3.4987862469684066,1.0247145339929489,10.049016784781953,0
Yuksel_Atmaca_2020_DrivingBehaviorDataset,,Sudden Acceleration,ACCELERATION,harsh,29,3.565137286376953,-1.5175818237304681,-9.340635748291016,0.2807776494029621,0.040615625547903746,0.07117386790043999,-0.7740750574068397,9.866703193794603,5.111591704042158,-10.163347075624666,6.970585212277435,-9.257617850876422,49.91192200927734,-21.24614553222656,-130.7689004760742,0.7757213378906249,-2.3870190551757813,-10.488997473144531,6.311115576171875,-0.0526724365234375,-7.9272016967773435,0.2807776494029621,0.040615625547903746,0.07117386790043999,3.614047406005859,-1.7776947326660155,-9.651026892089844,1.6593637743176022,0.6311126874650475,0.8354503047134829,3.4532009302059894,1.0311783318631735,10.11240498816599,0
Yuksel_Atmaca_2020_DrivingBehaviorDataset,,Sudden Acceleration,ACCELERATION,harsh,30,3.774800946044921,-1.629596258544921,-9.324731408691408,0.24970294984429983,0.04104266375154209,0.07033366907055578,-3.442169777215644,12.430780070826021,4.60582840725538,-5.382531683641734,17.198096736516085,-9.125005733598947,52.847213244628904,-22.814347619628904,-130.54623972167968,0.7757213378906249,-2.3870190551757813,-10.488997473144531,6.311115576171875,-0.0526724365234375,-7.9272016967773435,0.24970294984429983,0.04104266375154209,0.07033366907055481,4.097676141357422,-1.811213555908203,-9.54448491821289,1.5648480543140955,0.6344218143152587,0.8305044706627183,3.665277142616691,1.039186994087385,10.190943135567055,0
Yuksel_Atmaca_2020_DrivingBehaviorDataset,,Sudden Acceleration,ACCELERATION,harsh,31,3.72948212890625,-1.7621324218749999,-9.374496600341796,0.2554146119126905,0.07178971952108162,0.08486752001998439,-2.5087545814111136,-1.9861994677524457,0.8056088101815236,-7.146706500274975,18.99283158018852,-5.306952157065999,52.2127498046875,-24.669853906249998,-131.24295240478514,0.7757213378906249,-3.679887951660156,-11.027692846679686,6.311115576171875,-0.0526724365234375,-7.9272016967773435,0.2554146119126905,0.07178971952108162,0.08486752001998439,4.097676141357422,-1.8183961608886718,-9.54448491821289,1.582643896747966,0.83905700220034,0.9122861750591129,3.89044302251922,1.044377266566877,10.241842321178062,0
Yuksel_Atmaca_2020_DrivingBehaviorDataset,,Sudden Acceleration,ACCELERATION,harsh,32,3.5372619384765613,-1.5772658508300779,-9.375693701171874,0.2516314320830201,0.11912081107485657,0.08448904209641199,0.5507539479407728,4.726567058915404,0.7346897806209048,-7.234929891721847,13.064214881422659,-5.36043470591155,49.52166713867187,-22.08172191162109,-131.25971181640625,0.7757213378906249,-3.679887951660156,-11.027692846679686,6.311115576171875,0.7900865478515624,-7.943961108398437,0.2516314320830191,0.11912081107485657,0.08448904209641298,3.3602620300292965,-1.7980454467773437,-9.54448491821289,1.5708791753145577,1.0808219566271078,0.910249671614765,4.003463820200924,1.034414631785044,10.144142248794802,0
Yuksel_Atmaca_2020_DrivingBehaviorDataset,,Sudden Acceleration,ACCELERATION,harsh,33,3.1976273315429684,-1.487654302978515,-9.341661834716795,0.20939397026071085,0.11997236311836791,0.07782110221649545,0.3160049297597122,2.194312109660883,0.9738378221594161,-11.088829133262738,10.871832952241311,-2.7626641830487735,44.76678264160156,-20.827160241699218,-130.78326568603515,0.7757213378906249,-3.679887951660156,-11.027692846679686,5.456385583496093,0.7900865478515624,-7.943961108398437,0.20939397026071183,0.11997236311836791,0.07782110221649545,2.924517327880859,-1.697488977050781,-9.54448491821289,1.4329875709360527,1.0846782816922032,0.8735927609884355,3.727791920015102,1.0182088848282722,9.985218160401176,0
Yuksel_Atmaca_2020_DrivingBehaviorDataset,,Sudden Acceleration,ACCELERATION,harsh,34,3.0938215881347655,-1.4106978210449208,-9.308143011474607,0.22955740933956956,0.12075279619086161,0.07360481093651944,1.4582276108650853,-0.029245092617479533,0.36536128368167087,-13.64038314494886,9.881994718072926,0.2509301101018303,43.313502233886716,-19.749769494628904,-130.31400216064452,0.7757213378906249,-3.679887951660156,-11.027692846679686,5.456385583496093,0.7900865478515624,-7.943961108398437,0.22955740933956956,0.12075279619086161,0.07360481093651944,2.693476867675781,-1.4688427185058592,-9.54448491821289,1.5003963370722737,1.0882005370174745,0.8495979161760107,3.6997005442080146,1.0105142085984842,9.909759163752325,0
Yuksel_Atmaca_2020_DrivingBehaviorDataset,,Sudden Acceleration,ACCELERATION,harsh,35,3.0438853820800773,-1.3882949340820308,-9.380482104492186,0.21702646760837385,0.12035268453405418,0.06388995114519,1.9949759198876575,-0.7288200307869238,1.3527449788573063,-11.658366634986848,10.23860131416387,8.365222020437129,42.61439534912109,-19.436129077148436,-131.3267494628906,0.7757213378906249,-3.679887951660156,-11.027692846679686,5.456385583496093,0.7900865478515624,-7.943961108398437,0.21702646760837385,0.12035268453405418,0.06388995114519,2.693476867675781,-1.3120225097656248,-9.54448491821289,1.4588703193127417,1.0863961771774993,0.7915468333573067,3.7127966560563253,1.0155577209142441,9.959219123803672,0
Yuksel_Atmaca_2020_DrivingBehaviorDataset,,Sudden Acceleration,ACCELERATION,harsh,36,3.208230224609375,-1.344515246582031,-9.293948815917968,0.23688747763083523,0.1239374095471997,0.07612694902236712,-0.5239339871008525,-1.835258329021256,0.5379316837984629,-14.388507032092201,7.953671044803336,-0.4624143993073437,44.91522314453125,-18.823213452148437,-130.11528342285155,0.7757213378906249,-3.679887951660156,-11.027692846679686,5.456385583496093,0.7900865478515624,-7.943961108398437,0.23688747763083523,0.1239374095471997,0.07612694902236614,3.296815686035156,-1.1731588134765625,-9.54448491821289,1.524162912063022,1.1024567099601026,0.8640314488664099,3.7916926984912034,1.0119261465564513,9.923605545127822,0
Yuksel_Atmaca_2020_DrivingBehaviorDataset,,Sudden Acceleration,ACCELERATION,harsh,37,3.4957054382324215,-1.5329731201171872,-9.399806732177733,0.2012824026262527,0.12116971766948695,0.07448683519810531,-1.9490319942056038,0.9753757698608762,3.6813226694139685,-16.00307033960378,8.595742618255946,2.112044312019279,48.939876135253904,-21.461623681640624,-131.59729425048826,1.5346832641601562,-3.679887951660156,-11.027692846679686,5.456385583496093,0.7900865478515624,-7.943961108398437,0.2012824026262527,0.12116971766948695,0.07448683519810335,3.797203833007812,-1.5406687683105469,-9.645041387939452,1.4049576768411016,1.0900775255840636,0.8546732255052152,3.448510894565139,1.034528757598307,10.145261440701438,0
Yuksel_Atmaca_2020_DrivingBehaviorDataset,,Sudden Acceleration,ACCELERATION,harsh,38,3.6350821777343745,-1.4929557495117183,-9.497626971435547,0.17668050256279746,0.12794399235844547,0.09405896615236817,-4.085225073514066,0.3578266627042105,1.7045518525729542,-11.655991003791996,4.588054972458086,-2.4343282531484522,50.89115048828125,-20.901380493164062,-132.96677760009766,1.5346832641601562,-3.679887951660156,-11.044452258300781,5.456385583496093,0.7900865478515624,-7.943961108398437,0.17668050256279746,0.12794399235844547,0.09405896615236915,3.7995980346679685,-1.5406687683105469,-9.645041387939452,1.316299301244767,1.1201347921843843,0.9604183257404744,3.4695583784770667,1.0481157814816704,10.278504628467225,0
Yuksel_Atmaca_2020_DrivingBehaviorDataset,,Sudden Acceleration,ACCELERATION,harsh,39,3.8416675781249996,-1.6037730834960933,-9.349015454101563,0.1716369136860731,0.12994190102402936,0.11862753562147815,-7.344016947792486,3.105726405722677,1.0156252078507597,-6.191173020095169,4.449408719535001,-7.283697945287161,53.78334609375,-22.45282316894531,-130.88621635742186,1.5346832641601562,-3.679887951660156,-11.044452258300781,5.456385583496093,0.7900865478515624,-7.630320690917968,0.1716369136860731,0.12994190102402936,0.11862753562147718,4.16231958618164,-1.7980454467773437,-9.54448491821289,1.2973754813466816,1.128846643117346,1.0785818106209488,3.7425462252950847,1.043576734613656,10.23399178449901,0
Yuksel_Atmaca_2020_DrivingBehaviorDataset,,Sudden Acceleration,ACCELERATION,harsh,40,3.7766821044921866,-1.5514426757812498,-9.500534216308592,0.16073603007564097,0.13035269786944745,0.10982346691901719,-7.058108129306865,1.5661970619707837,4.132175881260852,-4.974149149027021,3.6067545094398086,-2.8530739921297448,52.87354946289062,-21.7201974609375,-133.00747902832032,1.5346832641601562,-3.679887951660156,-11.044452258300781,5.456385583496093,0.7900865478515624,-7.630320690917968,0.16073603007564097,0.13035269786944745,0.10982346691901818,3.9899370666503904,-1.5406687683105469,-9.645041387939452,1.255500692688495,1.1306295965352302,1.0377862505648223,3.7425948933501574,1.0544597982558228,10.340718180565466,0
Yuksel_Atmaca_2020_DrivingBehaviorDataset,,Sudden Acceleration,ACCELERATION,harsh,41,3.575398150634765,-1.5346832641601562,-9.624690673828125,0.18771476314881558,0.12999577981096025,0.12346370273049002,-3.937098299394789,1.0684887278051656,5.400768167354228,-11.882220730470513,3.7252447582120984,-4.561658392958339,50.05557410888672,-21.485565698242187,-134.74566943359375,1.5346832641601562,-3.679887951660156,-11.044452258300781,5.456385583496093,0.7900865478515624,-7.630320690917968,0.18771476314881655,0.12999577981096025,0.12346370273049002,3.7995980346679685,-1.4233528869628906,-9.750386260986328,1.3567803735436856,1.1290806499462982,1.1003478179112107,3.6805683739679576,1.0586078419362532,10.381396593124158,0
Yuksel_Atmaca_2020_DrivingBehaviorDataset,,Sudden Acceleration,ACCELERATION,harsh,42,3.31135191040039,-1.4654224304199215,-9.65068486328125,0.17816411225692494,0.13221871334577898,0.1244419996743012,-2.1203088991578287,-0.8563066621336305,6.112924833348092,-15.765077395570838,2.416683656768281,-4.332857562803833,46.358926745605466,-20.515914025878907,-135.1095880859375,1.5346832641601562,-3.679887951660156,-11.044452258300781,5.073313317871094,0.7900865478515624,-7.630320690917968,0.17816411225692494,0.13221871334577898,0.1244419996743012,3.73495458984375,-1.2497732666015624,-9.91438907470703,1.3218143180736017,1.1386933938652626,1.1046986630325888,3.5108038422226815,1.0510906718667221,10.30767833726179,0
Yuksel_Atmaca_2020_DrivingBehaviorDataset,,Sudden Acceleration,ACCELERATION,harsh,43,3.227725866699218,-1.3876108764648434,-9.672916735839843,0.1804114993613493,0.12511238847191444,0.1260611253087327,-0.1052586456277706,-2.8357508459767855,6.606884830504764,-16.604745375464024,7.149164492836754,-4.453014088230818,45.188162133789056,-19.426552270507813,-135.4208343017578,1.5346832641601562,-3.679887951660156,-11.044452258300781,5.073313317871094,0.7900865478515624,-7.630320690917968,0.1804114993613493,0.12511238847191444,0.1260611253087327,3.299209887695312,-1.236605157470703,-10.001777435302733,1.3301249678928604,1.107670259783166,1.1118621022900688,3.5823073335658346,1.0494113347771632,10.291209666192467,0
Yuksel_Atmaca_2020_DrivingBehaviorDataset,,Sudden Acceleration,ACCELERATION,harsh,44,3.2937374267578123,-1.4112108642578116,-9.614942852783203,0.20453854604592572,0.1310256816873176,0.1335462974469237,0.8468433416920402,-2.732412559408884,4.941428437612908,-15.909554322892975,4.34577177922095,-8.913665911583676,46.112323974609374,-19.756952099609375,-134.60919993896485,1.5346832641601562,-3.679887951660156,-11.044452258300781,5.386953735351562,0.7900865478515624,-7.630320690917968,0.20453854604592672,0.1310256816873176,0.13354629744692467,3.299209887695312,-1.236605157470703,-10.001777435302733,1.416276079223711,1.1335444417044003,1.1443958221952246,3.669765028831392,1.0463269671734003,10.260962352631026,0
Yuksel_Atmaca_2020_DrivingBehaviorDataset,,Sudden Acceleration,ACCELERATION,harsh,45,3.5155431091308587,-1.2832920898437499,-9.469409594726562,0.2536958638359715,0.09064747479970561,0.11862618672480818,0.05167391156736912,2.7105582749047255,3.3896144675825277,-15.535893016883513,6.22328180026337,-8.828093027344018,49.217603527832026,-17.9660892578125,-132.57173432617188,1.5346832641601562,-2.7054478759765623,-11.044452258300781,5.966350537109375,0.7900865478515624,-7.630320690917968,0.2536958638359715,0.09064747479970561,0.11862618672480917,3.7995980346679685,-1.236605157470703,-9.827000714111328,1.577309907116238,0.9428404206145069,1.0785756784040934,3.699676204804663,1.0382874464789524,10.18212158701282,0
Yuksel_Atmaca_2020_DrivingBehaviorDataset,,Sudden Acceleration,ACCELERATION,harsh,46,3.5759111938476558,-1.3747847961425772,-9.542090716552734,0.24380873067012152,0.06093399504411618,0.10181676636555967,-0.9409658984275507,-7.032769103150973,3.7484736170929454,-13.997590978569274,-7.177493840818308,-3.966637526436923,50.06275671386719,-19.246987145996094,-133.58927003173827,1.5346832641601562,-2.7054478759765623,-11.044452258300781,5.966350537109375,-0.46208092041015625,-7.630320690917968,0.24380873067012152,0.06093399504411618,0.10181676636555967,3.7995980346679685,-1.236605157470703,-9.827000714111328,1.5462686987151197,0.7730189923277359,0.9992404074489879,3.337623273642838,1.0485175586317161,10.282444716355718,0
Yuksel_Atmaca_2020_DrivingBehaviorDataset,,Sudden Acceleration,ACCELERATION,harsh,47,3.7299951721191396,-1.3580253845214834,-9.481380603027343,0.20935339095260103,0.06322280291123941,0.10080546320493185,-2.42339395525787,-6.875249044250249,1.8485979937851988,-9.966356058523216,-7.830559772381482,-4.286698150159479,52.21993240966797,-19.01235538330078,-132.7393284423828,1.5346832641601562,-2.7054478759765623,-11.044452258300781,5.966350537109375,-0.46208092041015625,-7.630320690917968,0.20935339095260005,0.06322280291123941,0.1008054632049338,3.7995980346679685,-1.236605157470703,-9.451111053466796,1.4328487119669406,0.7874032640074041,0.9942655056566451,3.2005086294553227,1.0481456312974065,10.27879735516271,0
Yuksel_Atmaca_2020_DrivingBehaviorDataset,,Sudden Acceleration,ACCELERATION,harsh,48,4.005328363037108,-1.417709411621093,-9.55269360961914,0.1848232554035682,0.06183628808397482,0.11091019267336585,-4.5826800802331045,-4.77032347138886,2.6826212190650853,-6.673504868675019,-9.171644737188775,-7.563685885306553,56.07459708251953,-19.84793176269531,-133.73771053466797,1.656787548828125,-2.7054478759765623,-11.044452258300781,5.966350537109375,-0.46208092041015625,-7.630320690917968,0.1848232554035682,0.06183628808397482,0.11091019267336585,3.9899370666503904,-1.3108254089355469,-9.6151138671875,1.3462900792932435,0.7787212816783131,1.0429081651709657,3.2968821554829106,1.0661107914652788,10.454975393122975,0
Yuksel_Atmaca_2020_DrivingBehaviorDataset,,Sudden Acceleration,ACCELERATION,harsh,49,3.8231980224609368,-1.3783760986328115,-9.744400756835937,0.23791838154471734,0.06485454072952201,0.15017833147094886,-3.8480804471101733,-5.672715951013306,0.5993774571397368,-11.199865466506708,-9.952570489888835,-5.613902634739865,53.524772314453124,-19.297265380859375,-136.42161059570313,1.3120225097656248,-2.7054478759765623,-11.923124267578125,5.966350537109375,-0.46208092041015625,-7.630320690917968,0.23791838154471734,0.06485454072952201,0.1501783314709479,3.9276878234863277,-1.236605157470703,-10.00417163696289,1.5274757924024553,0.7974997064859478,1.213567605994643,3.5796589354355572,1.0766103214408347,10.557940608757761,0
Yuksel_Atmaca_2020_DrivingBehaviorDataset,,Sudden Acceleration,ACCELERATION,harsh,50,3.614389434814452,-1.454306494140624,-9.925505010986328,0.2541413594423572,0.0615576831120706,0.13110130019222282,-0.7259933947015933,-3.484841350016061,3.11211246401723,-14.208879652063246,-10.346618350361457,-0.3325524891570965,50.60145208740234,-20.360290917968747,-138.9570701538086,1.3120225097656248,-2.7054478759765623,-11.923124267578125,5.966350537109375,-0.46208092041015625,-7.630320690917968,0.2541413594423572,0.0615576831120706,0.13110130019222282,3.725377783203125,-1.4101847778320311,-10.083180291748047,1.5786941953954845,0.7769650269420055,1.1338714942752826,3.516382636622236,1.087299007293073,10.662760809870614,0
Yuksel_Atmaca_2020_DrivingBehaviorDataset,,Sudden Acceleration,ACCELERATION,harsh,51,3.380954772949218,-1.316126855468749,-9.914047045898437,0.2711290268613737,0.051281402892332816,0.13105761842177227,2.120103684475526,-5.855512003564733,2.767418038652195,-14.471789603156479,-5.633146418761868,-0.46982225586487536,47.33336682128906,-18.425775976562498,-138.7966586425781,1.3120225097656248,-2.7054478759765623,-11.923124267578125,5.966350537109375,-0.46208092041015625,-7.630320690917968,0.2711290268613737,0.051281402892332816,0.13105761842177424,3.4680011047363277,-1.236605157470703,-10.070012182617187,1.630603407107349,0.7091535585993308,1.1336825806617545,3.7188560364438055,1.0765198388373696,10.557053277534488,0
Yuksel_Atmaca_2020_DrivingBehaviorDataset,,Sudden Acceleration,ACCELERATION,harsh,52,3.233882385253906,-1.3279268493652336,-9.833670275878907,0.2904963567614549,0.04926679681298782,0.12032521842855388,3.9989263681698293,-6.411486125319157,1.592903207357071,-15.032202734641821,-5.158103750296251,3.8983411584318586,45.274353393554684,-18.59097589111328,-137.67138386230468,1.3120225097656248,-2.7054478759765623,-11.923124267578125,5.966350537109375,-0.4908113403320312,-7.630320690917968,0.2904963567614549,0.04926679681298782,0.12032521842855586,2.89219560546875,-1.236605157470703,-9.955090502929687,1.6878376986649888,0.6950843351465285,1.0862722049755316,3.7707685918401714,1.0642362242557066,10.436592168597224,0
Yuksel_Atmaca_2020_DrivingBehaviorDataset,,Sudden Acceleration,ACCELERATION,harsh,53,3.014812933349609,-1.20171821899414,-10.023838293457029,0.2705057755790076,0.04211826110837528,0.07992594305964917,7.452366749074793,-9.705820663571977,-3.251883516035099,-9.359878971890533,5.648644256264473,2.417742406076256,42.20738106689453,-16.824055065917968,-140.33373610839843,1.3120225097656248,-2.7054478759765623,-11.923124267578125,5.966350537109375,-0.4908113403320312,-8.650250598144531,0.2705057755790076,0.04211826110837528,0.07992594305964526,2.2840683837890623,-1.0223241088867188,-10.070012182617187,1.6287281737852626,0.6426811381225142,0.8853280462663985,3.818385040719379,1.0743887865461124,10.536154793582432,0
Yuksel_Atmaca_2020_DrivingBehaviorDataset,,Sudden Acceleration,ACCELERATION,harsh,54,3.0327694458007812,-1.2795297729492179,-9.983307879638673,0.2753169527714067,0.05031471930650526,0.08051736680395329,7.109506229933395,-6.666414694162725,-4.709489897322892,-10.465054735765426,-6.194806067390377,2.8412425081468897,42.45877224121094,-17.91341682128906,-139.7663103149414,1.3120225097656248,-2.7054478759765623,-11.923124267578125,5.966350537109375,-0.4908113403320312,-8.650250598144531,0.2753169527714067,0.05031471930650526,0.08051736680395231,2.2840683837890623,-1.083376251220703,-9.955090502929687,1.6431485005609556,0.7024377852074468,0.8885975664877703,3.7950004051044424,1.0719217018500264,10.511960957447563,0
Yuksel_Atmaca_2020_DrivingBehaviorDataset,,Sudden Acceleration,ACCELERATION,harsh,55,3.2379867309570303,-1.2962891845703117,-9.850087658691406,0.27342078945453313,0.05161082915205168,0.07809804676083518,4.052501270004829,-5.8396264673385305,-8.066786975832686,-14.091042559877755,-8.330168211059085,9.696213662197554,45.33181423339843,-18.148048583984373,-137.90122722167968,1.3120225097656248,-2.7054478759765623,-11.923124267578125,5.966350537109375,-0.4908113403320312,-8.650250598144531,0.27342078945453313,0.05161082915205168,0.0780980467608332,2.89219560546875,-1.083376251220703,-9.888052856445311,1.6374803769524384,0.7114276756663126,0.875145822287425,3.7050206555527367,1.065538308534243,10.449361253387332,0
Yuksel_Atmaca_2020_DrivingBehaviorDataset,,Sudden Acceleration,ACCELERATION,harsh,56,3.4303779357910154,-1.3481065490722652,-9.75295147705078,0.2637990613431881,0.05058222799748153,0.08856178507759169,1.2123618626010038,-3.7517182176675696,-8.299107251559102,-14.93892478181228,-9.261535627975213,6.3772447436433035,48.02529110107422,-18.873491687011718,-136.54132067871092,1.3120225097656248,-2.7054478759765623,-11.923124267578125,5.966350537109375,-0.4908113403320312,-8.63109698486328,0.2637990613431881,0.05058222799748153,0.08856178507758973,3.4680011047363277,-1.446097802734375,-9.75517466430664,1.608410726438113,0.7043026382113766,0.9319304854071191,3.6032183465764276,1.0631730954609095,10.426166436601727,0
Yuksel_Atmaca_2020_DrivingBehaviorDataset,,Sudden Acceleration,ACCELERATION,harsh,57,3.5276851318359363,-1.4466108459472646,-9.736363079833984,0.25875351656629403,0.06334294464118136,0.08751161442295664,-0.6826068395497564,-2.5794850475505213,-8.999712625911965,-14.261039104586795,-13.08698404969368,8.250744954329129,49.38759184570312,-20.252551843261717,-136.30908311767578,1.3120225097656248,-2.7054478759765623,-11.923124267578125,5.966350537109375,-0.4908113403320312,-8.63109698486328,0.25875351656629403,0.06334294464118136,0.08751161442295763,3.8187516479492185,-1.6472107421875,-9.75517466430664,1.592954855993996,0.788151056629024,0.9263885651177403,3.5090859378582637,1.0662448966594635,10.456290515825527,0
Yuksel_Atmaca_2020_DrivingBehaviorDataset,,Sudden Acceleration,ACCELERATION,harsh,58,3.5317894775390615,-1.4811557556152337,-9.89198618774414,0.2604535888474715,0.07459754749800128,0.08496309898392512,-0.6315930633104471,-5.266698740181981,-6.48679017739286,-14.272747185943023,-6.2161731006897245,2.337310690693351,49.44505268554687,-20.73618057861328,-138.48780662841796,1.3120225097656248,-3.189076611328125,-11.923124267578125,5.966350537109375,-0.4908113403320312,-8.63109698486328,0.2604535888474715,0.07459754749800128,0.08496309898392415,3.8187516479492185,-1.6472107421875,-9.886855755615233,1.5981793350782199,0.8553081545099843,0.912799745097854,3.601333517116524,1.081662501017918,10.607485565607366,0
Yuksel_Atmaca_2020_DrivingBehaviorDataset,,Sudden Acceleration,ACCELERATION,harsh,59,3.318363500976562,-1.4247210021972652,-10.146797650146484,0.21136176641400042,0.07408882075444971,0.127189217227582,-0.04126910882402914,-7.421313695594162,-7.993572097709983,-14.029321819204446,-3.527750439238971,3.7539624032420886,46.45708901367187,-19.946094030761717,-142.05516710205077,1.3120225097656248,-3.189076611328125,-12.55758770751953,5.444414575195312,-0.4908113403320312,-8.63109698486328,0.21136176641400042,0.07408882075444971,0.127189217227582,3.4680011047363277,-1.3467384338378905,-9.917980377197265,1.4397051318252136,0.8523867279889025,1.1168259206899138,3.666735958095015,1.098262617717984,10.770277100044066,0
Yuksel_Atmaca_2020_DrivingBehaviorDataset,,Sudden Acceleration,ACCELERATION,harsh,60,3.2222534057617183,-1.450202148437499,-10.211612109374999,0.2265702937254532,0.06978916444870076,0.11631336849698812,1.3837971726513831,-8.027306061725,-8.242352701213484,-15.949832710646659,-2.2938277588086105,6.973550840571804,45.11154768066406,-20.302830078124998,-142.96256953124998,1.3120225097656248,-3.189076611328125,-12.55758770751953,5.444414575195312,-0.6272808349609375,-8.63109698486328,0.2265702937254532,0.06978916444870076,0.11631336849698616,3.345896820068359,-1.3467384338378905,-9.917980377197265,1.4906024188101676,0.8272834517508839,1.0680095950743944,3.6695076192482876,1.1018741474357843,10.805694107951133,0
Yuksel_Atmaca_2020_DrivingBehaviorDataset,,Sudden Acceleration,ACCELERATION,harsh,61,3.0980969482421874,-1.4642253295898433,-10.266507733154295,0.23518346143273186,0.06753536366178442,0.10796788933357583,3.6042123284847243,-8.349221197891142,-8.297879531623584,-15.998063418379157,-1.539015783111525,10.170366102264106,43.373357275390624,-20.49915461425781,-143.73110826416016,1.3120225097656248,-3.189076611328125,-12.55758770751953,5.444414575195312,-0.6272808349609375,-8.63109698486328,0.23518346143273186,0.06753536366178343,0.10796788933357289,2.492363928222656,-1.3467384338378905,-9.925162982177733,1.5186710941014523,0.8138155036946875,1.0289816820201851,3.705315883916315,1.103667181326652,10.823277763757012,0
Yuksel_Atmaca_2020_DrivingBehaviorDataset,,Sudden Acceleration,ACCELERATION,harsh,62,2.9110071899414054,-1.3857297180175778,-10.191261395263671,0.19100402519336013,0.07226886367602953,0.10952515842077958,5.506290423477318,-9.784536553389712,-10.34378888181324,-11.887727245241477,-0.6357156096133654,12.592625023709692,40.754100659179684,-19.400216052246094,-142.6776595336914,1.3120225097656248,-3.189076611328125,-12.55758770751953,5.444414575195312,-0.6009446166992187,-8.63109698486328,0.1910040251933611,0.07226886367602953,0.10952515842077762,2.3882161560058592,-0.9732429748535155,-9.917980377197265,1.3686159518515322,0.8418523932189879,1.036375846315961,3.907648041129888,1.0899808492028977,10.689060694835598,0
Yuksel_Atmaca_2020_DrivingBehaviorDataset,,Sudden Acceleration,ACCELERATION,harsh,63,3.1557288024902337,-1.471920977783203,-9.940896307373047,0.19055822447939438,0.07128147131468165,0.10377947525141153,2.8202229776890197,-7.09856328613227,-10.68894023349632,-15.954563312332196,-4.63012058342326,27.984660723490475,44.18020323486328,-20.606893688964842,-139.17254830322264,1.5322890624999999,-3.189076611328125,-12.55758770751953,5.444414575195312,-0.6009446166992187,-8.418013037109375,0.19055822447939538,0.07128147131468165,0.10377947525141251,2.874239093017578,-1.3467384338378905,-9.892841259765625,1.3670178536108688,0.8360815992880901,1.008825550317928,3.877341862616485,1.0740792177131053,10.533118960386224,0
Yuksel_Atmaca_2020_DrivingBehaviorDataset,,Sudden Acceleration,ACCELERATION,harsh,64,3.308786694335937,-1.4486630187988276,-9.760989154052734,0.18190330199690952,0.07063240793106619,0.12303110835724204,0.058310965395622305,-8.123031009650715,-9.632486986744558,-15.798519472919768,-2.870074888138005,24.328573112582113,46.32301372070312,-20.28128226318359,-136.65384815673826,1.5322890624999999,-3.189076611328125,-12.55758770751953,5.444414575195312,-0.6009446166992187,-8.104372619628906,0.18190330199690952,0.07063240793106619,0.12303110835724106,3.451241693115234,-1.2617442749023438,-9.86291373901367,1.3356129740789413,0.83226636555684,1.0984184169848665,3.9256731127052875,1.0613066201164825,10.407862566165301,0
Yuksel_Atmaca_2020_DrivingBehaviorDataset,,Sudden Acceleration,ACCELERATION,harsh,65,3.4719344360351556,-1.4178804260253897,-9.924307910156248,0.15624601554503734,0.07666428843358315,0.1645509025537058,-1.8166031642515676,-6.937831693306944,-7.59356277949039,-13.409442852262732,-4.014355675255277,4.960203222403678,48.607082104492186,-19.850325964355466,-138.94031074218748,1.678335363769531,-3.189076611328125,-12.55758770751953,5.444414575195312,-0.32561142578124996,-8.104372619628906,0.15624601554503734,0.07666428843358315,0.16455090255370483,3.870226983642578,-1.2617442749023438,-9.892841259765625,1.237840857438769,0.867075454713836,1.2703122090762922,3.736572803708479,1.0818444203630853,10.60926958495365,0
Yuksel_Atmaca_2020_DrivingBehaviorDataset,,Sudden Acceleration,ACCELERATION,harsh,66,3.697844464111328,-1.5100571899414053,-10.077878845214844,0.14011140322582033,0.07278839122790486,0.1980464862332862,-4.2871072147948945,-4.641993957444595,-5.160674023647001,-10.83940426090808,-4.987266217029999,-5.74688285227319,51.76982249755859,-21.140800659179686,-141.0903038330078,1.8770541015625,-3.189076611328125,-12.55758770751953,5.444414575195312,-0.32561142578124996,-8.104372619628906,0.14011140322582033,0.07278839122790486,0.19804648623328913,3.985148663330078,-1.5095441467285156,-9.892841259765625,1.172187481781176,0.8448729353193531,1.3936185181819616,3.5047595928304256,1.1054305480366462,10.840570483903575,0
Yuksel_Atmaca_2020_DrivingBehaviorDataset,,Sudden Acceleration,ACCELERATION,harsh,67,3.821829907226562,-1.6401991516113277,-9.954919488525391,0.11599561982842596,0.07207716618948165,0.21382974951026457,-6.189906068069874,-1.6045112625292606,-6.527873363685732,-3.460759969208796,-7.361562538923902,-6.5317452765629085,53.50561870117187,-22.962788122558592,-139.36887283935545,1.8770541015625,-3.189076611328125,-12.55758770751953,5.444414575195312,-0.32561142578124996,-8.104372619628906,0.11599561982842496,0.07207716618948165,0.21382974951026457,3.985148663330078,-1.675941162109375,-9.76116016845703,1.0665497856126689,0.8407351198874048,1.4480861552528015,3.5993132925152804,1.1001460105534238,10.788746874393732,0
Yuksel_Atmaca_2020_DrivingBehaviorDataset,,Sudden Acceleration,ACCELERATION,harsh,68,3.5989981384277345,-1.6046281555175772,-9.988267297363281,0.16008239650164538,0.069002915062239,0.21320911251810692,-5.331082297229545,-2.8158632769544196,-5.773964294171096,-6.588241368643125,-4.510537567792235,-7.128410002017585,50.385973937988275,-22.46479417724609,-139.83574216308594,1.2497732666015624,-3.189076611328125,-12.55758770751953,5.444414575195312,-0.32561142578124996,-8.104372619628906,0.16008239650164638,0.069002915062239,0.2132091125181079,3.870226983642578,-1.675941162109375,-9.892841259765625,1.252945343441952,0.8226101366960606,1.4459831061515587,3.8250152650117104,1.0949164682135506,10.737462583006415,0
Yuksel_Atmaca_2020_DrivingBehaviorDataset,,Sudden Acceleration,ACCELERATION,harsh,69,3.401305487060546,-1.5365644226074215,-10.059751318359373,0.1754603066947595,0.07333359277970468,0.20603761987686528,-2.161887268916891,-4.586853076683751,-4.590244952327396,-11.398848062554222,-5.956524884045765,-6.673416020486811,47.618276818847654,-21.511901916503906,-140.83651845703125,1.2497732666015624,-3.189076611328125,-12.55758770751953,5.444414575195312,-0.32561142578124996,-8.104372619628906,0.1754603066947595,0.07333359277970468,0.20603761987686137,3.7792473205566406,-1.5095441467285156,-9.923965881347655,1.3117460945808699,0.8480311772765757,1.4214565856773191,3.6876922399457777,1.0941346165122035,10.729795237019399,0
Yuksel_Atmaca_2020_DrivingBehaviorDataset,,Sudden Acceleration,ACCELERATION,harsh,70,3.184801251220703,-1.4867992309570313,-10.144403448486328,0.19235843627991495,0.0762355030875935,0.18970590163778744,0.5466697637185797,-5.950244940370418,-4.068757121820663,-12.915949631775229,-6.409542659993661,-4.288881901114878,44.58721751708984,-20.815189233398435,-142.02164827880858,1.2497732666015624,-3.189076611328125,-12.55758770751953,5.444414575195312,-0.32561142578124996,-8.104372619628906,0.19235843627991495,0.0762355030875935,0.18970590163778744,3.3602620300292965,-1.2617442749023438,-9.923965881347655,1.3734598134435658,0.8646472670135217,1.3639572501717985,3.7184753490714826,1.094770917900342,10.736035222027388,0
Yuksel_Atmaca_2020_DrivingBehaviorDataset,,Sudden Acceleration,ACCELERATION,harsh,71,3.190273712158203,-1.4325876647949214,-10.142864318847655,0.19328976592639235,0.06626325454196004,0.18978622843439572,0.45319972455619856,-6.9586300083374395,-4.103623210519997,-13.11694496920468,0.2354988623400782,-4.291590955401668,44.663831970214844,-20.056227307128903,-142.00010046386717,1.2497732666015624,-3.189076611328125,-12.55758770751953,5.444414575195312,-0.32561142578124996,-8.104372619628906,0.19328976592639235,0.06626325454196103,0.1897862284343967,3.3602620300292965,-1.2617442749023438,-9.913191973876952,1.3767806953258983,0.8061144739761976,1.364245988477219,3.7412956971490496,1.0940364615435607,10.728832665596158,0
Yuksel_Atmaca_2020_DrivingBehaviorDataset,,Sudden Acceleration,ACCELERATION,harsh,72,3.1565838745117176,-1.3929123229980467,-10.064710736083985,0.17823095008685017,0.05320454735423464,0.18672895092356487,-0.8185975309175798,-2.9499726565385767,-6.050659227339916,-15.14456765469973,-11.064406341886604,-1.6654834408665962,44.19217424316406,-19.500772521972657,-140.90595030517576,1.2497732666015624,-2.6336218261718747,-12.55758770751953,4.972756848144531,-0.32561142578124996,-8.104372619628906,0.17823095008685017,0.05320454735423464,0.18672895092356587,3.3602620300292965,-1.2617442749023438,-9.882067352294921,1.3220622325250853,0.7223284393621845,1.3532130159640765,3.3748662729681906,1.0849446443129562,10.639672396151653,0
Yuksel_Atmaca_2020_DrivingBehaviorDataset,,Sudden Acceleration,ACCELERATION,harsh,73,3.263125848388671,-1.381112329101562,-9.780826824951173,0.19026614338744116,0.05416520265661748,0.1463492795195698,-2.6408681907329754,-3.2652749534748726,-7.4235743203145015,-16.324860502210715,-11.578509699975974,5.533026081928692,45.683761877441405,-19.335572607421874,-136.9315755493164,1.2497732666015624,-2.6336218261718747,-12.143390820312499,4.972756848144531,-0.32561142578124996,-8.104372619628906,0.19026614338744116,0.05416520265661748,0.14634927951957177,3.7792473205566406,-1.1791443176269532,-9.842563024902343,1.3659697928762748,0.7288204062953487,1.1979967287103113,3.3472492125651194,1.0607991409053286,10.40288589515924,0
Yuksel_Atmaca_2020_DrivingBehaviorDataset,,Sudden Acceleration,ACCELERATION,harsh,74,3.508702532958984,-1.4071065185546865,-9.814687677001952,0.2016022966828475,0.05208363670431567,0.1486410934992673,-4.9030973783666925,-2.568431448815748,-6.378134514276304,-12.54705643117718,-10.454043544812803,3.2181694259988536,49.121835461425775,-19.699491259765622,-137.40562747802733,1.2497732666015624,-2.6336218261718747,-12.143390820312499,5.315127685546875,-0.32561142578124996,-8.104372619628906,0.2016022966828475,0.05208363670431567,0.14864109349927024,3.9085342102050777,-1.3180080139160155,-9.855731134033203,1.4060736690390205,0.7146789460214881,1.2073405400153778,3.4684232094555276,1.0724924904755617,10.517558481722165,0
Yuksel_Atmaca_2020_DrivingBehaviorDataset,,Sudden Acceleration,ACCELERATION,harsh,75,3.6080619018554687,-1.4647383728027341,-9.812293475341797,0.18223162344602356,0.04943950697309665,0.148588036896974,-6.934050787125609,-0.47629458910564426,-6.44912275151608,-6.707374872910049,-8.901681079134047,3.3166964934145833,50.51286662597656,-20.50633721923828,-137.37210865478514,1.2497732666015624,-2.6336218261718747,-12.143390820312499,5.315127685546875,-0.32561142578124996,-8.104372619628906,0.18223162344602356,0.04943950697309665,0.14858803689697594,3.9085342102050777,-1.5275006591796874,-9.855731134033203,1.3368177699548107,0.6963016164405483,1.2071250440761017,3.515939226786686,1.0764874732697995,10.55673587974128,0
Yuksel_Atmaca_2020_DrivingBehaviorDataset,,Sudden Acceleration,ACCELERATION,harsh,76,3.4957054382324215,-1.4454137451171865,-9.943119494628906,0.220932230028624,0.053638824636660844,0.1671500594276638,-6.274000347829643,0.5440263725188251,-3.695213391926003,-11.249660552045714,-8.608382487538854,-5.188491286562081,48.939876135253904,-20.235792431640625,-139.2036729248047,1.197100830078125,-2.6336218261718747,-12.143390820312499,5.315127685546875,-0.32561142578124996,-8.104372619628906,0.220932230028624,0.053638824636660844,0.16715005942766478,3.9085342102050777,-1.5275006591796874,-9.896432562255859,1.4719392153245356,0.7252704182738409,1.280305483189972,3.3965593613445457,1.0848112925807791,10.638364662387298,0
Yuksel_Atmaca_2020_DrivingBehaviorDataset,,Sudden Acceleration,ACCELERATION,harsh,77,3.2299490539550777,-1.3393848144531242,-10.171252709960937,0.24924071507258969,0.057238965611732764,0.16503358916823516,-3.2879068187024445,-2.2859512049974953,-1.043126796872994,-15.579256684205806,-9.476843010537092,-7.323712317413331,45.219286755371094,-18.75138740234375,-142.39753793945312,1.0175357055664063,-2.6336218261718747,-12.143390820312499,5.315127685546875,-0.32561142578124996,-8.104372619628906,0.24924071507259066,0.057238965611732764,0.16503358916823613,3.7792473205566406,-1.3180080139160155,-9.982623822021484,1.5633990080803488,0.7492145901651281,1.2721739846485975,3.292691235819417,1.0967563607408395,10.755505765059151,0
Yuksel_Atmaca_2020_DrivingBehaviorDataset,,Sudden Acceleration,ACCELERATION,harsh,78,3.058934649658202,-1.2889355651855463,-10.287542504882813,0.26033378434169707,0.05992874586020506,0.13154960599999946,-0.3562733618921273,-3.926745409830075,-3.1909890343468947,-17.644192529567718,-10.429738296725409,-5.809943152938213,42.82508509521484,-18.045097912597654,-144.02559506835937,1.0175357055664063,-2.6336218261718747,-12.143390820312499,5.315127685546875,-0.32561142578124996,-8.571241943359375,0.26033378434169707,0.05992874586020506,0.1315496060000014,3.554192364501953,-1.0726023437499999,-9.982623822021484,1.5978117242699488,0.7666160940066298,1.135808497802299,3.216016344106656,1.102293731987455,10.809808826794777,0
Yuksel_Atmaca_2020_DrivingBehaviorDataset,,Sudden Acceleration,ACCELERATION,harsh,79,2.8908274902343742,-1.3204022155761719,-10.133287512207032,0.27271261870356694,0.054684698091905286,0.10264417637036093,2.3037470535140927,-4.712262870387661,-4.357105885153276,-18.086261409462903,-9.514783192294383,2.0501702460496944,40.47158486328125,-18.485631018066407,-141.86602517089844,1.0175357055664063,-2.6336218261718747,-12.069170568847655,5.315127685546875,-0.33039982910156246,-8.571241943359375,0.27271261870356694,0.054684698091905286,0.10264417637036387,2.5641899780273434,-1.0726023437499999,-9.94072529296875,1.6353584323350452,0.7323071039823305,1.0032923363618553,3.3688900830442066,1.0829360323742863,10.619974641883294,0
Yuksel_Atmaca_2020_DrivingBehaviorDataset,,Sudden Acceleration,ACCELERATION,harsh,80,2.93050283203125,-1.319034100341796,-9.894038360595703,0.29195420574087305,0.054507877008616396,0.0826363550038298,2.7852763652566623,-4.754730256632221,-3.225000301870359,-17.33649861319567,-9.349000506817521,3.221381346317786,41.027039648437494,-18.466477404785156,-138.51653704833984,1.0175357055664063,-2.6336218261718747,-11.611878051757811,5.396530541992187,-0.33039982910156246,-8.571241943359375,0.29195420574087305,0.054507877008616396,0.08263635500382882,2.5641899780273434,-1.0726023437499999,-9.896432562255859,1.6920675848584588,0.7311222005017716,0.9002143138154941,3.2803058942315446,1.0607974644245421,10.402869454498935,0
Yuksel_Atmaca_2020_DrivingBehaviorDataset,,Sudden Acceleration,ACCELERATION,harsh,81,3.076549133300781,-1.301932659912109,-9.884632568359374,0.3484385343230682,0.05063525890650579,0.0854952933178508,2.5906972454385278,-4.246302447290916,-2.543253763206286,-18.298325510559394,-9.396096563986807,3.078527042213695,43.07168786621094,-18.22705723876953,-138.38485595703125,1.0175357055664063,-2.6336218261718747,-11.611878051757811,5.786785412597656,-0.33039982910156246,-8.43956085205078,0.3484385343230682,0.05063525890650579,0.08549529331784982,2.5641899780273434,-1.0726023437499999,-9.896432562255859,1.8485169062303228,0.7046717404263438,0.915654093102571,3.4788149828743262,1.0639610887473299,10.433894010964,0
Yuksel_Atmaca_2020_DrivingBehaviorDataset,,Sudden Acceleration,ACCELERATION,harsh,82,3.3407663879394525,-1.3087732360839837,-9.810754345703124,0.34209212002238365,0.05140066141612235,0.08946336191755304,-0.512001238729352,-4.007481294757155,-4.529643266815441,-19.00261040724626,-10.204851058046948,1.5395014404341254,46.77072943115234,-18.32282530517578,-137.35056083984375,1.0175357055664063,-2.6336218261718747,-11.611878051757811,5.786785412597656,-0.33039982910156246,-8.43956085205078,0.34209212002238365,0.05140066141612235,0.0894633619175501,3.6834792541503902,-1.0726023437499999,-9.855731134033203,1.8316052218798433,0.7099776730830467,0.9366620938997954,3.3139522416836233,1.0652228510193678,10.446267671949082,0
Yuksel_Atmaca_2020_DrivingBehaviorDataset,,Sudden Acceleration,ACCELERATION,harsh,83,3.5122938354492184,-1.4153152099609367,-9.807676086425781,0.32462304422901134,0.05580456174107697,0.08930322861304361,-3.168655973338373,-0.933252243254348,-4.647024940797342,-16.82601866575516,-13.502429068855065,1.7590507979776842,49.17211369628906,-19.814412939453124,-137.30746520996092,1.0175357055664063,-2.6336218261718747,-11.611878051757811,5.786785412597656,-0.33039982910156246,-8.43956085205078,0.32462304422901134,0.05580456174107697,0.08930322861304654,4.082113830566406,-1.4209586853027343,-9.855731134033203,1.7842266046353084,0.7397673995237506,0.9358234378760409,3.3110774484188212,1.0720599845759131,10.513317047741378,0
Yuksel_Atmaca_2020_DrivingBehaviorDataset,,Sudden Acceleration,ACCELERATION,harsh,84,3.659879266357421,-1.4917586486816403,-9.789377545166014,0.28796782105140944,0.05545857938058014,0.08974687751565921,-5.121893499335198,1.954948914354043,-5.265991684425567,-12.324303760607592,-13.014701053252443,1.9006916862959278,51.2383097290039,-20.884621081542967,-137.0512856323242,1.0175357055664063,-2.6336218261718747,-11.611878051757811,5.786785412597656,-0.33039982910156246,-8.43956085205078,0.28796782105140845,0.05545857938058014,0.08974687751565921,4.082113830566406,-1.7465701110839842,-9.815029705810547,1.6804760136085852,0.7374705943172066,0.9381450934631305,3.4135380322471187,1.076522731382621,10.557081643713378,0
Yuksel_Atmaca_2020_DrivingBehaviorDataset,,Sudden Acceleration,ACCELERATION,harsh,85,3.522896728515624,-1.460634027099609,-9.650171820068358,0.30450152693161586,0.05392947011716025,0.11417480523712241,-2.6590419233377487,0.7456235176455218,-3.562227958224617,-15.90981321298517,-12.083827971496028,-1.2431753658198177,49.32055419921875,-20.44887637939453,-135.10240548095703,1.0175357055664063,-2.6336218261718747,-11.611878051757811,5.786785412597656,-0.33039982910156246,-7.9463553100585935,0.3045015269316149,0.05392947011716025,0.1141748052371234,3.825934252929687,-1.5562310791015623,-9.733626849365233,1.7280451090998548,0.7272327262468703,1.0581457148137194,3.391316200464767,1.0581002589376896,10.376418904311292,0
Yuksel_Atmaca_2020_DrivingBehaviorDataset,,Sudden Acceleration,ACCELERATION,harsh,86,3.1926679138183593,-1.2617442749023438,-9.777406536865232,0.3550268828762263,0.05916242802784956,0.1396513780753208,-0.711316857254734,3.0151029863583774,-2.452970739906978,-15.694521805245264,-9.870957416024407,-8.1272257837968,44.697350793457026,-17.66441984863281,-136.88369151611326,0.3495534423828125,-2.2960393920898436,-11.611878051757811,5.786785412597656,0.15083470458984374,-7.9463553100585935,0.3550268828762263,0.05916242802784956,0.1396513780753198,3.427299676513672,-1.3467384338378905,-9.815029705810547,1.8659111396200374,0.7616989069306285,1.1702615890485069,3.6666012886516164,1.0566878108406996,10.362567520180946,0
Yuksel_Atmaca_2020_DrivingBehaviorDataset,,Sudden Acceleration,ACCELERATION,harsh,87,2.992410046386718,-1.2446428344726557,-9.871806488037107,0.3560987258039985,0.06081193595390959,0.12761382420556125,2.2246664337455644,2.4147282402621397,-0.9762355763678813,-15.331302700221467,-11.38523051711458,-4.966618627025755,41.89374064941406,-17.424999682617187,-138.20529083251952,0.3495534423828125,-2.2960393920898436,-11.611878051757811,5.786785412597656,0.15083470458984374,-7.9463553100585935,0.3560987258039985,0.060811935953910566,0.1276138242055583,2.7246014892578123,-1.3467384338378905,-9.90122096557617,1.8687256538630233,0.7722443730597306,1.1186885666464306,3.6692306398062913,1.0595053480759808,10.390198121709316,0
Yuksel_Atmaca_2020_DrivingBehaviorDataset,,Sudden Acceleration,ACCELERATION,harsh,88,2.7261406188964834,-1.213347198486328,-9.82956593017578,0.321479899810254,0.06243819468239162,0.12579007415817503,5.376028645109587,1.1397240201756864,-2.235298863141505,-11.021989501578801,-12.976894687449127,-3.721981424107033,38.16596866455078,-16.98686077880859,-137.61392302246094,0.3495534423828125,-2.2960393920898436,-11.611878051757811,5.786785412597656,0.15083470458984374,-7.9463553100585935,0.321479899810254,0.06243819468239162,0.12579007415817306,1.8746598999023436,-1.1276689819335937,-9.82460651245117,1.775567756936984,0.7825020906566816,1.110666120282441,3.843828957902885,1.0475042948779483,10.272507993364833,0
Yuksel_Atmaca_2020_DrivingBehaviorDataset,,Sudden Acceleration,ACCELERATION,harsh,89,2.748885534667968,-1.2331848693847653,-9.876423876953124,0.32541609269701444,0.06481731439312972,0.12962509015982082,4.9372152727294445,1.4752278915609354,-0.9423845989241979,-11.941028868994342,-14.011402151881208,-5.8720341142830295,38.48439748535156,-17.264588171386716,-138.26993427734374,0.3495534423828125,-2.2960393920898436,-11.611878051757811,5.786785412597656,0.15083470458984374,-7.9463553100585935,0.3254160926970154,0.06481731439312972,0.12962509015981885,1.8746598999023436,-1.1276689819335937,-9.828197814941406,1.78640469251712,0.7972707922615712,1.1274696849209713,3.85610042949926,1.052932244745842,10.325737997936812,0
Yuksel_Atmaca_2020_DrivingBehaviorDataset,,Sudden Acceleration,ACCELERATION,harsh,90,3.087665069580077,-1.3407529296874998,-9.753122491455077,0.37380135342054566,0.060007376901002024,0.10899998798450389,2.4122094827025062,4.640735840604986,-2.291808720859594,-14.70176445513327,-10.20817011197228,1.1858392905715214,43.22731097412109,-18.770541015625,-136.54371488037108,0.3495534423828125,-2.2960393920898436,-11.611878051757811,5.9400143188476555,0.15083470458984374,-7.9463553100585935,0.37380135342054566,0.060007376901003016,0.10899998798450586,2.7856536315917966,-1.659181750488281,-9.74200655517578,1.9146119822359828,0.7671188582522406,1.0338881623116958,3.7169479608252165,1.0521114063570671,10.31768832315153,0
Yuksel_Atmaca_2020_DrivingBehaviorDataset,,Sudden Acceleration,ACCELERATION,harsh,91,3.3570127563476553,-1.3763239257812494,-9.59151387939453,0.3549083694572624,0.05521095728048858,0.08030996751785154,-0.5159569286134358,5.677938020709382,-1.7793134844792327,-14.734465023267276,-5.980989341675945,9.503843676329671,46.998178588867184,-19.268534960937497,-134.28119431152342,0.3495534423828125,-2.2960393920898436,-11.516109985351562,5.9400143188476555,0.15083470458984374,-7.9463553100585935,0.3549083694572624,0.05521095728048858,0.08030996751785252,3.5865140869140624,-1.659181750488281,-9.72285294189453,1.8655996787462386,0.7358223523478399,0.8874523891223406,3.8834385766400077,1.0456986698563695,10.254800860746965,0
Yuksel_Atmaca_2020_DrivingBehaviorDataset,,Sudden Acceleration,ACCELERATION,harsh,92,3.43721851196289,-1.4134340515136714,-9.628795019531251,0.334057102273863,0.0518134237966849,0.0834480021875624,-1.3806524306586898,7.348123402081622,-0.6074197368240695,-12.56473749504523,-0.7265546722106097,6.072568639568445,48.12105916748047,-19.788076721191405,-134.8031302734375,0.3495534423828125,-2.2960393920898436,-11.516109985351562,5.9400143188476555,0.15083470458984374,-7.9463553100585935,0.334057102273863,0.0518134237966849,0.08344800218756337,3.5865140869140624,-1.659181750488281,-9.732429748535155,1.809967149429507,0.7128226374602373,0.9046244251912895,3.942406638518648,1.052463525394526,10.32114143131023,0
Yuksel_Atmaca_2020_DrivingBehaviorDataset,,Sudden Acceleration,ACCELERATION,harsh,93,3.5097286193847648,-1.5853035278320304,-9.515241455078122,0.3101203784858953,0.0695497288667235,0.09300178765837933,-1.8409038374457287,3.0534390521879877,-2.670901738169201,-10.146393371781471,6.453753264258242,1.2836611881563589,49.13620067138672,-22.194249389648437,-133.21338037109373,0.3495534423828125,-3.172317199707031,-11.516109985351562,5.9400143188476555,0.15083470458984374,-7.9463553100585935,0.31012037848589435,0.0695497288667235,0.09300178765837933,3.5865140869140624,-1.849520782470703,-9.636661682128906,1.743915711747188,0.8258630931279448,0.9550057491659649,4.123634075285398,1.0467435463481185,10.265047598794776,0
Yuksel_Atmaca_2020_DrivingBehaviorDataset,,Sudden Acceleration,ACCELERATION,harsh,94,3.2000215332031243,-1.4115528930664059,-9.628452990722655,0.3187110742170071,0.10069223296458898,0.09151775723695682,0.9025355987560311,4.249417501389444,0.35623222100801655,-10.773290617679404,1.2653274884698307,1.4308115647358315,44.80030146484375,-19.761740502929687,-134.79834187011718,0.3495534423828125,-3.172317199707031,-11.516109985351562,5.9400143188476555,0.5339069702148437,-7.9463553100585935,0.3187110742170071,0.10069223296458898,0.09151775723695682,3.1316157714843746,-1.659181750488281,-9.732429748535155,1.7679049623693621,0.9937069419110381,0.9473555900546574,3.9336028454579055,1.044598236109137,10.244009292139667,0
Yuksel_Atmaca_2020_DrivingBehaviorDataset,,Sudden Acceleration,ACCELERATION,harsh,95,2.81883042602539,-1.3026167175292964,-9.93200355834961,0.30958362038490805,0.09824747016097457,0.1437988242386609,2.241409622696709,1.417890036261132,-6.793109324869666,-9.392374904999713,0.9934493745084028,14.27282471794583,39.463625964355465,-18.236634045410156,-139.04804981689452,0.3495534423828125,-3.172317199707031,-12.689268798828124,5.9400143188476555,0.5339069702148437,-7.9463553100585935,0.30958362038490805,0.09824747016097457,0.14379882423866186,2.626439221191406,-1.35990654296875,-9.828197814941406,1.7424058685758788,0.981569433740744,1.1875119956110263,4.565093689314584,1.0611288127383092,10.406118871440139,0
Yuksel_Atmaca_2020_DrivingBehaviorDataset,,Sudden Acceleration,ACCELERATION,harsh,96,2.6064305358886712,-1.2292515380859366,-9.986386138916014,0.2746250747652008,0.09690686920697798,0.13791609316777828,5.1079902337071434,-0.8772645309145131,-5.9645264202216515,-3.024512941595934,1.832354268710578,16.7360371939746,36.49002750244141,-17.209521533203123,-139.80940594482422,0.3495534423828125,-3.172317199707031,-12.689268798828124,5.9400143188476555,0.5339069702148437,-7.9463553100585935,0.2746250747652008,0.09690686920697798,0.13791609316777728,2.280477081298828,-1.1156979736328125,-9.87608184814453,1.6410825663098607,0.9748496032253471,1.1629681229783493,4.711035945164473,1.059879353699003,10.393865863952326,0
Yuksel_Atmaca_2020_DrivingBehaviorDataset,,Sudden Acceleration,ACCELERATION,harsh,97,2.437810333251952,-1.1345095581054683,-9.922426751708985,0.2575502525631046,0.08752305756302885,0.14322041734720375,8.339217578350818,-3.1822264945157945,-7.157407432988662,4.463884761170297,9.447979683826388,14.943735063486569,34.12934466552734,-15.883133813476562,-138.91397452392576,0.3495534423828125,-3.172317199707031,-12.689268798828124,5.9400143188476555,0.5339069702148437,-7.9463553100585935,0.2575502525631046,0.08752305756302983,0.1432204173472067,2.029085906982422,-0.9816226806640624,-9.79946739501953,1.58924673487095,0.9264491310646723,1.1851213042461026,4.90647609334832,1.048298936349263,10.280300764149498,0
Yuksel_Atmaca_2020_DrivingBehaviorDataset,,Sudden Acceleration,ACCELERATION,harsh,98,2.5171610168457024,-1.1114226135253897,-9.932858630371092,0.284847912983596,0.08405750114722878,0.14254550332243782,7.223749668767571,-3.729315684865448,-6.925399681747285,-2.13633201483644,13.136949040879895,15.093276064426647,35.24025423583984,-15.559916589355467,-139.0600208251953,0.3495534423828125,-3.172317199707031,-12.689268798828124,5.9400143188476555,0.5339069702148437,-7.9463553100585935,0.284847912983596,0.08405750114722878,0.14254550332243587,2.029085906982422,-0.9816226806640624,-9.79946739501953,1.6713478949221154,0.9079220746437836,1.1823256151149615,4.853968298119776,1.0510155220059405,10.306941368879556,0
Yuksel_Atmaca_2020_DrivingBehaviorDataset,,Sudden Acceleration,ACCELERATION,harsh,99,2.7516217651367185,-1.1519530273437493,-10.014261486816405,0.3409664946574422,0.08970152568266938,0.11648949586199049,4.426664551636895,-2.7248034384165005,-11.96751868409343,-10.448395512899273,7.299245797522066,21.972275053766744,38.52270471191406,-16.1273423828125,-140.19966081542967,0.3495534423828125,-3.172317199707031,-12.689268798828124,5.9400143188476555,0.5339069702148437,-8.394071020507813,0.34096649465744316,0.08970152568266938,0.11648949586198853,2.2266075439453124,-0.9816226806640624,-9.79946739501953,1.8285893674722098,0.9379080268533528,1.0688179052556024,4.6263789927809285,1.0655124509212135,10.449107676826518,0
Yuksel_Atmaca_2020_DrivingBehaviorDataset,,Sudden Acceleration,ACCELERATION,harsh,100,2.9190448669433593,-1.2234370483398436,-9.946539782714844,0.2926556480667905,0.07654260189579082,0.10069861774215175,4.671625643235794,-3.5730246708444575,-14.347412655045634,-9.00540239781849,15.724785273581542,40.89598078464719,40.86662813720703,-17.12811867675781,-139.2515569580078,0.45010991210937495,-3.172317199707031,-12.689268798828124,5.9400143188476555,0.5339069702148437,-8.394071020507813,0.2926556480667905,0.07654260189579082,0.10069861774215272,2.5857377929687497,-0.9816226806640624,-9.79946739501953,1.6940990263600875,0.8663870421938202,0.9937384463132581,4.521830683424763,1.0643770027475516,10.437972733994275,0
Yuksel_Atmaca_2020_DrivingBehaviorDataset,,Sudden Acceleration,ACCELERATION,harsh,101,3.1201578063964845,-1.3210862731933593,-9.994765844726562,0.2950653170754122,0.07880741546050853,0.10357689345341527,1.570238659525179,-0.5447987800444609,-12.328358590647026,-11.293707097371083,12.045759399131851,33.3454201173588,43.68220928955078,-18.49520782470703,-139.92672182617187,0.45010991210937495,-3.172317199707031,-12.689268798828124,5.9400143188476555,0.5339069702148437,-8.394071020507813,0.2950653170754122,0.07880741546050853,0.1035768934534143,2.7341782958984373,-1.1156979736328125,-9.79946739501953,1.701059167606347,0.879111335853313,1.007840434882889,4.318904589541821,1.076155745459131,10.553482741206786,0
Yuksel_Atmaca_2020_DrivingBehaviorDataset,,Sudden Acceleration,ACCELERATION,harsh,102,3.1511114135742178,-1.2819239746093742,-9.948420941162109,0.2860125728487969,0.08570832906502854,0.1091184724985435,1.4366453067416838,-0.6314260447677217,-12.387222439267436,-10.393801891719232,6.637555113775578,29.814898826347864,44.11555979003906,-17.946935644531248,-139.27789317626952,0.45010991210937495,-3.172317199707031,-12.689268798828124,5.9400143188476555,0.5339069702148437,-8.394071020507813,0.2860125728487969,0.08570832906502854,0.10911847249854056,2.7341782958984373,-1.1156979736328125,-9.78031378173828,1.6747612359759387,0.9167941891316562,1.034449935148055,4.343249122420923,1.0721282463999235,10.51398646755781,0
Yuksel_Atmaca_2020_DrivingBehaviorDataset,,Sudden Acceleration,ACCELERATION,harsh,103,3.000447723388672,-1.1423762207031243,-9.944316595458984,0.3007626069709655,0.09431475228896423,0.1085969505065915,3.6455425593007096,-3.0078424011410596,-12.567157122270618,-11.140916847133123,3.4628682745155768,30.68903014506,42.0062681274414,-15.99326708984375,-139.22043233642577,0.45010991210937495,-3.172317199707031,-12.689268798828124,5.9400143188476555,0.5339069702148437,-8.394071020507813,0.3007626069709655,0.09431475228896423,0.10859695050659052,2.5857377929687497,-0.9816226806640624,-9.78031378173828,1.7174031616518652,0.9617233310753047,1.0319749438263806,4.505160901250782,1.0655773029683282,10.449743658154356,0
Yuksel_Atmaca_2020_DrivingBehaviorDataset,,Sudden Acceleration,ACCELERATION,harsh,104,2.636358056640624,-1.0732864013671872,-10.045899151611328,0.2549437056623969,0.09059868328021049,0.1181737314539455,4.833784167748606,-5.342788279682114,-9.022532514562451,-9.86352895817144,8.194581472692661,16.37627884800826,36.909012792968745,-15.026009619140623,-140.64258812255858,0.45010991210937495,-3.172317199707031,-12.689268798828124,5.365405920410156,0.5339069702148437,-8.394071020507813,0.2549437056623969,0.09059868328021049,0.1181737314539455,2.2493524597167966,-0.9193734375,-10.050858569335936,1.5811842685576367,0.9425866418477848,1.0765168013379274,4.3406261791302985,1.0647244518844252,10.4413800460724,0
Yuksel_Atmaca_2020_DrivingBehaviorDataset,,Sudden Acceleration,ACCELERATION,harsh,105,2.4036074523925772,-1.0734574157714838,-10.084206378173828,0.22226997581800523,0.09059573176583355,0.11440833136702827,8.30104499244839,-5.336868483530224,-8.47692504684243,-1.3266727839625816,8.192278028782688,17.97366889593524,33.650504333496094,-15.028403820800781,-141.1788892944336,0.45010991210937495,-3.172317199707031,-12.689268798828124,5.365405920410156,0.5339069702148437,-8.394071020507813,0.22226997581800523,0.09059573176583355,0.11440833136702926,1.9979612854003905,-0.9193734375,-10.070012182617187,1.4763887897012924,0.942571287978484,1.0592272951545774,4.468088268295342,1.0627618072996756,10.422133077555365,0
Yuksel_Atmaca_2020_DrivingBehaviorDataset,,Sudden Acceleration,ACCELERATION,harsh,106,2.3297292297363277,-1.0339530883789056,-10.056673059082032,0.22403757001241764,0.09139771828009496,0.11446159030382344,9.822668627223052,-6.634359132754842,-9.35217715208476,0.5832853907191324,8.770987078559786,19.185605907631135,32.61620921630859,-14.475343237304687,-140.79342282714842,0.45010991210937495,-3.172317199707031,-12.689268798828124,5.365405920410156,0.5339069702148437,-8.394071020507813,0.22403757001241764,0.09139771828009496,0.11446159030382444,1.889025109863281,-0.8595183959960937,-9.87727894897461,1.4822476297711802,0.9467340883117585,1.0594738102251526,4.551757283933954,1.0579199185793755,10.374650369536432,0
Yuksel_Atmaca_2020_DrivingBehaviorDataset,,Sudden Acceleration,ACCELERATION,harsh,107,2.47081611328125,-0.969309643554687,-10.136536785888673,0.2570491663556825,0.0670034615888037,0.0944041680797907,7.038714720637308,-0.25667028653475293,-14.010978177543079,-8.922207012718061,-3.4311444994313822,28.344670084918025,34.5914255859375,-13.570335009765625,-141.9115150024414,0.45010991210937495,-2.2673089721679687,-12.689268798828124,5.365405920410156,0.5339069702148437,-9.085995300292968,0.2570491663556834,0.0670034615888037,0.09440416807979364,1.889025109863281,-0.8595183959960937,-9.87727894897461,1.58769997393776,0.8106044020296521,0.9621791074949143,4.141829435084597,1.0684848629581545,10.478257081328586,0
Yuksel_Atmaca_2020_DrivingBehaviorDataset,,Sudden Acceleration,ACCELERATION,harsh,108,2.7528188659667965,-1.1540052001953125,-10.009644097900392,0.2832380112330493,0.0547246479149046,0.11270599807810118,3.858677931091826,-1.9403306722730007,-11.75024165943483,-14.409613430466932,-10.585288545297843,21.58895772619968,38.539464123535154,-16.156072802734375,-140.13501737060545,0.45010991210937495,-2.2673089721679687,-12.689268798828124,5.365405920410156,0.04548983154296875,-8.528146313476562,0.2832380112330493,0.0547246479149046,0.11270599807810314,1.9979612854003905,-0.9193734375,-9.858125335693359,1.6666181454846192,0.7325745480664081,1.051317400242492,3.92998574883318,1.0651164762162104,10.4452244914857,0
Yuksel_Atmaca_2020_DrivingBehaviorDataset,,Sudden Acceleration,ACCELERATION,harsh,109,2.9655607849121086,-1.2104399536132808,-9.725760186767578,0.24025653654829737,0.053603329384326576,0.06068265063155112,3.195612060627396,0.3699959094649056,-1.9394148187907494,-15.597576644475945,-9.987753192014667,-7.551614030862774,41.51785098876953,-16.946159350585937,-136.16064261474608,0.842758984375,-2.2673089721679687,-11.135431921386719,5.365405920410156,0.04548983154296875,-8.528146313476562,0.24025653654829737,0.053603329384326576,0.06068265063155112,2.357091534423828,-0.9828197814941406,-9.776722479248047,1.5349631149123313,0.7250304063325966,0.7714230459455464,3.053488283750308,1.0441521920456485,10.239635094124457,0
Yuksel_Atmaca_2020_DrivingBehaviorDataset,,Sudden Acceleration,ACCELERATION,harsh,110,3.1364041748046874,-1.2702949951171871,-9.65496022338867,0.24476440468980692,0.05378992675680369,0.0659479724273057,0.18762991743043445,2.8544497080583735,-3.6261926660541306,-17.05341373436033,-9.419649175822567,-9.51339569244116,43.90965844726562,-17.784129931640624,-135.1694431274414,0.842758984375,-2.2673089721679687,-11.135431921386719,5.365405920410156,0.04548983154296875,-8.528146313476562,0.24476440468980692,0.05378992675680369,0.06594797242730766,3.0609868225097654,-1.2413935607910156,-9.609128363037108,1.5492962432186097,0.7262912537196146,0.8041944315924257,3.0304940881353915,1.0432496126048065,10.230783813450925,0
Yuksel_Atmaca_2020_DrivingBehaviorDataset,,Sudden Acceleration,ACCELERATION,harsh,111,3.2812533752441406,-1.1606747619628903,-9.444612506103514,0.23229194405250775,0.07818314608232246,0.1534085054180932,-2.4092283623309063,5.376427699551561,12.900556757400208,-15.060548873836026,-6.291583305124651,29.603560241719887,45.93754725341797,-16.249446667480466,-132.2245750854492,0.842758984375,-2.2673089721679687,-11.135431921386719,5.365405920410156,0.565031591796875,-6.1842228881835934,0.23229194405250775,0.07818314608232246,0.15340850541809417,3.6296097167968746,-1.2413935607910156,-9.609128363037108,1.5093063947199485,0.8756224925892528,1.2265494362879763,4.422042262840451,1.026396391344282,10.0655101711764,0
Yuksel_Atmaca_2020_DrivingBehaviorDataset,,Sudden Acceleration,ACCELERATION,harsh,112,3.082021594238281,-1.112619714355468,-9.389887896728515,0.23128545837998346,0.07637007158857109,0.15454106475424254,0.7337728974794957,3.8241887820975102,11.301213894854733,-15.588226294590912,-6.346102948754086,25.727387823704053,43.14830231933593,-15.576676000976562,-131.45843055419923,0.842758984375,-2.2673089721679687,-11.135431921386719,5.365405920410156,0.565031591796875,-6.1842228881835934,0.23128545837998346,0.07637007158857109,0.15454106475424254,3.0609868225097654,-0.9840168823242187,-9.307458953857422,1.506033047586297,0.8654100545660787,1.2310686953505865,4.278392926444621,1.014126996219604,9.94518850747698,0
Yuksel_Atmaca_2020_DrivingBehaviorDataset,,Sudden Acceleration,ACCELERATION,harsh,113,2.7591463989257803,-0.9263850280761712,-9.467015393066404,0.21818805712782346,0.08756555744306355,0.157885554482385,2.014707219039937,2.1814090167405236,12.848260295165018,-15.596159343313923,-8.623255036495486,27.231263996123975,38.628049584960934,-12.969390393066405,-132.5382155029297,0.842758984375,-2.2673089721679687,-11.135431921386719,5.008669873046875,0.565031591796875,-6.1842228881835934,0.21818805712782346,0.08756555744306355,0.15788555448238598,2.357091534423828,-0.9205705383300781,-9.690531219482422,1.4627692608311738,0.92667403864521,1.2443184370830065,4.249871295082963,1.0099590733448125,9.904315146616904,0
Yuksel_Atmaca_2020_DrivingBehaviorDataset,,Sudden Acceleration,ACCELERATION,harsh,114,2.7069870056152334,-0.9422893676757809,-9.418960345458984,0.22282429526895253,0.08765964298569194,0.14956201737144792,3.026508633350386,2.7627831386388118,13.195241997713348,-15.938253954153337,-8.453924530051628,30.851430485292703,37.89781807861328,-13.192051147460937,-131.86544483642578,0.842758984375,-2.2673089721679687,-11.135431921386719,5.008669873046875,0.565031591796875,-6.1842228881835934,0.22282429526895253,0.08765964298569194,0.14956201737144792,1.9919757812499999,-0.9840168823242187,-9.690531219482422,1.4782286275131051,0.927171741310983,1.2110748769814819,4.246561775671511,1.0039545112883355,9.845430508125757,0
Yuksel_Atmaca_2020_DrivingBehaviorDataset,,Sudden Acceleration,ACCELERATION,harsh,115,2.4966392883300776,-0.8557560791015618,-9.367313995361327,0.20398907298801022,0.0770802464145878,0.14020034047949717,6.362898455933067,1.8003684761651084,13.834342362831993,-11.072323417342213,-5.085444266486345,35.67173735514119,34.95295003662109,-11.980585107421874,-131.14239593505857,0.842758984375,-2.2673089721679687,-11.135431921386719,5.008669873046875,0.565031591796875,-6.1842228881835934,0.20398907298801022,0.0770802464145878,0.14020034047949717,1.886630908203125,-0.9205705383300781,-9.68454571533203,1.4143724554083603,0.8694245214517587,1.1725594522084002,4.296627079573416,0.9923892523305093,9.732014061366987,0
Yuksel_Atmaca_2020_DrivingBehaviorDataset,,Sudden Acceleration,ACCELERATION,harsh,116,2.638923272705078,-0.9152690917968748,-9.4126328125,0.2180175983404875,0.07389268796719027,0.14049907291669106,3.41873841630663,3.9521406395723067,15.07849970812742,-15.713683800043716,-1.5225051133892868,38.40476767264088,36.944925817871095,-12.81376728515625,-131.776859375,0.842758984375,-2.2673089721679687,-11.135431921386719,5.008669873046875,0.565031591796875,-6.1842228881835934,0.2180175983404885,0.07389268796719027,0.14049907291669006,1.886630908203125,-0.9840168823242187,-9.797073193359374,1.4621977570649436,0.8512577332708632,1.1738080053477515,4.269615873015311,1.0011893980812225,9.818314010693221,0
Yuksel_Atmaca_2020_DrivingBehaviorDataset,,Sudden Acceleration,ACCELERATION,harsh,117,2.9022854553222657,-1.0431878662109366,-9.372444427490233,0.25551782498944214,0.07026037901823257,0.1332407402349195,1.2007173102447857,7.352214482584752,15.786289277689903,-16.567718084518003,5.305205797343346,42.85826721006923,40.631996374511715,-14.604630126953124,-131.2142219848633,0.842758984375,-2.2673089721679687,-11.135431921386719,5.2624552490234375,0.565031591796875,-6.1842228881835934,0.25551782498944214,0.07026037901823257,0.13324074023492047,2.6958710693359373,-1.0271125122070313,-9.797073193359374,1.5829636377481062,0.830071651063424,1.1430858695762023,4.280365389065888,1.0061360428606387,9.866824024719282,0
Yuksel_Atmaca_2020_DrivingBehaviorDataset,,Sudden Acceleration,ACCELERATION,harsh,118,3.232343255615234,-1.1651211364746086,-9.274795202636719,0.26174112035253777,0.08682331741624112,0.10904299530662044,-0.5551531761192692,5.874806851645706,22.382717693553616,-16.376514737009707,2.209289705954986,60.084443657862806,45.25280557861328,-16.31169591064453,-129.84713283691406,0.8451531860351562,-2.5761609863281247,-10.165780249023436,5.463568188476562,0.565031591796875,-6.1842228881835934,0.26174112035253877,0.08682331741624112,0.10904299530661946,3.6296097167968746,-1.0654197387695312,-9.752780462646484,1.602124701109506,0.9227382541869523,1.034092109013344,4.271269380677265,1.0085780849737898,9.890772277008214,0
Yuksel_Atmaca_2020_DrivingBehaviorDataset,,Sudden Acceleration,ACCELERATION,harsh,119,3.3706939086914054,-1.1545182434082022,-9.271374914550782,0.2373359279632562,0.08737767540709249,0.10860081413204714,-2.538593473367463,5.455992642014802,22.44544772676783,-13.148518664060518,1.3670503052369738,60.43423968695606,47.189714721679685,-16.163255407714843,-129.79924880371092,0.8451531860351562,-2.5761609863281247,-10.165780249023436,5.463568188476562,0.565031591796875,-6.1842228881835934,0.2373359279632562,0.08737767540709249,0.10860081413204814,3.6487633300781246,-1.0654197387695312,-9.752780462646484,1.525604921977139,0.9256793616209505,1.0319933012903,4.343468108718181,1.0128245373068288,9.932415748780013,0
Yuksel_Atmaca_2020_DrivingBehaviorDataset,,Sudden Acceleration,ACCELERATION,harsh,120,3.39018955078125,-1.1841037353515622,-9.216992333984376,0.23089864620199516,0.08557469836840259,0.10568600259102154,-2.6170583797008993,6.619749139465254,21.726626534710412,-12.451790773263397,4.014668038515037,59.18065985590159,47.462653710937495,-16.577452294921873,-129.03789267578125,0.8451531860351562,-2.5761609863281247,-10.165780249023436,5.463568188476562,0.565031591796875,-6.1842228881835934,0.23089864620199516,0.08557469836840259,0.10568600259102251,3.6487633300781246,-1.0857704528808594,-9.624690673828125,1.5047731419641965,0.916079208231742,1.0180499188690375,4.328322423519471,1.0086866322598766,9.891836762251318,0
Yuksel_Atmaca_2020_DrivingBehaviorDataset,,Sudden Acceleration,ACCELERATION,harsh,121,3.2275548522949213,-1.0448980102539056,-9.15371700439453,0.2306879003674934,0.08012128899051585,0.10729973263878104,0.3329542165257844,4.2947592263945005,19.307246766245335,-13.096412318422553,2.299398448589863,49.56069393823551,45.185767932128904,-14.628572143554686,-128.15203806152343,0.8451531860351562,-2.5761609863281247,-10.165780249023436,5.463568188476562,0.565031591796875,-6.1842228881835934,0.2306879003674934,0.08012128899051585,0.10729973263878004,3.447650390625,-1.0654197387695312,-9.422380633544922,1.504086266854027,0.8864092952349062,1.025792826589316,4.133473881515167,0.995461659881504,9.762144086876951,0
Yuksel_Atmaca_2020_DrivingBehaviorDataset,,Sudden Acceleration,ACCELERATION,harsh,122,2.8576506958007806,-0.7837590148925776,-9.148073529052734,0.28132325562376176,0.11972272730825011,0.10812058443644791,-0.590312107614183,7.472711474905484,18.98428896028446,-7.12291187702805,6.891660474184217,47.770523013773555,40.00710974121093,-10.972626208496093,-128.07302940673827,-0.16998831787109375,-2.5761609863281247,-10.165780249023436,5.463568188476562,1.6041151123046875,-6.1842228881835934,0.28132325562376176,0.11972272730825011,0.10812058443644791,2.8024130432128906,-1.01514150390625,-9.422380633544922,1.6609752270165774,1.0835492068925403,1.0297090508312035,4.863430010376064,0.9805603775445674,9.616012426447432,0
Yuksel_Atmaca_2020_DrivingBehaviorDataset,,Sudden Acceleration,ACCELERATION,harsh,123,2.7256275756835926,-0.7526343933105464,-9.245380725097656,0.2896540414484644,0.11629976712224535,0.11238033267076282,1.7121224084434787,7.041683258008238,20.434510717841952,-8.317735053672122,8.133528632710815,51.64388490261626,38.15878605957031,-10.536881506347656,-129.43533015136717,-0.16998831787109375,-2.5761609863281247,-10.165780249023436,5.463568188476562,1.6041151123046875,-6.1842228881835934,0.2896540414484644,0.11629976712224535,0.11238033267076182,2.094926452636719,-1.0115502014160156,-9.752780462646484,1.685388918193835,1.0679471481535838,1.0497974039717028,4.827996161734652,0.9858740011847561,9.668121273718489,0
Yuksel_Atmaca_2020_DrivingBehaviorDataset,,Sudden Acceleration,ACCELERATION,harsh,124,2.583172576904296,-0.7233909301757806,-9.340464733886717,0.26726970823808316,0.11160580905033951,0.11715881838890199,4.033908060429582,7.028300823818379,21.611102952892253,-3.2508734441471043,10.270336230142693,54.921070397001856,36.16441607666015,-10.127473022460936,-130.76650627441404,-0.16998831787109375,-2.5761609863281247,-10.187328063964843,5.463568188476562,1.6041151123046875,-6.1842228881835934,0.26726970823808316,0.11160580905033951,0.11715881838890199,2.094926452636719,-1.0115502014160156,-9.803058697509766,1.6189566035854706,1.0461735550679518,1.071884101175834,4.8657811136050215,0.9909645832122833,9.718042829958737,0
Yuksel_Atmaca_2020_DrivingBehaviorDataset,,Sudden Acceleration,ACCELERATION,harsh,125,2.4826161071777335,-0.833182177734375,-9.597841412353514,0.25415249747484847,0.09774581870161499,0.03331128906642013,6.104382684601552,10.42121049884523,10.498936486445961,1.6662030745506495,26.428891324977222,-1.8410408057753926,34.756625500488276,-11.664550488281249,-134.36977977294922,-0.16998831787109375,-2.5761609863281247,-10.187328063964843,5.463568188476562,1.6041151123046875,-8.449137658691406,0.25415249747484847,0.09774581870161499,0.03331128906641915,2.094926452636719,-1.0115502014160156,-9.81263550415039,1.578728789045709,0.9790602805599871,0.5715524061039433,4.018210261386155,1.014482523604352,9.948675040104616,0
Yuksel_Atmaca_2020_DrivingBehaviorDataset,,Sudden Acceleration,ACCELERATION,harsh,126,2.6862942626953124,-0.9113357604980462,-9.614087780761718,0.28328817413082424,0.10884918133696622,0.03134059920861211,2.994464523225319,9.97594687167128,11.451914281178253,-5.932831684366339,20.03351027688745,2.612225677226712,37.60811967773437,-12.758700646972656,-134.59722893066404,-0.16998831787109375,-2.5761609863281247,-10.187328063964843,5.463568188476562,1.6041151123046875,-8.449137658691406,0.28328817413082424,0.10884918133696622,0.03134059920861113,2.2744915771484373,-1.054645831298828,-9.81263550415039,1.6667657222417471,1.0331726981285203,0.5543882098576148,3.980320597695964,1.022147344835913,10.023841259235109,0
Yuksel_Atmaca_2020_DrivingBehaviorDataset,,Sudden Acceleration,ACCELERATION,harsh,127,2.9918970031738272,-1.1040689941406243,-9.553719696044922,0.2930391329663304,0.09968812713118673,0.02922848717008692,0.3296093870712087,13.586128543263674,9.93546368908825,-7.935287583910705,39.00498132921341,0.09537818334963077,41.88655804443359,-15.456965917968748,-133.7520757446289,-0.16998831787109375,-2.5761609863281247,-10.187328063964843,5.463568188476562,1.6041151123046875,-8.449137658691406,0.2930391329663304,0.09968812713118673,0.02922848717008594,2.3977929626464842,-1.0654197387695312,-9.777919580078125,1.6952086046573334,0.988739890937477,0.5353816803986913,4.307189503038656,1.0270520548989859,10.071940034175139,0
Yuksel_Atmaca_2020_DrivingBehaviorDataset,,Sudden Acceleration,ACCELERATION,harsh,128,3.219688189697265,-1.1887211242675781,-9.59767039794922,0.31565226795661916,0.10933326823470657,0.03528276899227624,-2.370412420691136,13.424125667580537,6.445286692972552,-9.354161583235166,33.28307674460725,-1.3827065742468483,45.07563465576172,-16.642095739746093,-134.36738557128905,-0.16998831787109375,-2.5761609863281247,-10.510545288085936,5.463568188476562,1.6041151123046875,-8.449137658691406,0.3156522679566182,0.10933326823470657,0.03528276899227624,2.9448680419921875,-1.0785878479003905,-9.777919580078125,1.759400839364577,1.0354675730962744,0.5882225484781373,4.539710180553272,1.039384120751949,10.1928762877721,0
Yuksel_Atmaca_2020_DrivingBehaviorDataset,,Sudden Acceleration,ACCELERATION,harsh,129,3.458766326904296,-1.2930399108886714,-9.846154327392577,0.3088994599946416,0.11710702396848989,0.13757799542947305,-5.630314524223407,14.425418534304667,-21.02236891852295,-5.700939590779629,32.375597527053436,64.5903706663901,48.422728576660155,-18.102558752441404,-137.84616058349607,-0.16998831787109375,-2.5761609863281247,-13.335703247070311,5.463568188476562,1.6041151123046875,-8.449137658691406,0.3088994599946416,0.11710702396848989,0.13757799542947405,3.7397429931640622,-1.1815385192871093,-9.777919580078125,1.740479499838033,1.0716471418338194,1.1615417551162142,5.808469605947638,1.07231182791395,10.515786787212338,0
Yuksel_Atmaca_2020_DrivingBehaviorDataset,,Sudden Acceleration,ACCELERATION,harsh,130,3.234224414062499,-1.1827356201171875,-9.7683427734375,0.3535607317589788,0.14016511179483784,0.14808331509186512,-2.8279577738591155,10.844992873137636,-20.180371597165713,-12.010978718076453,11.192127817340564,58.486630293050915,45.279141796874995,-16.558298681640625,-136.756798828125,-0.16998831787109375,-2.5761609863281247,-13.335703247070311,5.463568188476562,1.6041151123046875,-8.449137658691406,0.3535607317589788,0.14016511179483784,0.1480833150918661,2.9448680419921875,-1.1815385192871093,-9.777919580078125,1.8620543359698702,1.1724121261667555,1.2050731272191129,5.66403231610633,1.0561798563472489,10.357586188247748,0
Yuksel_Atmaca_2020_DrivingBehaviorDataset,,Sudden Acceleration,ACCELERATION,harsh,131,2.9202419677734377,-1.0040255676269525,-9.925162982177733,0.3544334293635988,0.16367517635489884,0.18888166154015434,0.08639696464855161,6.951823609302477,-14.62629916549375,-13.286449706868593,-2.511762663276723,21.859074154931037,40.883387548828125,-14.056357946777343,-138.95228175048828,-0.16998831787109375,-2.5761609863281247,-13.335703247070311,5.463568188476562,1.6041151123046875,-8.449137658691406,0.3544334293635988,0.16367517635489884,0.18888166154015434,2.3977929626464842,-1.0749965454101562,-9.777919580078125,1.8643509836048948,1.2669274518301235,1.3609909427115083,5.289962752523168,1.059939654327364,10.394457211109444,0
Yuksel_Atmaca_2020_DrivingBehaviorDataset,,Sudden Acceleration,ACCELERATION,harsh,132,2.65465659790039,-0.8843154846191401,-9.96261513671875,0.3067758983927277,0.1427987522486306,0.1895941583954365,2.358898083608341,7.110038641886857,-13.619500883834606,-10.652546026697745,-0.1028040919161487,19.307573920636976,37.16519237060547,-12.380416784667968,-139.4766119140625,-0.16998831787109375,-2.310404602050781,-13.335703247070311,5.1523219726562495,1.6041151123046875,-8.449137658691406,0.3067758983927277,0.1427987522486306,0.1895941583954365,2.2744915771484373,-1.0115502014160156,-9.81263550415039,1.7344866283638631,1.1833754196108002,1.3635554823433518,5.054565177747285,1.0552112645538512,10.348087547537023,0
Yuksel_Atmaca_2020_DrivingBehaviorDataset,,Sudden Acceleration,ACCELERATION,harsh,133,2.6941609252929686,-0.9426313964843741,-10.005197723388672,0.31605030488188457,0.14718274028943049,0.19101523067068568,1.8095058523672074,8.22164895572024,-12.4361459001891,-12.10370419814861,-0.13823047974488661,16.27868270683285,37.71825295410156,-13.196839550781249,-140.0727681274414,-0.16998831787109375,-2.310404602050781,-13.335703247070311,5.1523219726562495,1.6041151123046875,-8.449137658691406,0.31605030488188457,0.14718274028943146,0.19101523067068568,2.2744915771484373,-1.0749965454101562,-9.932345587158203,1.760509790478296,1.2014031879678664,1.3686560970005137,5.077552137636841,1.0609510823323696,10.404375931554734,0
Yuksel_Atmaca_2020_DrivingBehaviorDataset,,Sudden Acceleration,ACCELERATION,harsh,134,2.8566246093749994,-0.9378429931640616,-10.049832482910155,0.3294445276342904,0.147051087974585,0.18505951465505782,-0.7497560112040784,8.097408284584947,-12.1566940266435,-13.818962563304686,-0.24891668827119454,17.27239566884692,39.99274453125,-13.129801904296874,-140.69765476074218,-0.16998831787109375,-2.310404602050781,-13.335703247070311,5.1523219726562495,1.6041151123046875,-8.449137658691406,0.3294445276342904,0.147051087974585,0.18505951465505782,2.3977929626464842,-1.0414777221679687,-9.932345587158203,1.7974279337221877,1.200865750983833,1.3471502846349497,5.139930301092992,1.069676895678095,10.48994692900159,0
Yuksel_Atmaca_2020_DrivingBehaviorDataset,,Sudden Acceleration,ACCELERATION,harsh,135,3.054488275146484,-0.9792284790039062,-10.020246990966795,0.35577160230359156,0.14386603462099937,0.19555900836850706,-3.043562212371745,9.439445820870867,-10.823566088213555,-14.652445492922942,3.0177435995199073,15.131792845787034,42.76283585205078,-13.709198706054687,-140.28345787353516,-0.16998831787109375,-2.310404602050781,-13.335703247070311,5.1523219726562495,1.6041151123046875,-8.212111694335936,0.35577160230359156,0.14386603462100034,0.1955590083685051,3.2213983337402343,-1.0414777221679687,-9.932345587158203,1.8678671215401055,1.187789479838929,1.3848388893358703,5.297467658778992,1.0728564916948522,10.521128114279321,0
Yuksel_Atmaca_2020_DrivingBehaviorDataset,,Sudden Acceleration,ACCELERATION,harsh,136,3.3657344909667963,-1.2138602416992186,-10.06881508178711,0.2736462768026263,0.08933248040080022,0.18216739348299224,-4.114803093442036,9.215021815125779,-11.9594828959424,-15.643242903000948,5.235623384721579,18.631698048380677,47.12028287353515,-16.994043383789062,-140.96341114501953,0.8667010009765624,-2.310404602050781,-13.335703247070311,5.1523219726562495,0.7565677246093749,-8.212111694335936,0.2736462768026263,0.08933248040080022,0.18216739348299224,4.103661645507812,-1.1575965026855468,-9.932345587158203,1.6381554445187672,0.935976692510296,1.3365821595771752,4.560736019434937,1.0896308916518878,10.685628783617984,0
Yuksel_Atmaca_2020_DrivingBehaviorDataset,,Sudden Acceleration,ACCELERATION,harsh,137,3.4355083679199208,-1.227028350830078,-10.054107843017578,0.25323353913781727,0.08910917055732916,0.18244912018718484,-4.981736736547423,9.728551145816107,-12.30636375236413,-12.824893086514844,6.178736633229588,19.185275922004518,48.0971171508789,-17.178396911621093,-140.7575098022461,0.8667010009765624,-2.310404602050781,-13.335703247070311,5.1523219726562495,0.7565677246093749,-8.212111694335936,0.25323353913781727,0.08910917055732916,0.18244912018718581,4.103661645507812,-1.2497732666015624,-9.829394915771484,1.5758720400419173,0.9348061015237509,1.3376152901651759,4.615440723794565,1.0906359529455516,10.695485067953493,0
Yuksel_Atmaca_2020_DrivingBehaviorDataset,,Sudden Acceleration,ACCELERATION,harsh,138,3.378902600097656,-1.2537065979003899,-10.06813102416992,0.2710217060731003,0.09034267875082125,0.1831401663737813,-4.360470472447588,10.430097053977907,-11.88982723328347,-15.121192700843064,6.570353830780222,18.07244419485483,47.30463640136718,-17.55189237060547,-140.9538343383789,0.8667010009765624,-2.310404602050781,-13.335703247070311,5.1523219726562495,0.7565677246093749,-8.212111694335936,0.2710217060731003,0.09034267875082223,0.18314016637377936,4.103661645507812,-1.43652099609375,-9.829394915771484,1.6302806549369868,0.9412539670948274,1.3401460788173165,4.585781063051187,1.0904577678461158,10.69373766904811,0
Yuksel_Atmaca_2020_DrivingBehaviorDataset,,Sudden Acceleration,ACCELERATION,harsh,139,3.2899751098632803,-1.2716631103515619,-10.144403448486328,0.30098262807589216,0.08969217333243348,0.18674408425952402,-3.646314661296795,11.177211161193394,-9.79165011546341,-17.549180237785368,8.337552995524275,12.769255213030807,46.05965153808594,-17.803283544921875,-142.02164827880858,0.8667010009765624,-2.310404602050781,-13.335703247070311,5.1523219726562495,0.7565677246093749,-8.212111694335936,0.3009826280758931,0.08969217333243447,0.18674408425952307,4.103661645507812,-1.43652099609375,-10.081983190917969,1.7180312248677132,0.9378591320718258,1.3532678500221815,4.49114374420695,1.0951865331220387,10.740111015041242,0
Yuksel_Atmaca_2020_DrivingBehaviorDataset,,Sudden Acceleration,ACCELERATION,harsh,140,2.999934680175781,-1.2097558959960935,-10.292672937011718,0.3337080431442993,0.08436039589414175,0.1863124855004823,-0.843578196161011,10.500466875325401,-6.84952652044991,-18.993904058156183,9.305348531870415,7.9727197340854,41.99908552246094,-16.936582543945313,-144.09742111816405,0.6009446166992187,-2.310404602050781,-13.335703247070311,5.1523219726562495,0.7565677246093749,-8.212111694335936,0.3337080431442993,0.08436039589414175,0.18631248550048132,3.2884359802246093,-1.2294225524902342,-10.338162768554687,1.809021277183064,0.9095564173789825,1.3517031241856714,4.345298076489756,1.1001704640157983,10.788986680940527,0
Yuksel_Atmaca_2020_DrivingBehaviorDataset,,Sudden Acceleration,ACCELERATION,harsh,141,2.7466623474121095,-1.1220255065917961,-10.332861322021484,0.3071526901954636,0.07741584227073646,0.1800383335213223,1.9952420246592897,9.583600476613206,-6.49102779072531,-18.18781301389742,10.350723852206302,9.719706439739687,38.45327286376953,-15.708357092285155,-144.66005850830078,0.6009446166992187,-2.310404602050781,-13.335703247070311,5.1523219726562495,0.7565677246093749,-8.212111694335936,0.3071526901954636,0.07741584227073646,0.18003833352132428,2.1511901916503904,-1.2114660400390624,-10.338162768554687,1.7355514769966773,0.8713151379405266,1.328748630639707,4.281748519901138,1.0962358040507758,10.75040084779454,0
Yuksel_Atmaca_2020_DrivingBehaviorDataset,,Sudden Acceleration,ACCELERATION,harsh,142,2.4892856689453127,-1.0325849731445311,-10.288739605712891,0.26573403113255023,0.06652636326047054,0.1810956372700059,4.729828059889911,10.662196293680495,-7.537333804796013,-15.474722974014579,15.07611209851858,10.440436028869387,34.849999365234375,-14.456189624023436,-144.04235447998047,0.6009446166992187,-2.310404602050781,-13.335703247070311,4.946420629882812,0.7565677246093749,-8.212111694335936,0.26573403113255123,0.06652636326047054,0.18109563727000494,1.6627730529785156,-1.1156979736328125,-10.092757098388672,1.614298806419071,0.8077132908825365,1.3326445629776533,4.3037851972299315,1.0845531058058386,10.635832715050828,0
Yuksel_Atmaca_2020_DrivingBehaviorDataset,,Sudden Acceleration,ACCELERATION,harsh,143,2.4280625122070303,-0.9304893737792962,-10.007420910644532,0.2388822131775888,0.05275396448041311,0.10581562513754651,4.4441231782882165,15.135004284936564,-2.472221254563908,-15.356410605695656,20.646025749481716,4.366974145441572,33.99287517089844,-13.026851232910156,-140.10389274902343,0.6009446166992187,-1.6807295654296874,-12.129025610351562,4.946420629882812,0.7565677246093749,-8.212111694335936,0.2388822131775888,0.05275396448041311,0.10581562513754847,1.6627730529785156,-1.0187328063964842,-9.888052856445311,1.530566645350018,0.7192632798717385,1.0186740402381647,3.699931859359854,1.0543578230209958,10.339718145128847,0
Yuksel_Atmaca_2020_DrivingBehaviorDataset,,Sudden Acceleration,ACCELERATION,harsh,144,2.7128014953613278,-1.078758862304687,-10.096006372070313,0.2571329296271387,0.03800999396993499,0.09056670800584983,1.7301784299495,21.15915146289267,-2.526200097629056,-17.69261579401411,63.964284873938304,12.391709183278856,37.97922093505859,-15.102624072265623,-141.34408920898437,0.6009446166992187,-1.6807295654296874,-12.129025610351562,4.946420629882812,0.7565677246093749,-8.212111694335936,0.2571329296271387,0.03800999396993499,0.09056670800584983,2.1511901916503904,-1.1156979736328125,-9.890447058105469,1.5879586406226023,0.6105331337161563,0.942420292155028,3.5342107098977267,1.071684178022765,10.50963164440695,0
Yuksel_Atmaca_2020_DrivingBehaviorDataset,,Sudden Acceleration,ACCELERATION,harsh,145,2.954273834228515,-1.2649935485839838,-9.831960131835936,0.24246718548845772,0.012453788053415875,0.07219930878281383,-1.1552020514270889,-3.985113150378309,4.513872266139672,-17.810676224104224,-14.822431472003798,1.4355733706558909,41.35983367919922,-17.70990968017578,-137.64744184570313,0.6009446166992187,-1.8507178833007811,-11.243170996093749,4.946420629882812,-0.8810662109374999,-8.212111694335936,0.24246718548845772,0.012453788053415875,0.0721993087828158,3.2884359802246093,-1.2114660400390624,-9.885658654785155,1.5420086979554897,0.3494709438766484,0.8414471768774331,2.916357379133716,1.054779893226235,10.343857239907058,0
Yuksel_Atmaca_2020_DrivingBehaviorDataset,,Sudden Acceleration,ACCELERATION,harsh,146,3.1228940368652336,-1.2513123962402337,-9.99220062866211,0.23828714741227655,0.013817072953054014,0.1250701262546264,-4.176608397285687,-2.5049844139567115,-5.763988562712704,-15.819097369203499,-13.626129742953825,11.46520759794207,43.72051651611328,-17.51837354736328,-139.89080880126951,0.6009446166992187,-1.8507178833007811,-12.536039892578124,4.946420629882812,-0.70868369140625,-8.212111694335936,0.23828714741227655,0.013817072953054014,0.1250701262546264,4.023455889892578,-1.2114660400390624,-9.885658654785155,1.5286591033224535,0.3681021576615284,1.1074831617839345,3.631891245127635,1.0751229482649611,10.543354460602583,0
Yuksel_Atmaca_2020_DrivingBehaviorDataset,,Sudden Acceleration,ACCELERATION,harsh,147,2.9282796447753903,-1.1293791259765615,-9.829223901367188,0.2540176977344427,0.023991154980200876,0.14717764017535873,-1.067411482065216,7.3485823708836575,-5.997063869223029,-18.553656728238433,14.48439411313526,7.103495991069033,40.995915026855464,-15.811307763671874,-137.6091346191406,0.6009446166992187,-1.8507178833007811,-12.536039892578124,4.946420629882812,0.0430956298828125,-8.152256652832031,0.2540176977344427,0.023991154980200876,0.1471776401753607,3.2920272827148436,-1.1156979736328125,-9.87727894897461,1.578310063164864,0.4850493376828675,1.2013823725299546,3.7573977958572677,1.0521572092655942,10.31813749624444,0
Yuksel_Atmaca_2020_DrivingBehaviorDataset,,Sudden Acceleration,ACCELERATION,harsh,148,2.7341782958984373,-1.1640950500488272,-9.876936920166015,0.2498366158691735,0.02496845309814555,0.14941329187876687,2.0341941377867965,8.900868139402894,-4.6022177837808655,-17.98021783461368,13.881179869050225,4.698235739852466,38.27849614257812,-16.29733070068359,-138.2771168823242,0.6009446166992187,-1.8507178833007811,-12.536039892578124,4.946420629882812,0.0430956298828125,-8.152256652832031,0.2498366158691735,0.02496845309814555,0.14941329187876884,2.068590234375,-1.2114660400390624,-9.885658654785155,1.5652668299729064,0.4948301532596136,1.2104725766422508,3.6636258132999013,1.051765629951096,10.314297414959915,0
Yuksel_Atmaca_2020_DrivingBehaviorDataset,,Sudden Acceleration,ACCELERATION,harsh,149,2.3889002136230464,-1.1711066406249993,-10.05342378540039,0.2522682429885627,0.024628592159197722,0.12934772167652778,3.145698629562065,9.470723265676225,-3.452843766192587,-14.574834384870686,15.944630991665104,8.186702593924105,33.44460299072266,-16.39549296875,-140.74793299560545,0.11252747802734374,-1.8507178833007811,-12.536039892578124,4.855440966796874,0.0430956298828125,-8.152256652832031,0.2522682429885637,0.024628592159197722,0.12934772167652778,1.5789759948730469,-1.2114660400390624,-9.890447058105469,1.5728656538636085,0.49145089612086235,1.1262627734144133,3.704253389873857,1.0604541921725434,10.399503103668874,0
Yuksel_Atmaca_2020_DrivingBehaviorDataset,,Sudden Acceleration,ACCELERATION,harsh,150,2.2207930541992185,-1.1179211608886712,-10.096690429687499,0.22620670826343306,0.022713842973227625,0.12323653568487984,6.001172152374117,8.024277790521827,-2.8629399664938493,-8.976939937694736,17.68271428513894,11.496102350759546,31.09110275878906,-15.650896252441406,-141.35366601562498,0.11252747802734374,-1.8507178833007811,-12.536039892578124,4.855440966796874,0.0430956298828125,-8.152256652832031,0.22620670826343403,0.022713842973227625,0.12323653568487887,1.5789759948730469,-1.102529864501953,-9.890447058105469,1.4894059270701208,0.4719604943143058,1.0993350593309201,3.7735600450918074,1.0603324131923935,10.398308859833184,0
Yuksel_Atmaca_2020_DrivingBehaviorDataset,,Sudden Acceleration,ACCELERATION,harsh,151,2.1761582946777334,-1.096715374755859,-10.08899478149414,0.22575489532431686,0.022808625445800798,0.12370204956015574,7.032582767551659,6.495742619942017,-3.069808740236368,-7.796954778796249,15.46700522957604,11.247146943053139,30.46621612548828,-15.35401524658203,-141.24592694091797,0.11252747802734374,-1.8507178833007811,-12.536039892578124,4.855440966796874,0.0430956298828125,-8.152256652832031,0.22575489532431686,0.022808625445800798,0.12370204956015671,1.5789759948730469,-1.0007762939453124,-9.890447058105469,1.4879177545255042,0.47294418986606684,1.1014094172101094,3.8033872454817597,1.0583763486795328,10.379126419778139,0
Yuksel_Atmaca_2020_DrivingBehaviorDataset,,Sudden Acceleration,ACCELERATION,harsh,152,2.4160915039062494,-1.1086863830566402,-10.02828466796875,0.2765325270625255,0.02443539482802097,0.125034871876699,4.347387375641039,5.216527652072929,-4.777125912470155,-13.717750185432688,12.745081163246224,11.426848489366563,33.8252810546875,-15.521609362792967,-140.3959853515625,0.11252747802734374,-1.8507178833007811,-12.536039892578124,4.939238024902344,0.0430956298828125,-8.152256652832031,0.2765325270625255,0.02443539482802097,0.12503487187669804,1.705868682861328,-1.0007762939453124,-9.885658654785155,1.646771904824018,0.489519524319733,1.1073270638296624,3.739212007669686,1.05791896882463,10.374641055624059,0
Yuksel_Atmaca_2020_DrivingBehaviorDataset,,Sudden Acceleration,ACCELERATION,harsh,153,2.65465659790039,-1.1540052001953125,-10.007591925048828,0.2929078917438022,0.02850956057401752,0.12188751376167957,1.143784884843215,4.5941638899605755,-5.336594100121022,-16.563691314799605,5.66052971063887,14.189407884781307,37.16519237060547,-16.156072802734375,-140.1062869506836,0.11252747802734374,-1.85790048828125,-12.536039892578124,4.939238024902344,0.0430956298828125,-8.152256652832031,0.2929078917438022,0.02850956057401752,0.12188751376168053,1.8830396057128904,-1.0007762939453124,-9.885658654785155,1.6948289520094222,0.5287563542910801,1.093301507742026,3.78001587086394,1.0623212726404105,10.417812908339084,0
Yuksel_Atmaca_2020_DrivingBehaviorDataset,,Sudden Acceleration,ACCELERATION,harsh,154,2.877146337890625,-1.231645739746093,-9.915415161132811,0.2632205870068987,0.037890931357327864,0.10900305511859591,-1.3514743280643908,1.7529675002754153,-7.876798001214074,-15.291269677123127,0.8522014700139964,27.810434951142327,40.28004873046875,-17.243040356445313,-138.81581225585936,0.11252747802734374,-2.2864625854492187,-12.536039892578124,4.939238024902344,0.0430956298828125,-8.152256652832031,0.2632205870068987,0.037890931357327864,0.10900305511859688,2.8239608581542965,-1.0007762939453124,-9.885658654785155,1.606646249045261,0.6095761658688341,1.0339027084202819,4.016933778744423,1.0602615729124225,10.397614154001607,0
Yuksel_Atmaca_2020_DrivingBehaviorDataset,,Sudden Acceleration,ACCELERATION,harsh,155,2.934265148925781,-1.244471820068359,-9.9215716796875,0.25157756614272325,0.03722587712487282,0.10901369213232479,-2.225234166894514,2.4097332734112125,-7.671421896595498,-13.404474678367492,2.387295701280334,27.545192216106337,41.07971208496094,-17.42260548095703,-138.90200351562498,0.11252747802734374,-2.2864625854492187,-12.536039892578124,4.939238024902344,0.0430956298828125,-8.152256652832031,0.2515775661427242,0.03722587712487282,0.10901369213232576,3.046621612548828,-1.0486603271484374,-9.890447058105469,1.570711029761218,0.6042029029280157,1.0339531536532383,4.056535154261158,1.0626412049682799,10.420950372702181,0
Yuksel_Atmaca_2020_DrivingBehaviorDataset,,Sudden Acceleration,ACCELERATION,harsh,156,2.885868072509765,-1.2393413879394524,-9.861374609375,0.2696455777501829,0.03753265476719689,0.11456672716415825,-2.235927933548638,2.1544934535621247,-8.58289272069707,-14.517353693913808,1.6828590756564108,24.281874484857088,40.40215301513672,-17.350779431152343,-138.05924453125,0.11252747802734374,-2.2864625854492187,-12.536039892578124,4.939238024902344,0.0430956298828125,-8.152256652832031,0.2696455777501829,0.03753265476719689,0.11456672716415825,3.046621612548828,-1.0438719238281249,-9.82580361328125,1.626136465689098,0.6066874062255884,1.0599602798899561,4.060775435167159,1.0553491885448187,10.349440119843047,0
Yuksel_Atmaca_2020_DrivingBehaviorDataset,,Sudden Acceleration,ACCELERATION,harsh,157,2.735204382324218,-1.3255326477050775,-10.011012213134766,0.26428938849384886,0.04135596748441402,0.13127899484668637,0.41317216709643256,4.301117797947251,-5.115698621380725,-14.32583592775939,-0.14157220653641087,9.28794643052853,38.29286135253906,-18.55745706787109,-140.1541709838867,0.11252747802734374,-2.2864625854492187,-12.536039892578124,4.939238024902344,0.0430956298828125,-8.152256652832031,0.2642893884938498,0.04135596748441402,0.13127899484668737,2.1547814941406247,-1.3048399047851562,-9.920374578857421,1.6099048206876116,0.6368386754359647,1.1346396585759153,3.8893884208832294,1.0668529374301303,10.462253358849187,0
Yuksel_Atmaca_2020_DrivingBehaviorDataset,,Sudden Acceleration,ACCELERATION,harsh,158,2.4455059814453115,-1.301248602294922,-10.000409320068359,0.24919730308147528,0.04078863439227506,0.13172582650310513,3.0241549925821913,3.138257181582151,-5.3990293864555206,-12.831397492301694,0.07794933565470581,9.240254271105261,34.237083740234375,-18.217480432128905,-140.00573048095703,0.11252747802734374,-2.2864625854492187,-12.536039892578124,4.939238024902344,0.0430956298828125,-8.152256652832031,0.24919730308147528,0.04078863439227506,0.1317258265031071,1.924938134765625,-1.1707646118164061,-9.858125335693359,1.5632628481045518,0.6324554225105563,1.1365689932761214,3.8020235821730677,1.0581585560998505,10.376990604176598,0
Yuksel_Atmaca_2020_DrivingBehaviorDataset,,Sudden Acceleration,ACCELERATION,harsh,159,2.258074194335937,-1.222068933105468,-10.100623760986329,0.22517697339332982,0.04018342620867882,0.1115504432654138,6.156732678015013,0.06719921281886611,-6.590644881405353,-6.989550313259411,-0.26589731283931917,17.374959936923066,31.613038720703123,-17.10896506347656,-141.40873265380858,0.11252747802734374,-2.2864625854492187,-12.536039892578124,4.939238024902344,0.0430956298828125,-8.152256652832031,0.22517697339332982,0.04018342620867882,0.11155044326541479,1.8758570007324218,-1.0438719238281249,-9.894038360595703,1.4860120343145626,0.6277458057441305,1.045914028230228,3.836734626188838,1.0627329144315725,10.42184973531038,0
Yuksel_Atmaca_2020_DrivingBehaviorDataset,,Sudden Acceleration,ACCELERATION,harsh,160,2.1595698974609374,-1.2306196533203124,-9.904128210449217,0.19904876784453004,0.0393236651654424,0.06156673998970328,7.82890212101198,0.26900943275787115,2.204597985226114,0.47963477026917134,1.0231060013622169,18.14313604772014,30.233978564453125,-17.228675146484374,-138.65779494628904,0.11252747802734374,-2.2864625854492187,-11.49216796875,4.939238024902344,0.0430956298828125,-8.152256652832031,0.19904876784453004,0.0393236651654424,0.06156673998970229,1.8758570007324218,-1.0438719238281249,-9.810241302490233,1.397140508031517,0.6209938977113129,0.777022181613895,3.5239125238528404,1.041259195533091,10.211264489874585,0
Yuksel_Atmaca_2020_DrivingBehaviorDataset,,Sudden Acceleration,ACCELERATION,harsh,161,2.3914654296874995,-1.3258746765136717,-10.00417163696289,0.2317984373596992,0.025629682245048007,0.037361897295598495,4.543195142813207,-7.316903289700949,-10.771771001258603,-8.222958758601525,-7.573706141818127,17.530747291615615,33.480516015625,-18.562245471191407,-140.05840291748046,0.11252747802734374,-2.2864625854492187,-11.49216796875,4.939238024902344,-0.7422025146484375,-9.050082275390624,0.2317984373596992,0.025629682245048007,0.037361897295598495,1.924938134765625,-1.1707646118164061,-9.810241302490233,1.5077022735717762,0.5013395290503255,0.605305749282033,3.1029030618330378,1.057561743220684,10.37113786915512,0
Yuksel_Atmaca_2020_DrivingBehaviorDataset,,Sudden Acceleration,ACCELERATION,harsh,162,2.573937799072265,-1.3096283081054687,-9.828881872558593,0.24643447044342642,0.025321218481888435,0.06597223650904638,1.446186313500157,-8.519775401610508,2.6442466828395657,-12.071969586468255,-5.4469276575711545,23.753653205626303,36.03512918701172,-18.334796313476563,-137.6043462158203,0.11252747802734374,-2.2864625854492187,-11.49216796875,4.939238024902344,-0.7422025146484375,-7.9463553100585935,0.2464344704434274,0.025321218481888435,0.06597223650904736,2.1547814941406247,-1.1707646118164061,-9.77432827758789,1.5545728029185508,0.4983134828854404,0.8043423606658152,3.249100218900337,1.044635437466282,10.244374112828714,0
Yuksel_Atmaca_2020_DrivingBehaviorDataset,,Sudden Acceleration,ACCELERATION,harsh,163,2.8822767700195304,-1.3891500061035147,-9.874371704101563,0.21547202156919595,0.028871080939471373,0.0774591707587233,0.47340278334482533,-4.994544575915138,0.29435303077519165,-15.662347757320475,-13.076564201908067,15.885984416830134,40.351874780273434,-19.448100085449216,-138.24120385742188,0.7996633544921875,-2.2864625854492187,-11.49216796875,4.939238024902344,-0.7422025146484375,-7.9463553100585935,0.21547202156919695,0.028871080939471373,0.07745917075872429,2.5522189697265625,-1.2701239807128906,-9.77432827758789,1.4536363714222227,0.532098285935099,0.8715589348523959,2.976524100235871,1.058446143042011,10.379810868662936,0
Yuksel_Atmaca_2020_DrivingBehaviorDataset,,Sudden Acceleration,ACCELERATION,harsh,164,2.945894128417968,-1.4592659118652342,-9.981084692382813,0.20660229371556835,0.028913217902068567,0.0904455770850152,-0.6805454421131253,-1.838844017141607,1.5196819152567755,-14.10651350308168,-15.560210176445866,6.479474523724398,41.24251779785156,-20.42972276611328,-139.73518569335937,0.7996633544921875,-2.2864625854492187,-11.49216796875,4.939238024902344,-0.7422025146484375,-7.9463553100585935,0.20660229371556835,0.028913217902068567,0.09044557708501814,2.7257985900878903,-1.2904746948242187,-9.810241302490233,1.4234030994998508,0.5324864395825722,0.9417898483848681,3.070941961520596,1.0715747434100413,10.508558457462083,0
Yuksel_Atmaca_2020_DrivingBehaviorDataset,,Sudden Acceleration,ACCELERATION,harsh,165,2.9708622314453117,-1.570938317871093,-10.061803491210936,0.201932965854498,0.03394443225768855,0.09589070038336978,-1.07684844034419,-0.5543133280929374,3.5129259418748324,-13.193286160276363,-13.738870588164534,3.491808972181316,41.592071240234375,-21.993136450195312,-140.8652488769531,0.7996633544921875,-2.501940734863281,-11.49216796875,4.939238024902344,-0.7422025146484375,-7.9463553100585935,0.201932965854498,0.03394443225768855,0.09589070038336878,2.7257985900878903,-1.5478513732910155,-9.894038360595703,1.40722632138438,0.5769585484242913,0.969724980040512,3.1711182681931875,1.08173464101514,10.608193017311123,0
Yuksel_Atmaca_2020_DrivingBehaviorDataset,,Sudden Acceleration,ACCELERATION,harsh,166,2.720155114746093,-1.4401122985839843,-10.012209313964844,0.18327871411992863,0.05164653316220336,0.1051542161377559,1.130408955512611,3.299832874363021,2.7927770956506497,-13.578096438949217,-3.3836812538619623,-1.975540182978016,38.08217160644531,-20.16157218017578,-140.1709303955078,0.7996633544921875,-2.501940734863281,-11.49216796875,4.541800549316406,0.02633621826171875,-7.9463553100585935,0.18327871411992963,0.05164653316220336,0.10515421613775688,2.551021868896484,-1.2904746948242187,-9.894038360595703,1.3406529013224147,0.7116737134636407,1.0154853980670233,3.179074176425834,1.068113197685057,10.474612290078165,0
Yuksel_Atmaca_2020_DrivingBehaviorDataset,,Sudden Acceleration,ACCELERATION,harsh,167,2.34221328125,-1.456871710205078,-10.043333935546874,0.2379740974004446,0.053585347307071526,0.11032022059880492,-2.5170455553758373,3.4429460601170496,3.0019787891951726,-2.0476077585817576,-4.780492973986033,-3.948361929406249,32.7909859375,-20.396203942871093,-140.60667509765625,-0.7733271362304687,-2.501940734863281,-11.49216796875,4.541800549316406,0.02633621826171875,-7.9463553100585935,0.2379740974004446,0.053585347307071526,0.1103202205988069,2.3295582153320313,-1.2904746948242187,-9.894038360595703,1.527654634487807,0.7249087847232227,1.0401306607034024,4.037798559583657,1.0620577856207127,10.415228983357363,0
Yuksel_Atmaca_2020_DrivingBehaviorDataset,,Sudden Acceleration,ACCELERATION,harsh,168,2.2098481323242187,-1.3436601745605459,-10.025890466308592,0.22305418258951246,0.05125512188890762,0.11110184840835143,-0.42811552491104726,0.6237985279381355,2.425186105933534,1.0373360131330587,-5.366912501124927,-4.655687689963018,30.93787385253906,-18.811242443847654,-140.3624665283203,-0.7733271362304687,-2.501940734863281,-11.49216796875,4.541800549316406,0.02633621826171875,-7.9463553100585935,0.22305418258951246,0.05125512188890762,0.11110184840835045,2.099714855957031,-1.2701239807128906,-9.810241302490233,1.4789909734989748,0.7089718196598932,1.0438088626246425,3.8859607905049756,1.055824089628607,10.354097308556378,0
Yuksel_Atmaca_2020_DrivingBehaviorDataset,,Sudden Acceleration,ACCELERATION,harsh,169,2.165555401611328,-1.310312365722656,-9.987070196533203,0.22422455278394304,0.05468772668609227,0.11373443543807743,0.5745065598420109,-0.20183691521971406,1.2403878407080338,0.6546326701923203,-8.341518389085941,-6.416445200752719,30.317775622558592,-18.344373120117186,-139.81898275146483,-0.7733271362304687,-2.501940734863281,-11.49216796875,4.541800549316406,0.02633621826171875,-7.9463553100585935,0.22422455278394304,0.05468772668609227,0.11373443543807743,1.8902222106933593,-1.2701239807128906,-9.76235726928711,1.4828660460603507,0.7323273823271728,1.0561031205752722,3.819447244848128,1.0505953575779,10.30282096339131,0
Yuksel_Atmaca_2020_DrivingBehaviorDataset,,Sudden Acceleration,ACCELERATION,harsh,170,2.323743725585937,-1.3151007690429686,-9.98878034057617,0.21498838430367895,0.054324423850040354,0.11338667703030297,-2.296068148367712,-0.03242580802817116,1.2556310632005445,3.705779842404709,-7.9993816246637905,-6.287188488964628,32.53241215820312,-18.411410766601563,-139.8429247680664,-0.7733271362304687,-2.501940734863281,-11.49216796875,4.541800549316406,0.02633621826171875,-7.9463553100585935,0.21498838430367995,0.054324423850040354,0.11338667703030102,2.099714855957031,-1.2701239807128906,-9.76235726928711,1.4520040767613853,0.7298908213897516,1.0544872954660047,3.944971624651566,1.0543343326824381,10.33948778360023,0
Yuksel_Atmaca_2020_DrivingBehaviorDataset,,Sudden Acceleration,ACCELERATION,harsh,171,2.499888562011718,-1.2673877502441402,-9.845470269775388,0.24357619373110542,0.049477674325497906,0.09538679433958,-3.7339785005228343,-1.1942301675621163,-0.06942359254422416,-0.5509594740205436,-3.7118776791259314,-2.252764882973398,34.99843986816406,-17.743428503417967,-137.83658377685546,-0.7733271362304687,-2.501940734863281,-11.319785449218749,4.541800549316406,0.02633621826171875,-7.9463553100585935,0.24357619373110637,0.049477674325497906,0.09538679433957803,2.503137835693359,-1.2701239807128906,-9.724050042724608,1.5455311320879805,0.6965703373846371,0.9671736693635901,3.9992874795550466,1.0438477779448379,10.23664981158274,0
Yuksel_Atmaca_2020_DrivingBehaviorDataset,,Sudden Acceleration,ACCELERATION,harsh,172,2.7755637817382808,-1.2808978881835937,-9.877620977783202,0.24912614557055263,0.049685979299361846,0.09611496730114501,-6.2782720829620535,-0.5354005779511081,1.0280756001020397,3.6158139505329863,-4.083200335627035,-2.685496820067836,38.85789294433594,-17.932570434570312,-138.28669368896485,-0.7733271362304687,-2.501940734863281,-11.319785449218749,4.659116430664063,0.02633621826171875,-7.9463553100585935,0.24912614557055263,0.049685979299361846,0.09611496730114402,2.7257985900878903,-1.2904746948242187,-9.746794958496093,1.5630396397594868,0.6980351057762694,0.9708583027835543,4.2465603535127965,1.0543680725152964,10.339818658332131,0
Yuksel_Atmaca_2020_DrivingBehaviorDataset,,Sudden Acceleration,ACCELERATION,harsh,173,3.0438853820800773,-1.4679876464843742,-9.915244146728515,0.28400170514021866,0.07752035928093458,0.09778669990564554,-7.0939442631741585,-4.9536666351754315,2.214570234103081,4.732937831260873,4.722297340070124,-3.4735438433173496,42.61439534912109,-20.55182705078125,-138.81341805419922,-0.7733271362304687,-3.361459130859375,-11.319785449218749,5.379771130371093,0.02633621826171875,-7.9463553100585935,0.28400170514021866,0.07752035928093458,0.09778669990564749,2.906560815429687,-1.3551181396484375,-9.746794958496093,1.6688634820479868,0.8719031089188628,0.9792650002066439,4.693918291071059,1.0681851855624809,10.475318249996302,0
Yuksel_Atmaca_2020_DrivingBehaviorDataset,,Sudden Acceleration,ACCELERATION,harsh,174,3.081850579833984,-1.493468792724609,-9.927728198242187,0.2834170547841829,0.07486782785046535,0.0976523594324398,-7.889759755945611,-4.532583535113245,2.654881104376463,5.838279669550495,6.602801075923819,-3.2102671796784317,43.14590811767578,-20.90856309814453,-138.9881947753906,-0.7733271362304687,-3.361459130859375,-11.319785449218749,5.379771130371093,0.02633621826171875,-7.9463553100585935,0.2834170547841829,0.07486782785046535,0.0976523594324398,3.172317199707031,-1.3551181396484375,-9.834183319091796,1.6671448228331305,0.8568562213054,0.9785921063589985,4.719917546719833,1.0708867181665467,10.501811234707965,0
Yuksel_Atmaca_2020_DrivingBehaviorDataset,,Sudden Acceleration,ACCELERATION,harsh,175,2.9710332458496085,-1.474315179443359,-9.832815203857422,0.2654150652453304,0.07624550098123414,0.11832723589482017,-6.996646457727993,-5.039730134341641,2.402081854678691,8.071694979811676,5.682558662558314,-8.590827801324929,41.59446544189453,-20.64041251220703,-137.6594128540039,-0.7733271362304687,-3.361459130859375,-11.319785449218749,5.379771130371093,0.02633621826171875,-7.9463553100585935,0.2654150652453304,0.07624550098123414,0.11832723589482212,3.038241906738281,-1.3551181396484375,-9.834183319091796,1.6133296778985127,0.8647039621729643,1.077215757352239,4.597855793211484,1.0581731222728001,10.377133449536554,0
Yuksel_Atmaca_2020_DrivingBehaviorDataset,,Sudden Acceleration,ACCELERATION,harsh,176,2.9848854125976563,-1.4336137512207028,-10.022641192626951,0.2692004257912811,0.08025388232137125,0.09111960469197833,-6.954990898687441,-5.7110598828255945,3.074555153867363,7.3742485403817986,3.3154300547464093,-7.572857152792215,41.78839577636718,-20.070592517089842,-140.31697669677735,-0.7733271362304687,-3.361459130859375,-11.319785449218749,5.379771130371093,0.02633621826171875,-8.224082702636718,0.2692004257912811,0.08025388232137125,0.09111960469197734,3.038241906738281,-1.3024457031249999,-10.0748005859375,1.6247936347690668,0.8871424547765013,0.9452925850510951,4.5908127833619305,1.0763592534474227,10.555478472820168,0
Yuksel_Atmaca_2020_DrivingBehaviorDataset,,Sudden Acceleration,ACCELERATION,harsh,177,3.006604241943359,-1.39821376953125,-9.938331091308592,0.27676375685643695,0.0767895399125716,0.07724789500053088,-6.665415884709304,-7.095295276056189,3.5139873328490823,6.222678195072318,8.080699066505995,-4.451034474918157,42.09245938720703,-19.574992773437497,-139.1366352783203,-0.7733271362304687,-3.361459130859375,-11.228805786132812,5.379771130371093,0.02633621826171875,-8.224082702636718,0.27676375685643695,0.0767895399125716,0.07724789500053088,3.038241906738281,-1.3024457031249999,-10.049661468505859,1.6474602563267426,0.8677834646866849,0.8703695017100248,4.591389888753035,1.068344834703436,10.47688387324445,0
Yuksel_Atmaca_2020_DrivingBehaviorDataset,,Sudden Acceleration,ACCELERATION,harsh,178,3.1470070678710926,-1.3513558227539053,-9.862229681396483,0.29620994903674425,0.074577233756505,0.06394644101067207,-8.00196862695629,-9.095116051987159,5.144584664341377,4.750674800007762,13.109452633544665,-1.21388437517121,44.05809895019531,-18.918981518554688,-138.07121553955076,-0.7733271362304687,-3.361459130859375,-11.001356628417968,5.379771130371093,0.02633621826171875,-8.224082702636718,0.29620994903674425,0.074577233756505,0.06394644101067207,3.172317199707031,-1.2234370483398436,-10.049661468505859,1.7043553903811235,0.8551916916213781,0.7918966888030979,4.700325638200499,1.0645827024007188,10.439989958498009,0
Yuksel_Atmaca_2020_DrivingBehaviorDataset,,Sudden Acceleration,ACCELERATION,harsh,179,3.3282823364257803,-1.386926818847656,-9.59476315307617,0.30866990026327246,0.08537251802774497,0.10548693434767942,-10.222375164529797,-9.48824317418543,10.80139596469757,7.138133169828933,8.572926359930603,13.180908504242137,46.59595270996093,-19.416975463867185,-134.3266841430664,-0.7733271362304687,-3.361459130859375,-11.001356628417968,5.379771130371093,0.02633621826171875,-7.149086157226562,0.30866990026327246,0.08537251802774497,0.10548693434767942,3.7888241271972656,-1.2234370483398436,-9.834183319091796,1.7398326578774246,0.9149963955758478,1.0170906767445453,5.167524947727856,1.0451992159426948,10.249902891024426,0
Yuksel_Atmaca_2020_DrivingBehaviorDataset,,Sudden Acceleration,ACCELERATION,harsh,180,3.5880532165527335,-1.5163847229003902,-9.50173131713867,0.2966638880939435,0.0691149120256299,0.13327698059208032,-13.974785058631923,-12.132977527453022,9.684748492543836,19.71643668947767,9.798114488121325,1.636733937720975,50.232745031738276,-21.22938612060547,-133.0242384399414,-0.7733271362304687,-3.361459130859375,-11.001356628417968,5.379771130371093,-0.6248866333007812,-7.149086157226562,0.2966638880939435,0.0691149120256299,0.1332769805920813,4.351461517333984,-1.3407529296874998,-9.834183319091796,1.705660845003036,0.823277445346433,1.1432413138630604,5.2878045917948215,1.0471668636853582,10.269198923760015,0
Yuksel_Atmaca_2020_DrivingBehaviorDataset,,Sudden Acceleration,ACCELERATION,harsh,181,3.9895950378417964,-1.47807749633789,-9.035888079833983,0.1422096441102715,0.06636244341031844,0.2896487133066247,-8.859548370454725,-14.206276274009243,17.182502237666398,-4.269833600854638,16.97327367786705,31.372957336176526,55.85433052978515,-20.69308494873047,-126.50243311767578,1.7573440185546874,-3.361459130859375,-10.603919152832031,5.379771130371093,-0.6248866333007812,-4.479551306152343,0.1422096441102705,0.06636244341031844,0.2896487133066247,4.521449835205078,-1.3407529296874998,-9.597157354736327,1.1809319228533,0.8067175811086557,1.6853734168867187,5.412049130372411,1.0184349250745377,9.987434857982215,0
Yuksel_Atmaca_2020_DrivingBehaviorDataset,,Sudden Acceleration,ACCELERATION,harsh,182,4.034742840576172,-1.5163847229003902,-9.044609814453125,0.12402944605155605,0.06192367410648276,0.2910457174113156,-8.162137882719467,-14.917285524211458,17.200065459332066,-4.646300312547712,19.688442276894023,31.222232298648375,56.486399768066406,-21.22938612060547,-126.62453740234375,1.7573440185546874,-3.361459130859375,-10.603919152832031,5.379771130371093,-0.6248866333007812,-4.479551306152343,0.12402944605155605,0.06192367410648276,0.2910457174113166,4.521449835205078,-1.3407529296874998,-9.658209497070311,1.1028659787669093,0.7792713254549684,1.6894328884722505,5.424998078309281,1.0216698467930294,10.019158603052862,0
Yuksel_Atmaca_2020_DrivingBehaviorDataset,,Sudden Acceleration,ACCELERATION,harsh,183,4.043464575195312,-1.625491912841796,-8.990569262695312,0.11977553661282196,0.057555124509219055,0.29068847818695415,-7.632714145966234,-13.629532521988539,16.152591805831992,-6.559113835517068,14.183912708930768,28.475562623912182,56.608504052734375,-22.756886779785155,-125.86796967773437,1.879448303222656,-3.361459130859375,-10.603919152832031,5.379771130371093,-0.7206546997070312,-4.479551306152343,0.11977553661282196,0.057555124509219055,0.2906884781869561,4.521449835205078,-1.429338391113281,-9.658209497070311,1.0837881555563027,0.751280880741911,1.6883957369681184,5.2958315316527225,1.0188091053705968,9.991104313182563,0
Yuksel_Atmaca_2020_DrivingBehaviorDataset,,Sudden Acceleration,ACCELERATION,harsh,184,3.893313928222655,-1.5770948364257802,-9.005789544677734,0.18353203691427514,0.06753938465851941,0.2912981698461447,-10.28318091026305,-9.557754617104635,16.406356740554745,0.2768636459752649,10.207622918113307,28.99838720696491,54.506394995117184,-22.079327709960936,-126.08105362548828,0.9840168823242187,-3.361459130859375,-10.603919152832031,5.379771130371093,-0.3232172241210937,-4.479551306152343,0.18353203691427417,0.06753938465851941,0.29129816984614565,4.521449835205078,-1.429338391113281,-9.658209497070311,1.3415790881663945,0.8138397302672531,1.6901654348973372,5.66875628585427,1.0133196960085245,9.937271596861997,0
Yuksel_Atmaca_2020_DrivingBehaviorDataset,,Sudden Acceleration,ACCELERATION,harsh,185,3.6019053833007804,-1.4631992431640617,-9.052305462646483,0.2733713299100215,0.08999423625973506,0.29929134610467145,-8.773117742083372,-4.694093003649201,16.451664450499184,-4.359281683813424,5.534426371868843,28.073324847961782,50.42667536621094,-20.484789404296873,-126.73227647705077,0.30406361083984373,-3.361459130859375,-10.603919152832031,5.379771130371093,0.17477672119140625,-4.479551306152343,0.2733713299100215,0.08999423625973506,0.2992913461046724,4.489128112792969,-1.350329736328125,-9.89523546142578,1.6373322669703032,0.939437053248665,1.7131974431680055,5.948884898294448,1.0046089112144712,9.851847979161391,0
Yuksel_Atmaca_2020_DrivingBehaviorDataset,,Sudden Acceleration,ACCELERATION,harsh,186,3.3852301330566394,-1.3881239196777342,-9.031270690917967,0.29008341773966145,0.09844105610285786,0.2946682629177191,-5.2229777371974695,-5.577459386323698,16.571936792965516,-11.219018916733042,1.9381007207774024,28.851467357813956,47.39322186279296,-19.43373487548828,-126.43778967285155,0.30406361083984373,-3.361459130859375,-10.603919152832031,5.379771130371093,0.17477672119140625,-4.479551306152343,0.29008341773966145,0.09844105610285786,0.294668262917721,3.7888241271972656,-1.2497732666015624,-9.86291373901367,1.6866376459028343,0.9825359956923174,1.6999142685859396,5.840016125916947,0.9936375636631385,9.744255813697116,0
Yuksel_Atmaca_2020_DrivingBehaviorDataset,,Sudden Acceleration,ACCELERATION,harsh,187,3.138114318847656,-1.1632399780273432,-8.980992456054686,0.2690093320965757,0.07317286531833446,0.2835811416405881,-2.8587671051318675,-4.5711326631093,16.918607603051004,-13.395835087660013,3.0536399655749245,30.824221827582637,43.93360046386719,-16.285359692382812,-125.73389438476562,0.30406361083984373,-2.999934680175781,-10.603919152832031,5.066130712890625,0.17477672119140625,-4.479551306152343,0.2690093320965767,0.07317286531833446,0.28358114164059006,3.124433166503906,-1.2114660400390624,-9.744400756835937,1.6242168471620078,0.847101339671973,1.6676273572563198,5.627456198896073,0.9773282470429426,9.584316053863672,0
Yuksel_Atmaca_2020_DrivingBehaviorDataset,,Sudden Acceleration,ACCELERATION,harsh,188,3.034479589843749,-1.1223675354003904,-8.985438830566405,0.2816016678961418,0.07536125425180559,0.28456530949656755,-0.9776926666452054,-5.775778039888648,16.886295518657825,-15.72170599001185,2.21075953070747,30.635360701664318,42.482714257812496,-15.713145495605469,-125.79614362792968,0.30406361083984373,-2.999934680175781,-10.603919152832031,5.066130712890625,0.17477672119140625,-4.479551306152343,0.2816016678961418,0.07536125425180559,0.28456530949656855,2.7425580017089843,-1.13006318359375,-9.744400756835937,1.6617969179396452,0.8596751968089287,1.6705185998289644,5.593161197767337,0.9738470617991449,9.550177288592584,0
Yuksel_Atmaca_2020_DrivingBehaviorDataset,,Sudden Acceleration,ACCELERATION,harsh,189,2.947946301269531,-1.0972284179687497,-9.105148913574219,0.29313012246993847,0.07681583697429008,0.28500594907494675,0.47542234680623086,-6.48400610389919,19.08217759997746,-17.16453338299804,1.748734552932536,37.452773470235236,41.27124821777343,-15.3611978515625,-127.47208479003905,0.30406361083984373,-2.999934680175781,-10.603919152832031,5.066130712890625,0.17477672119140625,-4.479551306152343,0.29313012246993847,0.07681583697429008,0.28500594907494675,2.2074539306640624,-0.9792284790039062,-9.86291373901367,1.6954717678333147,0.8679320409248232,1.6718114697823538,5.657434049706859,0.9823103340828683,9.63317363773376,0
Yuksel_Atmaca_2020_DrivingBehaviorDataset,,Sudden Acceleration,ACCELERATION,harsh,190,2.7675261047363273,-1.0799559631347653,-9.058632995605468,0.28526587825130945,0.07867030332581305,0.27278294118321894,3.4386364503544375,-6.693380414792064,19.957306726101784,-15.356310535975005,0.8484474440296466,40.40420442778671,38.74536546630859,-15.119383483886718,-126.82086193847655,0.30406361083984373,-2.999934680175781,-10.16338604736328,5.066130712890625,0.17477672119140625,-4.479551306152343,0.28526587825130945,0.07867030332581305,0.27278294118321894,1.8997990173339843,-0.9540893615722655,-9.86291373901367,1.6725736530727746,0.878346247279562,1.635569267916959,5.542829137850997,0.9721288837301696,9.533327717632467,0
Yuksel_Atmaca_2020_DrivingBehaviorDataset,,Sudden Acceleration,ACCELERATION,harsh,191,2.5597436035156242,-1.0079588989257813,-9.024259100341798,0.25718979846835055,0.07763053202216412,0.26631007745483687,6.68160888808187,-9.324693895871098,20.17746875322889,-9.726559414928406,5.382536580868694,41.64474253117535,35.83641044921875,-14.111424584960936,-126.33962740478515,0.30406361083984373,-2.999934680175781,-10.16338604736328,5.066130712890625,0.17477672119140625,-4.479551306152343,0.25718979846835155,0.07763053202216412,0.26631007745483787,1.8519149841308593,-0.6416460449218749,-9.744400756835937,1.5881342314646014,0.8725224678225538,1.6160475615131158,5.559164756480428,0.9620281877731429,9.434273727625492,0
Yuksel_Atmaca_2020_DrivingBehaviorDataset,,Sudden Acceleration,ACCELERATION,harsh,192,2.3582886352539063,-0.9682835571289056,-8.9803083984375,0.2208622255031879,0.07766629705383161,0.2580717970366664,10.365487061911793,-10.821809435642013,20.49448884701055,0.987241554615948,7.841416743543793,43.32795285338661,33.01604089355469,-13.555969799804688,-125.724317578125,0.30406361083984373,-2.999934680175781,-10.137049829101562,5.066130712890625,0.17477672119140625,-4.479551306152343,0.2208622255031879,0.07766629705383161,0.2580717970366664,1.8471265808105468,-0.6416460449218749,-9.658209497070311,1.4717059977219769,0.8727234338568916,1.590855049465421,5.631769651446401,0.9519204446933356,9.335150628951899,0
Yuksel_Atmaca_2020_DrivingBehaviorDataset,,Sudden Acceleration,ACCELERATION,harsh,193,2.152387292480469,-0.801544512939453,-9.160557580566405,0.17008292049077778,0.042955090908246736,0.23195922584258327,14.738578052097607,-8.25367739305739,26.51353329991794,22.12377772432466,1.2517341330467615,75.97842456256727,30.133422094726562,-11.221623181152344,-128.2478061279297,0.30406361083984373,-2.152387292480469,-10.137049829101562,5.066130712890625,0.17477672119140625,-4.479551306152343,0.17008292049077875,0.042955090908247714,0.2319592258425862,1.8471265808105468,-0.6392518432617187,-9.665392102050781,1.2914889361627904,0.6490343151601221,1.5082250966315343,5.676838616353769,0.9630303778683296,9.444101855122454,0
Yuksel_Atmaca_2020_DrivingBehaviorDataset,,Sudden Acceleration,ACCELERATION,harsh,194,1.9257932067871089,-0.7184315124511715,-9.329348797607421,0.0983743692208935,0.0348448304188933,0.21244210739078243,18.583704806290584,-11.98260731858093,32.91245476434042,66.47638109917673,19.224511757806717,115.69038841759814,26.96110489501953,-10.058041174316406,-130.6108831665039,0.30406361083984373,-2.152387292480469,-10.137049829101562,4.848258361816406,0.17477672119140625,-4.479551306152343,0.09837436922089449,0.0348448304188933,0.2124421073907844,1.8471265808105468,-0.6177040283203125,-9.751583361816406,0.982203139844343,0.5845605667742632,1.443379850366437,5.84102452225325,0.9741443092163525,9.553092289976545,0
Yuksel_Atmaca_2020_DrivingBehaviorDataset,,Sudden Acceleration,ACCELERATION,harsh,195,1.9322917541503901,-0.6507098083496092,-9.685742816162108,0.10260584522336676,0.02893088202510864,0.01415242151148024,19.320205251041603,-16.79530941756463,16.08652872810481,68.6572969508681,47.64736025754508,34.65298496977481,27.052084558105467,-9.10993731689453,-135.60039942626952,0.30406361083984373,-2.152387292480469,-10.137049829101562,4.939238024902344,0.17477672119140625,-8.66940421142578,0.10260584522336676,0.02893088202510864,0.01415242151148024,1.8471265808105468,-0.6105214233398437,-9.751583361816406,1.003104985562198,0.5326490722901299,0.37254240619768364,3.5113680099089666,1.0093170886154852,9.898019427071047,0
Yuksel_Atmaca_2020_DrivingBehaviorDataset,,Sudden Acceleration,ACCELERATION,harsh,196,1.9847931762695312,-0.6035098327636715,-9.599551556396484,0.11302665972113526,0.026025204441523793,0.022015949530211038,16.510821134486726,-21.51805291724682,12.374784701844108,47.90215979612076,75.72038552799764,9.173147523229634,27.787104467773435,-8.449137658691406,-134.39372178955077,0.30406361083984373,-2.152387292480469,-10.137049829101562,4.939238024902344,0.17477672119140625,-8.623914379882812,0.11302665972113624,0.026025204441523793,0.022015949530211038,1.8471265808105468,-0.6069301208496093,-9.665392102050781,1.0528118979923635,0.5051931028195827,0.46465332395287184,3.475576736173047,1.0014787485721246,9.821151569684824,0
Yuksel_Atmaca_2020_DrivingBehaviorDataset,,Sudden Acceleration,ACCELERATION,harsh,197,2.0641438598632806,-0.46105483398437463,-9.543800860595704,0.1201796660547071,0.006535558518537795,0.037842412828825195,13.24551818872086,13.84106073274751,18.695767154442596,33.12120178868532,16.567210840546494,36.17019951538013,28.898014038085936,-6.45476767578125,-133.61321204833985,0.30406361083984373,-0.7062894897460937,-10.137049829101562,4.939238024902344,0.17477672119140625,-7.888894470214844,0.1201796660547071,0.006535558518537795,0.03784241282882618,1.8471265808105468,-0.5913678100585937,-9.665392102050781,1.0856149971861107,0.2531638499980276,0.6091857662222644,3.377745310902278,0.9968079162572496,9.775346351964156,0
Yuksel_Atmaca_2020_DrivingBehaviorDataset,,Sudden Acceleration,ACCELERATION,harsh,198,1.9841091186523427,-0.3502374999999998,-9.676508038330077,0.14831086753652556,0.027422028693327497,0.05550247633216363,7.228401061384571,24.561683861462544,7.7367334186707435,23.55097299617932,67.61041053047393,27.813569983009558,27.77752766113281,-4.903325,-135.4711125366211,-0.13646949462890623,-0.7062894897460937,-11.145008728027342,4.939238024902344,1.2282254516601563,-7.888894470214844,0.14831086753652653,0.027422028693327497,0.055502476332164624,1.8471265808105468,-0.5913678100585937,-9.783905084228515,1.2059986604997046,0.5185732712794042,0.7377624004534403,3.7973536062931634,1.0078911525063152,9.884035770726056,0
Yuksel_Atmaca_2020_DrivingBehaviorDataset,,Sudden Acceleration,ACCELERATION,harsh,199,2.06636704711914,-0.4586606323242184,-9.712250048828125,0.12761816636816753,0.03170210351577171,0.06094150711389746,9.415333572824252,20.819840205580178,6.80839752004764,34.68528184023951,70.74667600405598,20.877599578591816,28.929138659667966,-6.421248852539062,-135.97150068359375,-0.13646949462890623,-1.3431471313476562,-11.145008728027342,4.939238024902344,1.2282254516601563,-7.888894470214844,0.1276181663681685,0.03170210351577171,0.06094150711389648,1.8471265808105468,-0.6069301208496093,-9.783905084228515,1.1187075986219097,0.557576392472767,0.7730666405546784,3.797841213293327,1.0136207070245997,9.94022350654279,0
Yuksel_Atmaca_2020_DrivingBehaviorDataset,,Sudden Acceleration,ACCELERATION,harsh,200,1.9747033264160154,-0.5050055358886711,-9.84444418334961,0.14848557213670913,0.03404772241425026,0.0912020672416444,7.591137302233922,20.582494481268714,-0.19520506332636442,23.36144466825254,65.92658273236633,12.15114103565885,27.64584656982422,-7.070077502441406,-137.82221856689452,-0.13646949462890623,-1.3431471313476562,-11.745953344726562,4.939238024902344,1.2282254516601563,-7.888894470214844,0.14848557213670913,0.03404772241425026,0.09120206724164538,1.8471265808105468,-0.6105214233398437,-9.78629928588867,1.2067087618785504,0.5778357007088715,0.9457202296214688,3.9518008951958064,1.0251448301287343,10.053236548381951,0
Yuksel_Atmaca_2020_DrivingBehaviorDataset,,Sudden Acceleration,ACCELERATION,harsh,201,1.8148048583984373,-0.49816495971679653,-9.676166009521484,0.18690168356528644,0.03455310903271736,0.13851134199763596,5.172907468843262,19.87821123322405,4.0321115525705915,12.753643465762154,61.791495579585714,5.961297027053438,25.407268017578122,-6.974309436035155,-135.4663241333008,-0.3184288208007812,-1.3431471313476562,-11.745953344726562,4.939238024902344,1.2282254516601563,-7.302315063476562,0.18690168356528644,0.03455310903271736,0.13851134199763693,1.8160019592285155,-0.6105214233398437,-9.78629928588867,1.3538387626063602,0.582108449256413,1.1654751185680148,4.286919031015431,1.0051830193835272,9.857478057037467,0
Yuksel_Atmaca_2020_DrivingBehaviorDataset,,Sudden Acceleration,ACCELERATION,harsh,202,1.7448599670410154,-0.3724693725585934,-9.571505194091795,0.1939962666148173,0.05394046362500913,0.14619658441669575,6.312009743392374,14.382049784708842,1.450124978386194,10.952293901105765,18.181286334274034,0.9954744186426442,24.428039538574218,-5.214571215820312,-134.00107271728515,-0.3184288208007812,-1.3431471313476562,-11.745953344726562,4.939238024902344,1.2282254516601563,-7.302315063476562,0.1939962666148173,0.05394046362500913,0.14619658441669675,1.8088193542480469,-0.6069301208496093,-9.665392102050781,1.3792945617228412,0.7273068455667105,1.197371594188704,4.232670427248995,0.9928338567462209,9.736374141260328,0
Yuksel_Atmaca_2020_DrivingBehaviorDataset,,Sudden Acceleration,ACCELERATION,harsh,203,1.7717092285156248,-0.19256221923828054,-9.550470422363281,0.19522608461242438,0.08837581719022507,0.1453105231000816,5.609214711902509,12.11206746927419,0.8768561680034215,9.721979688056308,5.703301747381975,1.3481820533819115,24.80392919921875,-2.6958710693359373,-133.70658591308592,-0.3184288208007812,-1.3431471313476562,-11.745953344726562,4.939238024902344,1.848323681640625,-7.302315063476562,0.19522608461242438,0.08837581719022507,0.1453105231000826,1.8471265808105468,-0.5913678100585937,-9.631873278808593,1.3836595978290458,0.9309515066041434,1.1937375931750775,4.387784914286077,0.990687332692325,9.71532393114719,0
Yuksel_Atmaca_2020_DrivingBehaviorDataset,,Sudden Acceleration,ACCELERATION,harsh,204,1.6807295654296874,-0.17973613891601534,-9.53080376586914,0.20661221131774068,0.0878042222269452,0.14412530861898054,6.74989455442514,11.780581553112645,0.3528607080744927,7.332045652476672,5.353076289212088,1.9194684379869609,23.530213916015622,-2.5163059448242184,-133.43125272216795,-0.3184288208007812,-1.3431471313476562,-11.745953344726562,4.939238024902344,1.848323681640625,-7.302315063476562,0.20661221131774068,0.0878042222269452,0.14412530861898054,1.8471265808105468,-0.5913678100585937,-9.631873278808593,1.4234372631483017,0.9279360300698937,1.1888593094930668,4.438137662680423,0.9870377696882824,9.679533944113594,0
Yuksel_Atmaca_2020_DrivingBehaviorDataset,,Sudden Acceleration,ACCELERATION,harsh,205,1.6862020263671873,-0.2409592956542963,-9.3962154296875,0.20682762369238317,0.09888344282358832,0.16621884540090345,6.609815828386003,10.118394267670805,-1.0538389478613812,7.099005230620379,2.739696570266247,-4.038324170775346,23.606828369140622,-3.373430139160156,-131.547016015625,-0.3184288208007812,-1.4628572143554686,-11.745953344726562,4.939238024902344,1.848323681640625,-7.302315063476562,0.20682762369238414,0.09888344282358832,0.16621884540090148,1.8818425048828125,-0.5925649108886718,-9.576806640625,1.4241791024597028,0.9847412424418654,1.276734130604629,4.524225329971096,0.9737633299129432,9.549356159290765,0
Yuksel_Atmaca_2020_DrivingBehaviorDataset,,Sudden Acceleration,ACCELERATION,harsh,206,1.697146948242187,-0.17323759155273394,-9.373128485107422,0.20744015124623555,0.09850952866707854,0.16620974034838804,6.3268876729224255,8.004789947603012,-1.6710676889476135,6.568100605047355,-0.3966069958470836,-3.9002751859333333,23.760057275390622,-2.4253262817382812,-131.2237987915039,-0.3184288208007812,-1.4628572143554686,-11.745953344726562,4.939238024902344,1.848323681640625,-7.302315063476562,0.20744015124623555,0.09850952866707854,0.166209740348389,1.897404815673828,-0.4381389038085937,-9.537302313232422,1.4262864225739877,0.9828776471682567,1.2766991619749484,4.497572939381991,0.9714950224869204,9.527111662271357,0
Yuksel_Atmaca_2020_DrivingBehaviorDataset,,Sudden Acceleration,ACCELERATION,harsh,207,1.5933412048339843,-0.13578543701171789,-9.239053192138671,0.21735713999168163,0.09646206731887873,0.18305476194471013,7.834422756369437,7.052807355890346,-3.4462921523942676,5.760410146135005,-0.4966671877270969,-6.582927167215639,22.30677686767578,-1.9009961181640624,-129.3467446899414,-0.3184288208007812,-1.4628572143554686,-11.745953344726562,4.939238024902344,1.848323681640625,-7.302315063476562,0.2173571399916826,0.09646206731887971,0.18305476194471113,1.6747440612792968,-0.22864625854492185,-9.34696328125,1.4599813001882713,0.9726097534328417,1.3398335647479152,4.6277708348953634,0.9561288893926327,9.37642137316226,0
Yuksel_Atmaca_2020_DrivingBehaviorDataset,,Sudden Acceleration,ACCELERATION,harsh,208,1.5519557189941395,-0.1592144104003906,-9.315667645263671,0.2170711225114189,0.0997501667429619,0.20255657041932484,8.809945832275503,7.133164332754308,-2.6399668427971053,7.1621136735136774,-1.555445860251072,-10.650727914740157,21.727380065917966,-2.2290017456054687,-130.4193470336914,-0.3184288208007812,-1.4628572143554686,-11.745953344726562,4.939238024902344,1.848323681640625,-7.302315063476562,0.2170711225114189,0.0997501667429619,0.20255657041932484,1.3850456604003905,-0.22864625854492185,-9.34696328125,1.4590203986156636,0.9890475078022652,1.4093975277765598,4.627113483796168,0.9631627426253914,9.445399909967293,0
Yuksel_Atmaca_2020_DrivingBehaviorDataset,,Sudden Acceleration,ACCELERATION,harsh,209,1.2393413879394524,-0.18777381591796802,-9.54003854370117,0.12401716466855497,0.10373039789428994,0.2819847449150207,4.273996254431665,7.251893832389494,-3.789199055924586,-7.384553598277566,-2.6737646618545465,-9.735077174977153,17.350779431152343,-2.6288334228515624,-133.5605396118164,-0.3184288208007812,-1.4628572143554686,-12.610260144042968,3.229778039550781,1.848323681640625,-7.302315063476562,0.12401716466855596,0.10373039789429091,0.2819847449150217,1.071405242919922,-0.22864625854492185,-9.415198028564452,1.1028113745772188,1.0085869850984837,1.6629268470744296,4.187337072513679,0.9811745300957758,9.622035205563739,0
Yuksel_Atmaca_2020_DrivingBehaviorDataset,,Sudden Acceleration,ACCELERATION,harsh,210,0.9599038513183586,-0.20162598266601478,-9.645041387939452,0.11333254131067194,0.10518850701806552,0.2765973543940818,2.966068988199433,7.452729899340035,-1.893909896947429,-5.777216712928873,-2.995602637340848,-9.775354889165046,13.43865391845703,-2.8227637573242186,-135.03057943115235,-0.6823474731445313,-1.4628572143554686,-12.610260144042968,2.990357873535156,1.848323681640625,-7.302315063476562,0.11333254131067291,0.1051885070180665,0.27659735439408273,0.6955155822753906,-0.22864625854492185,-9.641450085449218,1.0542355364169402,1.015650959901443,1.6469649193193925,4.137337239587239,0.9885931319099052,9.694786837044271,0
Yuksel_Atmaca_2020_DrivingBehaviorDataset,,Sudden Acceleration,ACCELERATION,harsh,211,0.6048779479980463,-0.09474197998046847,-9.684887744140624,0.13494826356436143,0.12252142775104553,0.2634950810556209,-6.2906422329977865,5.010721953613774,-1.9688886880597019,4.710218606758193,-10.992556060181764,-8.595309387460585,8.468291271972657,-1.3263877197265623,-135.58842841796874,-1.9800047729492187,-1.4628572143554686,-12.610260144042968,2.1547814941406247,1.848323681640625,-7.302315063476562,0.13494826356436243,0.12252142775104553,0.26349508105562286,0.5410895751953124,-0.22026655273437498,-9.641450085449218,1.1503870604641981,1.0961408483652075,1.607483759368698,4.360610797185774,0.9895551423633808,9.70422093685785,0
Yuksel_Atmaca_2020_DrivingBehaviorDataset,,Sudden Acceleration,ACCELERATION,harsh,212,0.5864083923339837,-0.2300143737792966,-9.487537121582031,0.138442522574273,0.10933917768677794,0.2558083098870049,-5.839407935226821,8.472142816856792,-5.179563898841429,2.5238775956100645,-2.825352417006208,-5.076495006696485,8.20971749267578,-3.220201232910156,-132.82551970214843,-1.9800047729492187,-1.4628572143554686,-12.610260144042968,2.1547814941406247,1.848323681640625,-7.302315063476562,0.13844252257427395,0.10933917768677794,0.2558083098870059,0.5410895751953124,-0.48243163452148435,-9.415198028564452,1.1651855491736098,1.0354955561768715,1.5838631765886237,4.54503736866411,0.9695894921518146,9.50842479321059,0
Yuksel_Atmaca_2020_DrivingBehaviorDataset,,Sudden Acceleration,ACCELERATION,harsh,213,0.6303590942382811,-0.17956512451171874,-9.421525561523437,0.14959115032782824,0.10063884234978548,0.24535763659798107,-5.149699663189216,9.027164764569463,-6.61977844714284,0.042951367423350956,-1.1407206280286117,-1.2359894675736303,8.825027319335938,-2.5139117431640625,-131.9013578613281,-1.9800047729492187,-1.4628572143554686,-12.610260144042968,2.1547814941406247,1.848323681640625,-7.302315063476562,0.14959115032782924,0.10063884234978548,0.24535763659798204,0.5410895751953124,-0.46806642456054687,-9.415198028564452,1.2111928229486884,0.993443457540253,1.5511726102995764,4.592859759125252,0.9630502463568039,9.444296698434952,0
Yuksel_Atmaca_2020_DrivingBehaviorDataset,,Sudden Acceleration,ACCELERATION,harsh,214,0.9152690917968748,-0.2055593139648433,-9.234948846435547,0.2474540532602709,0.10649690788158976,0.19980317684629673,3.0318892686035737,8.183984984633629,-9.57485831241726,8.163599760586118,-2.1216520732618522,13.439654128636993,12.81376728515625,-2.877830395507812,-129.28928385009766,-1.9800047729492187,-1.4628572143554686,-12.610260144042968,4.331110803222656,1.848323681640625,-7.302315063476562,0.24745405326027187,0.10649690788158976,0.19980317684629773,0.6955155822753906,-0.46806642456054687,-9.179369165039063,1.5577853804054156,1.0219480914787191,1.3997856350955142,5.2229432615058915,0.9465485322313032,9.282470163606108,0
Yuksel_Atmaca_2020_DrivingBehaviorDataset,,Sudden Acceleration,ACCELERATION,harsh,215,1.3120225097656248,-0.29995926513671856,-9.35722414550781,0.36467394455166907,0.11738920993988254,0.16924583375820812,5.121908899372944,8.762726711053949,-11.980155125732344,5.911826105868955,-2.836828015058603,20.436584102144625,18.36831513671875,-4.199429711914062,-131.00113803710937,-1.9800047729492187,-1.4628572143554686,-12.610260144042968,5.236119030761718,1.848323681640625,-7.773972790527344,0.36467394455167,0.11738920993988353,0.16924583375820715,1.071405242919922,-0.6512228515624999,-9.179369165039063,1.8910922077830146,1.0729375078060042,1.288306894969102,5.53135574098011,0.9639906639988355,9.453519045104178,0
Yuksel_Atmaca_2020_DrivingBehaviorDataset,,Sudden Acceleration,ACCELERATION,harsh,216,1.6357527770996083,-0.47131569824218705,-9.538328399658203,0.47990192976765905,0.1048579984293526,0.18423468682387556,3.960083496565465,12.954403581961685,-7.972457873153193,-3.2642228305643552,11.199327475749955,6.984410508593151,22.90053887939453,-6.598419775390624,-133.53659759521483,-1.9800047729492187,-1.4628572143554686,-12.610260144042968,5.360617517089843,1.848323681640625,-7.773972790527344,0.47990192976765905,0.10485799842935359,0.18423468682387653,1.6077064147949218,-0.718260498046875,-9.415198028564452,2.169384765217092,1.0140540864752827,1.3441447435233214,5.356501547286667,0.9880073184953848,9.689041969922766,0
Yuksel_Atmaca_2020_DrivingBehaviorDataset,,Sudden Acceleration,ACCELERATION,harsh,217,1.8031758789062493,-0.7003039855957031,-9.473000897216796,0.5390037184669415,0.06305370265554824,0.1893629350248426,2.511998289494101,14.22985982736676,-9.085866041054162,-9.007072265815726,23.079493569556497,6.938752101428029,25.2444623046875,-9.804255798339844,-132.62201256103515,-1.9800047729492187,-1.4628572143554686,-12.610260144042968,5.360617517089843,1.3383587280273437,-7.773972790527344,0.5390037184669425,0.06305370265554923,0.1893629350248436,1.6077064147949218,-0.8607154968261719,-9.179369165039063,2.299091302167846,0.7863495362413867,1.36272375291597,5.320807935481864,0.9859111580524722,9.668485658115275,0
Yuksel_Atmaca_2020_DrivingBehaviorDataset,,Sudden Acceleration,ACCELERATION,harsh,218,2.022245330810546,-0.7668285888671873,-9.39895166015625,0.5457550137376552,0.06351220869146838,0.19386724464847552,-0.24167012768529264,16.59414576242786,-10.419823617781606,-10.11765352335183,29.33397090723303,7.831064089854584,28.311434631347655,-10.735600244140624,-131.58532324218748,-1.9800047729492187,-1.4628572143554686,-12.610260144042968,5.360617517089843,1.3383587280273437,-7.773972790527344,0.5457550137376552,0.06351220869146838,0.19386724464847455,1.9620482604980467,-0.9792284790039062,-9.074024291992187,2.313445137769725,0.7892033967008701,1.378835818628153,5.546379153190075,0.9834727784184625,9.644573322477415,0
Yuksel_Atmaca_2020_DrivingBehaviorDataset,,Sudden Acceleration,ACCELERATION,harsh,219,2.101253985595702,-0.6773880554199212,-9.482577703857421,0.5525626254442784,0.0612597343196083,0.17400511696877236,-1.3358871113263953,14.500512997974116,-11.710478028871615,-10.614376268980385,23.512843355191304,11.48139359710676,29.41755579833984,-9.483432775878907,-132.7560878540039,-1.9800047729492187,-1.438915197753906,-12.610260144042968,5.360617517089843,1.3383587280273437,-7.79552060546875,0.5525626254442794,0.0612597343196083,0.17400511696877335,2.0470424194335934,-0.8607154968261719,-9.074024291992187,2.327829089691325,0.7750824301746199,1.3062952500571334,5.52288924348684,0.9928151166561785,9.736190363756313,0
Yuksel_Atmaca_2020_DrivingBehaviorDataset,,Sudden Acceleration,ACCELERATION,harsh,220,2.271242303466796,-0.7851271301269525,-9.405792236328125,0.5908968299401494,0.056079971112540095,0.18676856673405692,-2.866772032966998,19.462273106278133,-11.646118155506649,-12.370410836923977,46.421021867851394,9.423206930754047,31.797392248535154,-10.991779821777342,-131.68109130859375,-1.9800047729492187,-1.438915197753906,-12.610260144042968,5.360617517089843,1.3383587280273437,-7.79552060546875,0.5908968299401494,0.056079971112540095,0.18676856673405692,2.539050860595703,-0.9792284790039062,-8.979453326416015,2.407222132943399,0.7415906207003921,1.3533565550003979,5.731571203962431,0.9899333033514328,9.707929429311328,0
Yuksel_Atmaca_2020_DrivingBehaviorDataset,,Sudden Acceleration,ACCELERATION,harsh,221,2.659787030029296,-0.886880700683593,-9.51507044067383,0.6538689789454519,0.05647171318668582,0.16516863620636435,-4.824189109176396,22.39866410061187,-12.831223891266333,-10.28992240466157,60.9887398523684,12.768789787283227,37.23701842041015,-12.416329809570312,-133.2109861694336,-1.9800047729492187,-1.5658078857421873,-12.610260144042968,5.923254907226562,1.3383587280273437,-8.149862451171874,0.6538689789454519,0.05647171318668582,0.16516863620636535,3.296815686035156,-1.1192892761230469,-9.074024291992187,2.5322448977884076,0.7441762735550055,1.272694388395406,6.004961098118682,1.0115132010700416,9.919555933273523,1
Yuksel_Atmaca_2020_DrivingBehaviorDataset,,Sudden Acceleration,ACCELERATION,harsh,222,2.73349423828125,-0.8906430175781249,-9.412803826904296,0.6398453963357661,0.0565444893736097,0.14736109333393574,-5.8592941487240315,22.526049656123543,-16.584775730364882,-8.316961736140888,61.35400139684024,30.118500145973876,38.2689193359375,-12.46900224609375,-131.77925357666015,-1.9800047729492187,-1.5658078857421873,-12.610260144042968,5.923254907226562,1.3383587280273437,-8.149862451171874,0.6398453963357671,0.056544489373610694,0.14736109333393674,3.296815686035156,-1.1192892761230469,-9.074024291992187,2.504943084378595,0.7446556363284437,1.2021308855292143,6.116310048615327,1.0036106419586872,9.84205830196416,1
Yuksel_Atmaca_2020_DrivingBehaviorDataset,,Sudden Acceleration,ACCELERATION,harsh,223,2.9464071716308586,-0.8974835937499995,-9.145166284179687,0.6030470616449523,0.05678754770664061,0.06166862665139574,-8.758478226285456,22.679148671546127,-12.092711403653892,-1.9090125097206432,61.641495451841344,18.0812307924064,41.249700402832026,-12.564770312499999,-128.0323279785156,-1.9800047729492187,-1.5658078857421873,-11.092336291503905,5.923254907226562,1.3383587280273437,-8.149862451171874,0.6030470616449523,0.05678754770664061,0.0616686266513977,3.564966271972656,-1.1671733093261718,-8.979453326416015,2.4318452802512907,0.7462543833823215,0.7776648619752144,5.749782306572567,0.9840174720191601,9.649914941976695,0
Yuksel_Atmaca_2020_DrivingBehaviorDataset,,Sudden Acceleration,ACCELERATION,harsh,224,3.331360595703124,-0.9876081848144531,-9.003224328613282,0.5077991394290551,0.06587820235295899,0.06085292956599694,-13.1026527242715,19.533871160938755,-14.951678282725958,14.36505667302535,51.66687042153729,32.5785888460862,46.63904833984375,-13.826514587402343,-126.04514060058592,-1.9800047729492187,-2.032677209472656,-11.092336291503905,5.923254907226562,1.3383587280273437,-8.106766821289062,0.5077991394290551,0.06587820235295899,0.0608529295659989,3.958812445068359,-1.2413935607910156,-8.904035974121093,2.2315484378973154,0.803768917727384,0.772504615991648,6.163206385676773,0.9840730706705646,9.650460178491493,1
Yuksel_Atmaca_2020_DrivingBehaviorDataset,,Sudden Acceleration,ACCELERATION,harsh,225,3.8628733642578115,-1.232500811767578,-9.010748962402342,0.2910735303759572,0.026390370039641096,0.06001409569107598,-12.266882379462317,1.8640319347983725,-15.086509426092572,18.124911630540236,3.33957557457418,33.551100804378954,54.080227099609374,-17.255011364746093,-126.1504854736328,-0.3950432739257812,-2.090138049316406,-11.092336291503905,5.923254907226562,-0.21068974609375,-8.106766821289062,0.2910735303759572,0.026390370039641096,0.06001409569107598,4.367023828124999,-1.2593500732421874,-8.904035974121093,1.6895136094927976,0.508724996780436,0.7671618026915147,4.8483974424886345,1.007583059310629,9.881014408588578,0
Yuksel_Atmaca_2020_DrivingBehaviorDataset,,Sudden Acceleration,ACCELERATION,harsh,226,4.3386354370117175,-1.2802138305664053,-9.042557641601563,0.16929173478484114,0.023699523520469012,0.057066679390577225,-3.482441755368065,4.160036842822252,-15.319210832961447,-7.4038888501605475,12.214482695291544,36.781263399982336,60.74089611816406,-17.922993627929685,-126.59580698242186,2.070984436035156,-2.090138049316406,-11.092336291503905,6.265625744628906,-0.21068974609375,-8.106766821289062,0.16929173478484114,0.023699523520469012,0.057066679390577225,4.450820886230469,-1.3000515014648437,-8.904035974121093,1.288481583464724,0.4820922446296091,0.748086192524371,3.238474230728498,1.0310261506430345,10.110912600203514,0
Yuksel_Atmaca_2020_DrivingBehaviorDataset,,Sudden Acceleration,ACCELERATION,harsh,227,4.3683919433593745,-1.2619152893066403,-9.179198150634765,0.15573567012548356,0.02676314084564203,0.10384952795173036,-2.293619269963285,5.261309193633001,-16.0730996291064,-9.223865499376272,8.726190563532471,22.549654669973588,61.157487207031245,-17.666814050292967,-128.5087741088867,2.346317626953125,-2.090138049316406,-11.626243261718749,6.265625744628906,-0.21068974609375,-8.106766821289062,0.15573567012548356,0.02676314084564203,0.10384952795173134,4.450820886230469,-1.3000515014648437,-8.904035974121093,1.235817627903114,0.5123053339307742,1.0091659790578793,3.34393323190716,1.0445645437474487,10.243678882940916,0
Yuksel_Atmaca_2020_DrivingBehaviorDataset,,Sudden Acceleration,ACCELERATION,harsh,228,4.342910797119139,-1.3330572814941404,-9.225714068603516,0.15687123878586737,0.03615557258163455,0.10647548290617312,-1.5917029317207183,1.3938519405808367,-14.102120332609521,-9.839813072676705,3.142904897059407,16.068874220354818,60.80075115966797,-18.66280194091797,-129.1599969604492,2.346317626953125,-2.3965958618164063,-11.626243261718749,6.265625744628906,-0.21068974609375,-8.106766821289062,0.1568712387858664,0.03615557258163455,0.10647548290617215,4.450820886230469,-1.3000515014648437,-8.904035974121093,1.240315013953884,0.595453647110917,1.0218452888974021,3.3179260960233568,1.0486318298518753,10.283565334216892,0
Yuksel_Atmaca_2020_DrivingBehaviorDataset,,Sudden Acceleration,ACCELERATION,harsh,229,4.298105023193359,-1.2773065856933592,-9.219899578857422,0.15094739848317942,0.03929657482401659,0.10679389959974886,-0.7607296072554782,-0.7272619743766631,-14.221243506989996,-8.238541062303305,-1.846915453952716,16.192494271425485,60.173470324707026,-17.88229219970703,-129.0785941040039,2.346317626953125,-2.3965958618164063,-11.626243261718749,6.265625744628906,-0.21068974609375,-8.106766821289062,0.15094739848317942,0.03929657482401659,0.10679389959974983,4.450820886230469,-1.2593500732421874,-8.898050469970702,1.2166709930523847,0.6207799573906565,1.0233720709057321,3.3037003788129637,1.0454541554820573,10.252402993858118,0
Yuksel_Atmaca_2020_DrivingBehaviorDataset,,Sudden Acceleration,ACCELERATION,harsh,230,4.020377630615235,-1.2224109619140622,-8.9803083984375,0.1962512621387835,0.043901794765087244,0.0902131172258111,-1.3752122941144462,-1.9371689649612962,-16.87899431301771,-5.2944023670755715,-6.170434569064048,43.66259541641039,56.28528682861328,-17.113753466796872,-125.724317578125,1.4724340209960938,-2.3965958618164063,-11.626243261718749,6.265625744628906,-0.21068974609375,-7.738059765625,0.1962512621387835,0.043901794765087244,0.09021311722581207,4.188655804443359,-1.2485761657714842,-8.845378033447265,1.3872877999367337,0.6561474953339712,0.9405787931069447,3.8563840728958585,1.0110303121924125,9.914820411061722,0
Yuksel_Atmaca_2020_DrivingBehaviorDataset,,Sudden Acceleration,ACCELERATION,harsh,231,3.9690733093261716,-1.1738428710937499,-8.832380938720702,0.19461909716988932,0.0458281733673352,0.13085371984369457,-0.15841076786349517,-3.8279662489806396,-6.224966042372387,-4.926524829261622,-7.220075203075674,26.437678135025923,55.56702633056641,-16.4338001953125,-123.65333314208983,1.4724340209960938,-2.3965958618164063,-11.626243261718749,6.265625744628906,-0.21068974609375,-6.619967590332031,0.19461909716988932,0.0458281733673352,0.13085371984369554,3.877409588623047,-1.1671733093261718,-8.845378033447265,1.38150691972972,0.6703885860848009,1.1328003494460883,3.9413194861901975,0.9946410581113126,9.754096732527303,0
Yuksel_Atmaca_2020_DrivingBehaviorDataset,,Sudden Acceleration,ACCELERATION,harsh,232,4.144363073730468,-1.144599407958984,-9.013827221679687,0.22375614841580307,0.04668436625771724,0.17021455995899018,-1.7885931926397423,-5.082482283796926,-4.630447297746312,-8.473440963431536,-7.214881256031861,7.921146143373085,58.02108303222656,-16.024391711425782,-126.19358110351561,1.4724340209960938,-2.3965958618164063,-11.626243261718749,6.265625744628906,-0.21068974609375,-6.619967590332031,0.22375614841580307,0.04668436625771724,0.17021455995899018,4.188655804443359,-1.0534487304687499,-8.898050469970702,1.481316385132441,0.6766219331068497,1.2919886278221777,3.9409919499500305,1.0183638571332554,9.986737919555837,0
Yuksel_Atmaca_2020_DrivingBehaviorDataset,,Sudden Acceleration,ACCELERATION,harsh,233,4.123157287597655,-1.2422486328124995,-9.060856182861327,0.22969478804193905,0.0402677001338732,0.17265839138156946,-1.6196425395353014,-4.141806130986854,-3.373280357792694,-9.502087338579207,-8.100926947421915,5.902946970563727,57.72420202636719,-17.391480859374997,-126.85198656005859,1.4724340209960938,-2.3965958618164063,-11.626243261718749,6.265625744628906,-0.3806780639648437,-6.619967590332031,0.22969478804193905,0.0402677001338732,0.17265839138157144,4.188655804443359,-1.1851298217773436,-8.898050469970702,1.5008452262480259,0.628403724939513,1.3012303461885943,3.865237667411988,1.0229879368879415,10.032084651282132,0
Yuksel_Atmaca_2020_DrivingBehaviorDataset,,Sudden Acceleration,ACCELERATION,harsh,234,4.137522497558593,-1.3383587280273437,-9.154059033203124,0.2308721050542125,0.053967287398759986,0.16641137791872,-1.911891718286256,-3.981996593020602,-1.4009856863375547,-9.686484761410531,-10.628316836872294,7.879688013256162,57.925314965820306,-18.73702219238281,-128.15682646484373,1.4724340209960938,-2.612074011230469,-11.626243261718749,6.265625744628906,-0.3806780639648437,-6.619967590332031,0.2308721050542125,0.053967287398759986,0.16641137791872,4.2892122741699215,-1.218648645019531,-9.129090930175781,1.5046866547656685,0.7274876624170689,1.2774733419005753,3.8918718698595334,1.0334263803892068,10.134450813243813,0
Yuksel_Atmaca_2020_DrivingBehaviorDataset,,Sudden Acceleration,ACCELERATION,harsh,235,3.9408559326171875,-1.2656776062011712,-9.043241699218749,0.2089554246838272,0.05787788336540596,0.1797723921198092,0.546765617453665,-5.868352548441982,-3.1294065188274263,-7.528092199725657,-10.501617751738488,3.533310073745563,55.17198305664062,-17.719486486816404,-126.60538378906249,1.4724340209960938,-2.612074011230469,-11.626243261718749,6.265625744628906,-0.3806780639648437,-6.619967590332031,0.2089554246838272,0.05787788336540596,0.17977239211981116,3.877409588623047,-1.0534487304687499,-8.898050469970702,1.431486191157866,0.7533844602229086,1.32776689564914,3.8180868357234083,1.0141563781660112,9.945476645941712,0
Yuksel_Atmaca_2020_DrivingBehaviorDataset,,Sudden Acceleration,ACCELERATION,harsh,236,3.7961777465820306,-1.2314747253417964,-9.12806484375,0.28950548296203943,0.06151990437037589,0.19931510428006818,-4.691516507137449,-6.136248550723434,-2.096974383669958,-0.24758296796756982,-11.350190743275677,-2.6745864792130836,53.14648845214843,-17.240646154785153,-127.79290781249999,0.32082302246093747,-2.612074011230469,-11.626243261718749,6.265625744628906,-0.3806780639648437,-6.619967590332031,0.28950548296203943,0.06151990437037589,0.19931510428006818,3.877409588623047,-0.9624690673828125,-8.898050469970702,1.684956659528572,0.7767265736369239,1.3980749147982516,4.502743239323098,1.0158802862924403,9.962382409569761,0
Yuksel_Atmaca_2020_DrivingBehaviorDataset,,Sudden Acceleration,ACCELERATION,harsh,237,3.6956212768554684,-1.2660196350097654,-9.205534368896485,0.30952310952269,0.0622542951032515,0.20337858804911238,-3.0197556924169384,-4.596431481387706,-0.32757364787803184,-5.203867365652096,-13.208120003115706,-4.303911874022019,51.73869787597656,-17.72427489013672,-128.87748116455077,0.32082302246093747,-2.612074011230469,-11.626243261718749,6.265625744628906,-0.3806780639648437,-6.619967590332031,0.30952310952269096,0.0622542951032515,0.20337858804911432,3.877409588623047,-1.0773907470703123,-9.193734375,1.7422355759198291,0.7813488869092383,1.412254449627207,4.459403683007791,1.0197278649796544,10.000114267102726,0
Yuksel_Atmaca_2020_DrivingBehaviorDataset,,Sudden Acceleration,ACCELERATION,harsh,238,3.345212762451172,-1.1652921508789054,-9.42084150390625,0.40697652917813676,0.0597781030072613,0.21759950139476775,-2.5494366506209793,-8.02240558639542,2.443481320816014,-6.973826339132258,-7.61577560539151,-5.43500740374844,46.8329786743164,-16.314090112304687,-131.8917810546875,-0.19871873779296872,-2.612074011230469,-11.626243261718749,6.265625744628906,-0.3806780639648437,-6.619967590332031,0.4069765291781378,0.0597781030072613,0.21759950139476678,3.475183709716797,-0.7493851196289062,-9.528922607421874,1.9977678493420563,0.7656519665332038,1.4607950405012313,4.7431553748117485,1.0263260501073805,10.064820359285541,0
Yuksel_Atmaca_2020_DrivingBehaviorDataset,,Sudden Acceleration,ACCELERATION,harsh,239,2.967441943359374,-1.0332690307617183,-9.663510943603516,0.43514900368635456,0.05784417058366975,0.2553662090039019,-0.08837542792751947,-11.259168669452068,3.4937092252666653,-8.699235358758957,2.284186733610487,-5.837595871290815,41.54418720703125,-14.465766430664061,-135.2891532104492,-0.19871873779296872,-2.612074011230469,-11.949460485839843,6.265625744628906,-0.24181436767578124,-6.619967590332031,0.43514900368635456,0.05784417058366975,0.2553662090039019,2.940079638671875,-0.6679822631835937,-9.694122521972655,2.0657574826200658,0.7531650121018283,1.5824939284332555,4.7574991010564265,1.036188232833387,10.161535333515532,0
Yuksel_Atmaca_2020_DrivingBehaviorDataset,,Sudden Acceleration,ACCELERATION,harsh,240,2.6254131347656244,-0.9937647033691402,-9.730206561279296,0.3543950564650384,0.05746654696132048,0.2494692181682368,0.9300641912865546,-13.088394847115687,4.94821556951953,-7.500433817559902,6.293131899671609,-3.432393506029135,36.755783886718746,-13.912705847167969,-136.22289185791016,-0.19871873779296872,-2.612074011230469,-11.949460485839843,6.040570788574218,-0.24181436767578124,-6.619967590332031,0.3543950564650384,0.05746654696132048,0.24946921816823484,2.598905902099609,-0.6679822631835937,-9.773131176757811,1.8642500584639594,0.7507025461247896,1.5641155035193293,4.894467618922117,1.0326724145075832,10.12705693373079,0
Yuksel_Atmaca_2020_DrivingBehaviorDataset,,Sudden Acceleration,ACCELERATION,harsh,241,2.688175421142578,-1.0437009094238274,-9.588777648925781,0.35811850265390577,0.0543023950827803,0.21912925298993413,-0.17965762021431972,-12.419522179662694,4.592632008971642,-8.167381693825282,5.893346723523671,0.0555054462254491,37.63445589599609,-14.611812731933593,-134.24288708496093,-0.19871873779296872,-2.612074011230469,-11.949460485839843,6.040570788574218,-0.24181436767578124,-6.619967590332031,0.35811850265390577,0.0543023950827803,0.21912925298993313,2.940079638671875,-0.729034405517578,-9.70369932861328,1.874017826502973,0.729742819586842,1.4659208330717366,4.744700417313524,1.0210422844264064,10.013004318570218,0
Yuksel_Atmaca_2020_DrivingBehaviorDataset,,Sudden Acceleration,ACCELERATION,harsh,242,2.74443916015625,-0.9925676025390622,-9.603484887695311,0.3785316481993749,0.04284138213075031,0.22007220884102915,-0.33216556333358455,-13.26947870854193,4.890814193470953,-9.91738007486591,15.785805652672769,-0.0030097814120529543,38.4221482421875,-13.895946435546874,-134.44878842773437,-0.19871873779296872,-2.612074011230469,-11.949460485839843,6.040570788574218,-0.24181436767578124,-6.619967590332031,0.3785316481993749,0.0428413821307513,0.22007220884103013,2.940079638671875,-0.729034405517578,-9.70369932861328,1.9266881916424363,0.648174698729079,1.4690715186235446,4.73166568803373,1.023502826165775,10.037133990218598,0
Yuksel_Atmaca_2020_DrivingBehaviorDataset,,Sudden Acceleration,ACCELERATION,harsh,243,2.8328536071777344,-1.0630255371093749,-9.526870434570311,0.425895344512622,0.044757380651968576,0.2397380431505343,0.6457811493992766,-9.71424672219717,3.804817995192096,-10.533320631655773,5.661091915583046,-5.2379496186781065,39.65995050048828,-14.882357519531249,-133.37618608398438,-0.19871873779296872,-2.612074011230469,-11.949460485839843,6.040570788574218,-0.24181436767578124,-6.619967590332031,0.42589534451262295,0.044757380651968576,0.2397380431505343,2.940079638671875,-0.8008604553222656,-9.70369932861328,2.043674773603842,0.6625103523497834,1.533305931920369,4.597726050651962,1.0192895923981904,9.995816281291713,0
Yuksel_Atmaca_2020_DrivingBehaviorDataset,,Sudden Acceleration,ACCELERATION,harsh,244,3.073983917236327,-1.1037269653320312,-9.611522564697266,0.436854166446626,0.04194295271635026,0.21671020914946576,-2.334085717126326,-9.175729658119996,4.859118265566535,-10.813057472652787,7.31787554134267,0.557796353587501,43.035774841308594,-15.452177514648437,-134.56131590576172,-0.19871873779296872,-2.612074011230469,-11.949460485839843,6.040570788574218,-0.24181436767578124,-6.619967590332031,0.436854166446626,0.04194295271635026,0.21671020914946576,3.268085266113281,-0.9373299499511718,-9.70369932861328,2.0698009352070086,0.6413422309935622,1.457806973695629,4.683491714923357,1.0351448440364035,10.151303184769597,0
Yuksel_Atmaca_2020_DrivingBehaviorDataset,,Sudden Acceleration,ACCELERATION,harsh,245,3.130247656249999,-1.1928254699707022,-9.893012274169921,0.4501033217856511,0.04493644026139538,0.14487873806483426,-2.868104779159767,-5.536693882218979,2.7994995983000837,-11.727225615921279,-1.6142439449602417,-0.9430378292153343,43.8234671875,-16.699556579589842,-138.5021718383789,-0.19871873779296872,-2.612074011230469,-11.949460485839843,6.040570788574218,-0.24181436767578124,-7.773972790527344,0.4501033217856511,0.04493644026139538,0.14487873806483326,3.268085266113281,-1.0666168395996094,-9.854534033203125,2.1009535312779435,0.6638342729096021,1.1919626993507415,4.193639470408922,1.0650689325582707,10.444758247472564,0
Yuksel_Atmaca_2020_DrivingBehaviorDataset,,Sudden Acceleration,ACCELERATION,harsh,246,3.1396534484863277,-1.353579010009765,-9.90241806640625,0.45624178118327424,0.0687077250846295,0.14766560675685092,-2.6375967102526476,-6.751065115940925,2.6229846951713767,-11.52556799151348,-0.17495214711222848,-1.4603675210424067,43.95514827880859,-18.950106140136718,-138.6338529296875,-0.19871873779296872,-3.071760729980469,-11.949460485839843,6.172251879882812,-0.24181436767578124,-7.773972790527344,0.45624178118327424,0.0687077250846295,0.14766560675685092,3.268085266113281,-1.3287819213867187,-9.854534033203125,2.1152313025863068,0.8208487145638896,1.203372312504355,4.3159189715952655,1.0682591213101502,10.476043311996186,0
Yuksel_Atmaca_2020_DrivingBehaviorDataset,,Sudden Acceleration,ACCELERATION,harsh,247,3.209769354248046,-1.326900762939452,-9.749531188964843,0.4566473494482724,0.0684101199396522,0.1910842395819135,-3.7487864279339385,-7.890171244326761,2.904174872688977,-10.993728678036215,1.449001819800432,-6.878961562033389,44.93677095947265,-18.576610681152342,-136.4934366455078,-0.19871873779296872,-3.071760729980469,-11.949460485839843,6.172251879882812,-0.24181436767578124,-7.46272657470703,0.4566473494482724,0.0684101199396522,0.1910842395819145,3.5290532470703124,-1.1420341918945311,-9.854534033203125,2.1161712429448865,0.8190690463606812,1.368903304874374,4.46002272661907,1.0553774291959472,10.349717066024436,0
Yuksel_Atmaca_2020_DrivingBehaviorDataset,,Sudden Acceleration,ACCELERATION,harsh,248,3.2694533813476556,-1.299538458251953,-9.69600368041992,0.4800096198966865,0.06175556304168232,0.19864069769737822,-3.7010528959461277,-7.813659126875365,1.7832655879210637,-11.908057360557262,4.9564193926200995,-9.313910636402436,45.772347338867185,-18.193538415527343,-135.7440515258789,-0.19871873779296872,-3.071760729980469,-11.949460485839843,6.172251879882812,-0.24181436767578124,-7.46272657470703,0.4800096198966865,0.06175556304168232,0.19864069769737724,3.5290532470703124,-1.1420341918945311,-9.854534033203125,2.169628156841592,0.7782128194155598,1.3957076334512144,4.49967301059625,1.0517947046805627,10.314582540655639,0
Yuksel_Atmaca_2020_DrivingBehaviorDataset,,Sudden Right Turn,TURN,harsh,0,2.423530630493164,-1.054645831298828,-9.65342109375,0.0846217697816586,0.01925980142454212,0.05240784294803865,0.3631124923938132,-2.3019133579627504,-16.430661793922496,-55.731582628104114,-43.98447819139792,27.150563626930644,9.694122521972655,-4.218583325195312,-38.613684375,1.5921441040039062,-1.5394716674804687,-10.697293017578124,3.31357509765625,-0.6584054565429687,-9.133879333496093,0.0846217697816586,0.01925980142454212,0.05240784294803865,2.39420166015625,-1.0103531005859374,-9.39125601196289,0.910964367376302,0.4345965159087161,0.7168998347373154,1.4549583630858578,1.0206045971838322,10.008712072972827,0
Yuksel_Atmaca_2020_DrivingBehaviorDataset,,Sudden Right Turn,TURN,harsh,1,2.442085693359375,-1.1760318554687499,-9.539457094726561,0.06364186656624012,0.02195738942950948,0.04592781379490992,-0.7973385389100462,2.86765781043267,-18.442866167265414,-27.56452612965436,-28.489243863891456,34.865833230202185,12.210428466796873,-5.88015927734375,-47.69728547363281,1.5921441040039062,-1.6615759521484375,-10.697293017578124,3.31357509765625,-0.6584054565429687,-9.083601098632812,0.06364186656624012,0.02195738942950948,0.045927813794910906,2.5163059448242184,-1.3024457031249999,-9.241618408203124,0.7900085510688,0.4640349480900124,0.671116975758967,1.5388355646111525,1.0112586665401022,9.917059802225493,0
Yuksel_Atmaca_2020_DrivingBehaviorDataset,,Sudden Right Turn,TURN,harsh,2,2.256136031087239,-1.067414906819661,-9.385669541422525,0.07206889916578847,0.024784059351781657,0.051212398263314994,2.5989398767454834,-1.3937293830816995,-14.540309666011355,-22.582887700361088,-25.59580211197928,29.13625986494955,13.536816186523437,-6.404489440917969,-56.31401724853515,1.3263877197265623,-1.6615759521484375,-10.697293017578124,3.31357509765625,-0.5243301635742187,-8.616731774902343,0.07206889916578847,0.024784059351781657,0.051212398263314994,2.100911956787109,-1.0103531005859374,-9.187748870849608,0.8406869036711505,0.4929995899005926,0.7086762768916008,1.7864940163613823,0.9903345953933196,9.711864759913896,0
Yuksel_Atmaca_2020_DrivingBehaviorDataset,,Sudden Right Turn,TURN,harsh,3,2.231395947265625,-1.1700805541992179,-9.572018237304688,0.06049431361059296,0.028177016864219376,0.06746434746384586,3.9259638160236388,1.4222391810732327,-7.288746820568376,-15.479880261159135,-22.665822844425954,-10.040355036516523,15.619771630859374,-8.190563879394531,-67.00412766113281,1.3263877197265623,-1.7860744384765623,-10.697293017578124,3.31357509765625,-0.5243301635742187,-8.616731774902343,0.06049431361059296,0.028177016864219376,0.06746434746384586,2.0829554443359375,-1.3024457031249999,-9.241618408203124,0.7702250064554678,0.5256635258713557,0.8133875110034128,1.6894817583069501,1.0093220384793364,9.898067968653384,0
Yuksel_Atmaca_2020_DrivingBehaviorDataset,,Sudden Right Turn,TURN,harsh,4,1.9907786804199217,-1.834257746887207,-9.870395619201659,0.09908280653953468,0.3840147549826648,0.13045408592112318,-2.5887269384559577,-24.294818237352935,-9.147891539055179,-1.953842972633777,64.2580438464554,-0.25681900028825416,15.926229443359373,-14.674061975097656,-78.96316495361327,0.3064578125,-6.4834980957031245,-11.959037292480469,3.31357509765625,-0.5243301635742187,-8.616731774902343,0.09908280653953468,0.3840147549826648,0.13045408592112318,1.8842367065429686,-1.4209586853027343,-9.39125601196289,0.9857334349361059,1.940592254171584,1.131069211718887,5.367941565118363,1.043665525485762,10.234862525504948,0
Yuksel_Atmaca_2020_DrivingBehaviorDataset,,Sudden Right Turn,TURN,harsh,5,1.6041151123046875,-2.112483931477864,-9.812502492947047,0.22390827023759408,0.4070553448893123,0.1172232508648603,-10.934234978380829,-16.580131935206328,-10.925294107797349,14.406026360744365,21.894937592651015,5.126356523726084,14.437036010742187,-19.01235538330078,-88.31252243652344,-1.4891934326171874,-6.4834980957031245,-11.959037292480469,3.31357509765625,-0.5243301635742187,-8.616731774902343,0.22390827023759408,0.4070553448893123,0.11722325086485931,1.68551796875,-1.5394716674804687,-9.349357482910156,1.4818198400364024,1.9979612854003894,1.0721788064935247,5.769049681147886,1.0365102003457698,10.164692756220843,0
Yuksel_Atmaca_2020_DrivingBehaviorDataset,,Sudden Right Turn,TURN,harsh,6,1.5447389111328125,-2.052070242919922,-9.75900538696289,0.2026246169748566,0.36554874750564476,0.10711681218733475,-9.528361236100679,-17.96655968337433,-12.536638053249161,13.724729003306201,28.370584106291364,10.152103089482932,15.447389111328125,-20.52070242919922,-97.5900538696289,-1.4891934326171874,-6.4834980957031245,-11.959037292480469,3.31357509765625,-0.5243301635742187,-8.616731774902343,0.2026246169748566,0.36554874750564476,0.10711681218733378,1.638831036376953,-1.523909356689453,-9.313444458007812,1.409634243361192,1.893359084993185,1.0249180875742785,5.803657352581252,1.0290315828332963,10.091352571792145,0
Yuksel_Atmaca_2020_DrivingBehaviorDataset,,Sudden Right Turn,TURN,harsh,7,1.52924189675071,-1.8585534523703826,-9.679757312011718,0.18263153697268514,0.3709996780474614,0.10344961927175449,-9.384934284317284,-17.459295436068178,-13.682571043701797,16.66384773398761,29.282011564134564,13.405946870598344,16.82166086425781,-20.44408797607422,-106.4773304321289,-1.4891934326171874,-6.4834980957031245,-11.959037292480469,3.31357509765625,0.076614453125,-8.616731774902343,0.18263153697268514,0.3709996780474614,0.10344961927175449,1.5921441040039062,-1.5083470458984374,-9.277531433105468,1.338283812221153,1.9074233910498586,1.007221032758628,5.9746281910119015,1.0171151856540754,9.974492635394538,0
Yuksel_Atmaca_2020_DrivingBehaviorDataset,,Sudden Right Turn,TURN,harsh,8,1.4548765421549472,-1.7038735148111972,-9.643844287109374,0.17279575879447345,0.36654956765644403,0.09562331753102132,-7.42737583461542,-17.75151045101088,-14.957762228343139,13.23499747361696,31.315085384929684,18.161983139764306,17.458518505859374,-20.446482177734374,-115.72613144531249,-1.4891934326171874,-6.4834980957031245,-11.959037292480469,3.31357509765625,0.076614453125,-8.616731774902343,0.17279575879447345,0.36654956765644403,0.09562331753102132,1.4832079284667967,-1.4053963745117186,-9.26316622314453,1.3017478741990804,1.8959491864652052,0.9683720394897807,6.072271222758447,1.00958900374498,9.900686003575707,1
Yuksel_Atmaca_2020_DrivingBehaviorDataset,,Sudden Right Turn,TURN,harsh,9,1.4961918682391817,-1.6256629272460936,-9.659314513221153,0.1606589063733431,0.34411251779297947,0.08797196823320166,-8.5484746022751,-18.935831736095164,-14.733647375041631,16.434443230404227,36.31172103356613,19.756034712064295,19.450494287109375,-21.133618054199218,-125.57108867187499,-1.4891934326171874,-6.4834980957031245,-11.959037292480469,3.31357509765625,0.076614453125,-8.616731774902343,0.1606589063733431,0.34411251779297947,0.08797196823320264,1.5921441040039062,-1.3024457031249999,-9.277531433105468,1.255199451954209,1.837005994169459,0.9288219970877855,6.148155233882064,1.010413362610937,9.908770202448546,1
Yuksel_Atmaca_2020_DrivingBehaviorDataset,,Sudden Right Turn,TURN,harsh,10,1.6131788757324217,-1.5849614990234373,-9.618705169677733,0.16783864227200876,0.3200072996822687,0.08355918017797692,-8.603387873430847,-20.00053476330469,-15.826247597164377,13.707729878875682,41.59851332260948,23.529638623261324,22.584504260253905,-22.189460986328125,-134.6618723754883,-1.4891934326171874,-6.4834980957031245,-11.959037292480469,3.31357509765625,0.076614453125,-8.616731774902343,0.16783864227200876,0.3200072996822687,0.08355918017797692,1.638831036376953,-1.1791443176269532,-9.26316622314453,1.2829399133384227,1.7714964254632635,0.9052268413455057,6.252801705927276,1.0075804402933575,9.880988724802853,1
Yuksel_Atmaca_2020_DrivingBehaviorDataset,,Sudden Right Turn,TURN,harsh,11,1.7694860412597653,-1.6540513183593744,-9.629137048339844,0.20199560925811463,0.3127620031233015,0.0835362585695887,-7.131517266996023,-19.47505875679957,-15.438081965779189,7.712710157739167,40.88305540175336,22.58021741514662,24.772804577636716,-23.15671845703125,-134.8079186767578,-1.4891934326171874,-6.4834980957031245,-11.959037292480469,3.7804444213867185,0.076614453125,-8.616731774902343,0.20199560925811463,0.3127620031233015,0.0835362585695887,1.838746875,-1.4053963745117186,-9.26316622314453,1.407444578493624,1.7513273531607747,0.9051026737898078,6.274630127450497,1.0124875552365822,9.92911108356083,1
Yuksel_Atmaca_2020_DrivingBehaviorDataset,,Sudden Right Turn,TURN,harsh,12,1.7522135864257806,-1.601378881835937,-9.774157263183593,0.19736317372092735,0.32079027638847923,0.09778554049684242,-7.30764420463655,-19.57132590247666,-10.570390487740182,8.800790553624285,40.2569815725611,2.8691561977860633,24.530990209960937,-22.419304345703125,-136.8382016845703,-1.4891934326171874,-6.4834980957031245,-11.959037292480469,3.7804444213867185,0.076614453125,-8.616731774902343,0.1973631737209283,0.32079027638847923,0.09778554049684439,1.838746875,-1.2820949890136717,-9.313444458007812,1.3912122654614363,1.7736623026791454,0.9792591948577146,6.254239220235544,1.0256582087824233,10.05827107315615,1
Yuksel_Atmaca_2020_DrivingBehaviorDataset,,Sudden Right Turn,TURN,harsh,13,1.8331033996582025,-1.6366078491210934,-9.807676086425781,0.20551929990866996,0.3157290233887158,0.0954690352847917,-8.462493555536232,-19.45821197294346,-9.914397609993443,7.892961715098183,40.53958911157849,2.764353240838769,25.66344759521484,-22.91250988769531,-137.30746520996092,-1.4891934326171874,-6.4834980957031245,-11.959037292480469,3.7804444213867185,0.076614453125,-8.616731774902343,0.20551929990866996,0.3157290233887158,0.09546903528479365,2.0374656127929685,-1.35990654296875,-9.51814869995117,1.4196675112325976,1.7596147382921494,0.9675905202489463,6.257663808728957,1.031019645263639,10.110848804224666,1
Yuksel_Atmaca_2020_DrivingBehaviorDataset,,Sudden Right Turn,TURN,harsh,14,1.7039875244140614,-1.522199212646484,-9.733626849365233,0.18733570712667172,0.3368562041739999,0.08882868997672355,-7.602999797208039,-19.101693731962296,-13.0103875245943,10.661107307989182,38.14066020760095,13.085642194628344,23.855825341796873,-21.31078897705078,-136.27077589111326,-1.4891934326171874,-6.4834980957031245,-11.959037292480469,3.7804444213867185,0.076614453125,-8.616731774902343,0.18733570712667172,0.3368562041739999,0.08882868997672355,1.7489643127441405,-1.1336544860839843,-9.504980590820312,1.3554097949674782,1.8175342898176525,0.9333337412524206,6.3058181762315675,1.0195334408609986,9.998207617819512,1
Yuksel_Atmaca_2020_DrivingBehaviorDataset,,Sudden Right Turn,TURN,harsh,15,1.7144194030761715,-1.4948369079589838,-9.685058758544923,0.1893522209313047,0.3370874436028871,0.09913007252113189,-7.62491774701685,-19.59611492521373,-10.820331388741996,10.092219610095851,39.62443921415608,9.512220276965401,24.001871643066405,-20.92771671142578,-135.5908226196289,-1.4891934326171874,-6.4834980957031245,-11.959037292480469,3.7804444213867185,0.076614453125,-8.403647827148436,0.1893522209313047,0.3370874436028871,0.0991300725211309,1.7489643127441405,-1.1336544860839843,-9.504980590820312,1.3626852011363388,1.8181580181074073,0.9859685216523668,6.349870393946925,1.0144722705748603,9.948574492232952,1
Yuksel_Atmaca_2020_DrivingBehaviorDataset,,Sudden Right Turn,TURN,harsh,16,1.5589673095703118,-1.8219874633789062,-9.784931170654296,0.2370989717818218,0.42014687041181753,0.08993583866896411,-6.101031712106333,-13.5442880792397,-10.190062861604396,-1.9792390571466643,9.673958899790545,10.688394004471716,21.825542333984373,-25.507824487304685,-136.98903638916016,-1.4891934326171874,-6.4834980957031245,-11.959037292480469,3.7804444213867185,0.076614453125,-8.403647827148436,0.2370989717818218,0.42014687041181753,0.0899358386689651,1.7489643127441405,-1.24498486328125,-9.673771807861328,1.5248431498433563,2.0298357831913525,0.9391322017069843,5.978938259795531,1.0273097846611345,10.074467499747113,0
Yuksel_Atmaca_2020_DrivingBehaviorDataset,,Sudden Right Turn,TURN,harsh,17,1.3335703247070312,-2.0899670349121084,-9.593566052246093,0.2836869979124795,0.5205536543597385,0.1041710631659401,-3.4766781644067586,-9.644303127728486,-9.366323666529922,-9.591130695254124,-5.60743433657125,15.287095881073007,18.669984545898437,-29.25953848876953,-134.3099247314453,-1.4891934326171874,-6.4834980957031245,-11.959037292480469,3.7804444213867185,0.076614453125,-8.010998754882811,0.2836869979124795,0.5205536543597395,0.10417106316593912,1.4401122985839843,-1.24498486328125,-9.504980590820312,1.667938577429764,2.2593998084728026,1.0107270435662932,5.732936821575354,1.0104090130484864,9.908727547811939,0
Yuksel_Atmaca_2020_DrivingBehaviorDataset,,Sudden Right Turn,TURN,harsh,18,1.4187354980468747,-1.9570888427734365,-9.327296624755858,0.2748294872086779,0.4175386181203209,0.06705196084735386,-5.211965494861388,-8.401196557483006,-3.8247334573683704,-6.713285514511022,-8.955068051101819,9.363831772674681,19.86229697265625,-27.399243798828124,-130.582152746582,-1.4891934326171874,-5.537788439941406,-11.164162341308593,3.7804444213867185,0.076614453125,-8.010998754882811,0.2748294872086779,0.41753861812032184,0.06705196084735386,1.5023615417480467,-1.24498486328125,-9.313444458007812,1.6416932084695313,2.023525411105492,0.8108977197179112,4.965031312247556,0.982540197781022,9.635427830569258,0
Yuksel_Atmaca_2020_DrivingBehaviorDataset,,Sudden Right Turn,TURN,harsh,19,1.6436194396972654,-1.755462860107421,-9.296856060791015,0.20340028601552343,0.37012728006140505,0.06822732517111788,-6.014740273289501,-11.983824097038845,-4.898151092685043,0.11659680794532733,1.8136201720594392,8.693476683021885,23.010672155761718,-24.576480041503906,-130.1559848510742,-1.0726023437499999,-5.537788439941406,-11.164162341308593,3.7804444213867185,0.076614453125,-8.010998754882811,0.20340028601552343,0.37012728006140505,0.06822732517111689,1.5825672973632812,-1.24498486328125,-9.26316622314453,1.4123297826124537,1.905179438009496,0.8179740206078288,5.017038998652525,0.9792178608094065,9.602846834706565,0
Yuksel_Atmaca_2020_DrivingBehaviorDataset,,Sudden Right Turn,TURN,harsh,20,1.7055266540527338,-1.6865440551757804,-9.363038635253908,0.2002612107683828,0.3806486323242,0.07419951699605241,-7.588750165589235,-12.499918557825067,-2.708858964405178,2.9070821721304507,2.159746534651771,1.355984505817572,23.87737315673828,-23.611616772460938,-131.0825408935547,-1.0726023437499999,-5.537788439941406,-11.164162341308593,3.7804444213867185,0.076614453125,-8.010998754882811,0.2002612107683828,0.3806486323242,0.07419951699605241,1.7681179260253905,-1.1336544860839843,-9.45470235595703,1.4013891688541644,1.9320682985293558,0.8530232665932063,5.078792242662949,0.9855953867071571,9.665388999051743,0
Yuksel_Atmaca_2020_DrivingBehaviorDataset,,Sudden Right Turn,TURN,harsh,21,1.7864164672851555,-1.7638425659179677,-9.405792236328125,0.20371719644115474,0.3592452135594986,0.0723415724181211,-9.191445991427495,-12.906583877140664,-1.2313721555708594,4.224854815589015,3.074981403332731,2.682288851926564,25.009830541992187,-24.69379592285156,-131.68109130859375,-1.0726023437499999,-5.537788439941406,-11.164162341308593,3.7804444213867185,0.062249243164062495,-8.010998754882811,0.20371719644115474,0.3592452135594986,0.07234157241812013,1.93451494140625,-1.1336544860839843,-9.573215338134766,1.4134296036519307,1.876963524832931,0.8422757750013734,5.050596147782994,0.9926996357549682,9.735057882976458,0
Yuksel_Atmaca_2020_DrivingBehaviorDataset,,Sudden Right Turn,TURN,harsh,22,1.9182685729980458,-1.8185671752929684,-9.423919763183592,0.1952461542678565,0.3423493192888218,0.0721856528098757,-12.460508524367071,-13.489123913778828,-0.5027923968923719,13.069075711254579,3.994094234224763,2.752992554413427,26.855760021972653,-25.45994045410156,-131.9348766845703,-1.0726023437499999,-5.537788439941406,-11.164162341308593,3.7804444213867185,0.062249243164062495,-8.010998754882811,0.1952461542678565,0.3423493192888218,0.0721856528098757,2.2373814514160153,-1.1336544860839843,-9.581595043945311,1.3837307175714773,1.832293631491342,0.8413675963144605,5.079996051847045,0.9980579137791536,9.787604640162337,0
Yuksel_Atmaca_2020_DrivingBehaviorDataset,,Sudden Right Turn,TURN,harsh,23,2.0523438659667956,-1.8534541137695306,-9.422380633544922,0.22307946797872943,0.33541753200888574,0.07204670681804409,-11.304304111420919,-13.423557814772565,-0.5509687114924982,9.648935473464412,4.127934052152581,2.8999154103705216,28.732814123535153,-25.948357592773437,-131.91332886962888,-1.0726023437499999,-5.537788439941406,-11.164162341308593,3.8690298828125,0.062249243164062495,-8.010998754882811,0.22307946797872943,0.33541753200888574,0.07204670681804311,2.4947581298828125,-1.1935095275878906,-9.581595043945311,1.479074800222629,1.8136489021513904,0.8405574563449955,5.1355050149067,1.0013419250580806,9.819809789370828,0
Yuksel_Atmaca_2020_DrivingBehaviorDataset,,Sudden Right Turn,TURN,harsh,24,2.003946789550781,-1.8597816467285153,-9.501389288330078,0.2149257312650856,0.3343662308503798,0.07520420413968634,-11.154002522137318,-13.389358709061787,1.9544419749891924,10.812265217112957,4.1178538810319845,0.5196256674644391,28.055255053710937,-26.036943054199217,-133.0194500366211,-1.0726023437499999,-5.537788439941406,-11.164162341308593,3.8690298828125,0.062249243164062495,-8.010998754882811,0.2149257312650856,0.3343662308503798,0.07520420413968536,2.469619012451172,-1.1935095275878906,-9.673771807861328,1.451792486036058,1.8108044062705617,0.8587789637191016,5.075204701905673,1.008184240103524,9.886909978211223,0
Yuksel_Atmaca_2020_DrivingBehaviorDataset,,Sudden Right Turn,TURN,harsh,25,2.0118134521484374,-1.8392599182128895,-9.535592169189451,0.218083446979522,0.33602267595930696,0.07826812657243934,-10.785282940325358,-13.659547149076001,2.806054997517744,10.44313082452647,4.545081326432249,-1.562223269916326,28.165388330078123,-25.749638854980468,-133.49829036865233,-1.0726023437499999,-5.537788439941406,-11.164162341308593,3.890577697753906,0.062249243164062495,-8.010998754882811,0.218083446979522,0.33602267595930696,0.07826812657243835,2.469619012451172,-1.1935095275878906,-9.685742816162108,1.462418556816664,1.8152842133386,0.8760982384707833,5.083795317825383,1.0113086035905037,9.917549517400813,0
Yuksel_Atmaca_2020_DrivingBehaviorDataset,,Sudden Right Turn,TURN,harsh,26,2.0118134521484374,-1.892445397949218,-9.394676300048827,0.218083446979522,0.32517642587560797,0.05621297232405259,-10.785282940325358,-13.622834660898338,7.387033522185084,10.44313082452647,4.809996216647877,-6.439143957197778,28.165388330078123,-26.49423557128906,-131.52546820068358,-1.0726023437499999,-5.537788439941406,-10.204087475585936,3.890577697753906,0.062249243164062495,-8.010998754882811,0.218083446979522,0.32517642587560797,0.05621297232405455,2.469619012451172,-1.24498486328125,-9.581595043945311,1.462418556816664,1.7857467336699897,0.7424694909837641,4.971590313449541,0.9985343456859848,9.792276841121462,0
Yuksel_Atmaca_2020_DrivingBehaviorDataset,,Sudden Right Turn,TURN,harsh,27,1.997277227783202,-1.954865655517578,-9.300789392089845,0.21581134294947737,0.32140293562034,0.062276619343115756,-10.70027805218135,-12.706927762547767,4.082351612076407,10.791120289063485,3.2347924808048436,-13.091366005201738,27.961881188964842,-27.368119177246093,-130.2110514892578,-1.0726023437499999,-5.537788439941406,-10.204087475585936,3.890577697753906,0.062249243164062495,-8.010998754882811,0.21581134294947737,0.32140293562034,0.06227661934311478,2.469619012451172,-1.294065997314453,-9.494206683349608,1.45478050108444,1.7753552035018818,0.7814889692639052,4.89132458038589,0.9903082526559909,9.711606425908872,0
Yuksel_Atmaca_2020_DrivingBehaviorDataset,,Sudden Right Turn,TURN,harsh,28,2.041056915283203,-2.0790221130371087,-9.296343017578126,0.2138233004995258,0.28840522327778423,0.06195346224124556,-11.853001397535158,-13.92459089960856,3.956143989906419,13.549626173121238,4.528896245635439,-12.989471292575569,28.57479681396484,-29.10630958251953,-130.14880224609374,-1.0726023437499999,-5.537788439941406,-10.204087475585936,3.890577697753906,-0.5434837768554687,-8.010998754882811,0.2138233004995258,0.28840522327778423,0.06195346224124556,2.469619012451172,-1.3239935180664062,-9.494206683349608,1.4480643182689361,1.6817517899075007,0.7794587355903528,4.828048089977356,0.9934267720806227,9.742188654424439,0
Yuksel_Atmaca_2020_DrivingBehaviorDataset,,Sudden Right Turn,TURN,harsh,29,1.725877368164062,-2.3935176025390614,-9.28351693725586,0.31263062058778823,0.374311490082282,0.06470304357535513,-9.427307010780991,-9.643385261180835,4.061880794734433,0.34336692620145254,-8.821942858989079,-13.375880883482289,24.162283154296873,-33.50924643554687,-129.969237121582,-1.7501614135742187,-5.681440539550781,-10.204087475585936,3.890577697753906,-0.5434837768554687,-8.010998754882811,0.31263062058778823,0.374311490082282,0.06470304357535513,2.2876596862792966,-1.426944189453125,-9.494206683349608,1.7509594727997677,1.9159179977795013,0.7965677010011496,4.951018620076714,0.9933274673416469,9.741214807605962,0
Yuksel_Atmaca_2020_DrivingBehaviorDataset,,Sudden Right Turn,TURN,harsh,30,1.7609353210449217,-2.332978503417968,-9.29121258544922,0.2945518884634742,0.34349848932394544,0.06602385428822859,-9.577718230762782,-10.187208894046776,3.931642231214431,2.576767616910795,-6.121028536625149,-13.541207704737582,24.653094494628906,-32.66169904785156,-130.07697619628905,-1.7501614135742187,-5.681440539550781,-10.204087475585936,3.890577697753906,-0.5434837768554687,-8.010998754882811,0.2945518884634742,0.34349848932394544,0.06602385428822859,2.2876596862792966,-1.426944189453125,-9.494206683349608,1.6995785586433856,1.835366301403803,0.8046569645853205,5.017862666439708,0.9932177941344182,9.740139280848291,0
Yuksel_Atmaca_2020_DrivingBehaviorDataset,,Sudden Right Turn,TURN,harsh,31,1.834471514892577,-2.0525148803710933,-9.38954586791992,0.2565077352912379,0.2583818248776279,0.05217911610683558,-9.654892260617483,-14.465930398379996,5.29930780461902,7.422399980577581,9.398569487842366,-9.153151421713977,25.68260120849609,-28.735208325195313,-131.4536421508789,-1.7501614135742187,-5.681440539550781,-10.204087475585936,3.890577697753906,-0.5434837768554687,-8.224082702636718,0.2565077352912379,0.2583818248776289,0.0521791161068346,2.2876596862792966,-1.426944189453125,-9.494206683349608,1.5860269803171123,1.5918103288194232,0.7153337186020917,5.232303418317129,0.9977686041722192,9.784767482105494,0
Yuksel_Atmaca_2020_DrivingBehaviorDataset,,Sudden Right Turn,TURN,harsh,32,1.8825265624999998,-1.7349411315917962,-9.564493603515626,0.25626135931473426,0.22305675512815865,0.0513675909661336,-10.692805920320987,-19.11143273837663,4.94882859574214,9.191168447983447,35.666934524504896,-2.7166105588269374,26.355371875,-24.289175842285154,-133.90291044921875,-1.7501614135742187,-5.681440539550781,-10.68053360595703,3.890577697753906,-0.1771709228515625,-8.224082702636718,0.25626135931473426,0.22305675512815865,0.05136759096613262,2.3139959045410157,-1.3239935180664062,-9.550470422363281,1.5852651069533592,1.4789995022573745,0.7097492415973584,5.528831783634751,1.0096398896709105,9.901185024041235,0
Yuksel_Atmaca_2020_DrivingBehaviorDataset,,Sudden Right Turn,TURN,harsh,33,1.892445397949218,-1.6697846435546866,-9.637858782958984,0.2559152581228651,0.2322573191596909,0.04871807849487365,-10.927077326610485,-19.101682572587865,8.15987416342834,9.687038055324956,34.674503070921546,4.082849929160494,26.49423557128906,-23.376985009765622,-134.93002296142578,-1.7501614135742187,-5.681440539550781,-10.68053360595703,3.890577697753906,-0.1771709228515625,-8.224082702636718,0.2559152581228651,0.2322573191596909,0.04871807849487365,2.3139959045410157,-1.2425906616210938,-9.710881933593749,1.5841942324319334,1.5091939036907698,0.6912026797342126,5.600065197524807,1.0159252658594178,9.962823508440259,0
Yuksel_Atmaca_2020_DrivingBehaviorDataset,,Sudden Right Turn,TURN,harsh,34,1.8787642456054676,-1.6798744934082024,-9.56586171875,0.2562287160153571,0.22990672219017316,0.047164506026871424,-10.612745444163137,-19.287689680044053,5.667216809937256,9.065010263102259,35.29249366401799,2.1918145030878677,26.302699438476562,-23.518242907714843,-133.9220640625,-1.7501614135742187,-5.681440539550781,-10.68053360595703,3.890577697753906,-0.1771709228515625,-8.224082702636718,0.2562287160153571,0.22990672219017316,0.0471645060268724,2.3139959045410157,-1.2425906616210938,-9.550470422363281,1.5851641359531206,1.5015374644564374,0.6800924959359823,5.5661479669135465,1.0087330680904358,9.89229214218907,0
Yuksel_Atmaca_2020_DrivingBehaviorDataset,,Sudden Right Turn,TURN,harsh,35,1.9158743713378896,-1.6875701416015618,-9.583134173583984,0.26331300891030235,0.22885154777123284,0.04728679635650816,-10.712194062325189,-19.277570378882324,6.502805995102997,8.167800499318606,35.39949830657419,2.828956332334963,26.822241198730467,-23.625981982421873,-134.16387843017577,-1.7501614135742187,-5.681440539550781,-10.68053360595703,3.890577697753906,-0.1771709228515625,-8.224082702636718,0.26331300891030235,0.22885154777123382,0.047286796356507184,2.3139959045410157,-1.2425906616210938,-9.662997900390625,1.606928286772693,1.4980877914697688,0.6809736129172336,5.589082217373003,1.0112938990198908,9.917405314823412,0
Yuksel_Atmaca_2020_DrivingBehaviorDataset,,Sudden Right Turn,TURN,harsh,36,2.05268589477539,-1.724167224121093,-9.590145764160155,0.30706864750969837,0.2233765560466501,0.04723294005118903,-8.672961254704497,-19.33419963027233,6.866078754841725,4.194379948596583,36.18862668332298,3.297020966824461,28.73760252685547,-24.13834113769531,-134.26204069824217,-1.7501614135742187,-5.681440539550781,-10.68053360595703,4.398148449707031,-0.1771709228515625,-8.224082702636718,0.30706864750969837,0.2233765560466511,0.047232940051188055,2.3139959045410157,-1.2952630981445312,-9.664195001220703,1.7353140211791596,1.480059358051186,0.6805857121281552,5.655774750791665,1.015409871557268,9.95776921690708,0
Yuksel_Atmaca_2020_DrivingBehaviorDataset,,Sudden Right Turn,TURN,harsh,37,2.073207623291015,-1.778378790283203,-9.561244329833984,0.3158565166055004,0.22104002614239077,0.046944729008009944,-8.178276407813252,-18.425236725078495,5.516366903046089,3.493041515460785,33.908122017816716,2.3380901656669937,29.024906726074217,-24.89730306396484,-133.85742061767579,-1.7501614135742187,-5.681440539550781,-10.68053360595703,4.398148449707031,-0.1771709228515625,-8.224082702636718,0.3158565166055004,0.22104002614239077,0.046944729008008966,2.3139959045410157,-1.3239935180664062,-9.599551556396484,1.7599699737692505,1.4722982620275276,0.6785060992551187,5.624948268909174,1.0139805658729695,9.943752516318154,0
Yuksel_Atmaca_2020_DrivingBehaviorDataset,,Sudden Right Turn,TURN,harsh,38,2.1031351440429678,-1.7106570861816406,-9.489076251220704,0.31965422276762734,0.23701658952362203,0.04430456567532763,-8.54025669896691,-17.199584416950163,3.193590754206865,3.329456309682742,29.922324267141292,3.3035869126966317,29.44389201660156,-23.949199206542968,-132.84706751708984,-1.7501614135742187,-5.681440539550781,-10.68053360595703,4.398148449707031,-0.1771709228515625,-8.224082702636718,0.31965422276762734,0.23701658952362203,0.044304565675326646,2.393004559326172,-1.3239935180664062,-9.508571893310547,1.7705188741451356,1.5245782163115917,0.6591504903889143,5.6758456878648245,1.0063317486904921,9.868743243295615,0
Yuksel_Atmaca_2020_DrivingBehaviorDataset,,Sudden Right Turn,TURN,harsh,39,1.8885120666503903,-1.5514426757812498,-9.426313964843748,0.3011576538419489,0.2862239128401643,0.04059997834654818,-6.33148608513018,-12.948454992716993,1.3288006407532817,1.6403612853825142,21.517412141526194,7.89776304918831,26.439168933105467,-21.7201974609375,-131.9683955078125,-1.7501614135742187,-5.681440539550781,-10.68053360595703,4.398148449707031,0.8906430175781249,-8.224082702636718,0.3011576538419489,0.2862239128401643,0.04059997834654916,2.1452046874999997,-1.2952630981445312,-9.403227020263671,1.7185306823124082,1.675379877775187,0.6309911074271868,5.645342678578962,0.9930007119249523,9.738010431598832,0
Yuksel_Atmaca_2020_DrivingBehaviorDataset,,Sudden Right Turn,TURN,harsh,40,1.8758570007324218,-1.5117673339843742,-9.641279071044922,0.2986831093268892,0.2905783054457256,0.09547566736007886,-6.2296888739788585,-13.375233275719808,-12.63183962936299,1.968820519295732,21.47912613723844,31.726594578631435,26.261998010253905,-21.16474267578125,-134.9779069946289,-1.7501614135742187,-5.681440539550781,-12.20085166015625,4.398148449707031,0.8906430175781249,-8.224082702636718,0.2986831093268892,0.2905783054457256,0.09547566736008081,2.1452046874999997,-1.197100830078125,-9.508571893310547,1.7114557295123185,1.6880757504032005,0.967624128118319,6.089794415334507,1.013366771203811,9.937733246825852,1
Yuksel_Atmaca_2020_DrivingBehaviorDataset,,Sudden Right Turn,TURN,harsh,41,1.65593247680664,-1.7077498413085934,-9.723023956298828,0.332055069838464,0.37010050446253495,0.08266618489015687,-3.089336113948249,-10.38323998413712,-14.877955514481393,-5.683837744826641,2.9974908627174788,42.37319403022058,23.18305467529297,-23.90849777832031,-136.1223353881836,-1.7501614135742187,-5.681440539550781,-12.20085166015625,4.398148449707031,0.8906430175781249,-8.224082702636718,0.332055069838464,0.37010050446253495,0.08266618489015491,1.9584569580078124,-1.197100830078125,-9.56962403564453,1.8045353558828863,1.9051105249007276,0.9003767778286162,5.790623756158713,1.020713602881626,10.009781053699097,0
Yuksel_Atmaca_2020_DrivingBehaviorDataset,,Sudden Right Turn,TURN,harsh,42,1.40146304321289,-1.9656395629882812,-9.692754406738281,0.39862581822264637,0.4632445686028546,0.0848030395475714,-1.3072001779554046,-7.405644138004888,-15.269713629183604,-10.70135591963929,-8.435045237871927,41.208362687728716,19.620482604980467,-27.518953881835937,-135.69856169433592,-1.7501614135742187,-5.681440539550781,-12.20085166015625,4.398148449707031,0.8906430175781249,-8.224082702636718,0.39862581822264637,0.4632445686028546,0.0848030395475714,1.7417817077636717,-1.197100830078125,-9.479841473388671,1.9771656178158457,2.1314026716435337,0.9119395417346434,5.480005971405891,1.018580256481213,9.988860072221486,0
Yuksel_Atmaca_2020_DrivingBehaviorDataset,,Sudden Right Turn,TURN,harsh,43,1.627202056884765,-1.732033886718749,-9.724050042724608,0.31511832326868394,0.35050420898795026,0.07610634623158413,-1.2220125617031392,-8.528524463318615,-19.54665605197845,-7.606795759698847,-1.595428539398256,48.6851777494885,22.780828796386718,-24.2484744140625,-136.13670059814453,-1.4437036010742186,-5.286397265624999,-12.20085166015625,4.398148449707031,0.8906430175781249,-8.662221606445312,0.31511832326868394,0.35050420898795126,0.07610634623158413,1.7417817077636717,-1.197100830078125,-9.479841473388671,1.7579121436757983,1.8539881609847708,0.8639145213919974,5.310226628074018,1.0207602612656925,10.010238616141201,0
Yuksel_Atmaca_2020_DrivingBehaviorDataset,,Sudden Right Turn,TURN,harsh,44,1.7505034423828119,-1.5861585998535155,-9.669496447753907,0.28303097165272784,0.2999897405664504,0.07557871887638032,-2.4926325838508387,-10.909959590441195,-21.77529490226291,-2.3360200505250432,10.330565500742832,57.028942168232795,24.507048193359374,-22.206220397949217,-135.3729502685547,-1.4437036010742186,-5.286397265624999,-12.20085166015625,4.398148449707031,0.8906430175781249,-8.662221606445312,0.28303097165272784,0.2999897405664504,0.07557871887637933,1.7417817077636717,-1.197100830078125,-9.403227020263671,1.6660089069864614,1.7151951461352681,0.8609146551598782,5.504769207832181,1.015011211941238,9.953859701583541,0
Yuksel_Atmaca_2020_DrivingBehaviorDataset,,Sudden Right Turn,TURN,harsh,45,1.8815004760742182,-1.5227122558593749,-9.696345709228515,0.25592525280484746,0.3053861590600927,0.07494590969761818,-4.466857444452736,-11.771853396831702,-21.00877213114698,4.946257783676206,10.95176685741413,54.940282846906236,26.34100666503906,-21.317971582031248,-135.74883992919922,-1.4437036010742186,-5.286397265624999,-12.20085166015625,4.398148449707031,0.8906430175781249,-8.662221606445312,0.25592525280484746,0.3053861590600927,0.07494590969761916,1.7944541442871094,-0.9337386474609375,-9.479841473388671,1.5842251672090877,1.7305534307690882,0.8573029250715063,5.61202789245131,1.0190930614624414,9.993888971190648,0
Yuksel_Atmaca_2020_DrivingBehaviorDataset,,Sudden Right Turn,TURN,harsh,46,1.9623902893066398,-1.5801730957031248,-9.609812420654295,0.27041912502634946,0.29311875319801806,0.06693091985296823,-5.2373935099679585,-11.766096548371097,-26.9771809964668,2.386257426317349,12.360111664253791,90.48816513942948,27.473464050292968,-22.12242333984375,-134.53737388916014,-1.4437036010742186,-5.286397265624999,-12.20085166015625,4.398148449707031,0.8906430175781249,-8.662221606445312,0.27041912502634946,0.29311875319801806,0.06693091985296724,1.7944541442871094,-1.0474632263183594,-9.443928448486327,1.6284672893367098,1.6954388874416397,0.8101654801187845,5.661365341367907,1.0130479887800634,9.934607059170009,0
Yuksel_Atmaca_2020_DrivingBehaviorDataset,,Sudden Right Turn,TURN,harsh,47,2.0807322570800775,-1.6198484374999995,-9.506690734863282,0.2861408625569481,0.28685391181753167,0.0744005025996592,-6.617657851793191,-11.501464250696412,-25.231853675903235,0.9443572524416394,12.899400986125748,84.6037886633724,29.13025159912109,-22.677878125,-133.09367028808592,-1.4437036010742186,-5.286397265624999,-12.20085166015625,4.398148449707031,0.8906430175781249,-8.506598498535157,0.2861408625569481,0.28685391181753167,0.07440050259966019,2.2373814514160153,-1.1360486877441405,-9.388861810302734,1.6751367973374873,1.6772226788132232,0.8541777852525574,5.755322016937374,1.006013609820352,9.865623366744755,0
Yuksel_Atmaca_2020_DrivingBehaviorDataset,,Sudden Right Turn,TURN,harsh,48,2.182143798828124,-1.711341143798828,-9.460345831298827,0.29202009613147084,0.28001360863664954,0.0806279249442321,-8.271832741117462,-10.194471190907361,-23.088605805876078,1.9304341967518437,11.924984451539897,74.36353286852282,30.550013183593748,-23.95877601318359,-132.4448416381836,-1.4437036010742186,-5.286397265624999,-12.20085166015625,4.398148449707031,0.8906430175781249,-8.506598498535157,0.29202009613147084,0.28001360863664954,0.08062792494423014,2.779668127441406,-1.2198457458496093,-9.388861810302734,1.6922585132679027,1.657104539592056,0.889207422457967,5.7825744992681996,1.0052797867184482,9.858427020422468,0
Yuksel_Atmaca_2020_DrivingBehaviorDataset,,Sudden Right Turn,TURN,harsh,49,2.1723959777832027,-1.851572955322265,-9.48428784790039,0.29034853374488073,0.28966824019172915,0.0828518059183773,-8.19034969335358,-7.3332340290939735,-21.49321642192068,2.0884364472740127,5.195038206126202,65.4803694834587,30.413543688964843,-25.92202137451172,-132.78002987060546,-1.4437036010742186,-5.286397265624999,-12.20085166015625,4.398148449707031,0.8906430175781249,-8.506598498535157,0.29034853374488073,0.28966824019173015,0.0828518059183763,2.779668127441406,-1.6077064147949218,-9.388861810302734,1.6874082044512035,1.6854302262853333,0.9013870769594218,5.679252869252923,1.009979068129857,9.904511228475663,0
Yuksel_Atmaca_2020_DrivingBehaviorDataset,,Sudden Right Turn,TURN,harsh,50,2.091506164550781,-1.8493497680664053,-9.497797985839844,0.2601470167513075,0.28995394614109543,0.08345794548300572,-10.016626939457083,-7.361758780320369,-20.7789248343198,4.585801038744709,5.167116676133901,62.28938606526989,29.281086303710936,-25.890896752929685,-132.9691718017578,-1.4437036010742186,-5.286397265624999,-12.20085166015625,4.1563340820312495,0.8906430175781249,-8.506598498535157,0.2601470167513075,0.28995394614109643,0.08345794548300475,2.779668127441406,-1.5921441040039062,-9.388861810302734,1.597238473686447,1.6862612092806322,0.9046783191117809,5.62294431358515,1.009481244320374,9.899629244614395,0
Yuksel_Atmaca_2020_DrivingBehaviorDataset,,Sudden Right Turn,TURN,harsh,51,1.961022174072265,-1.7723932861328122,-9.570992150878906,0.22527891465322253,0.29696917231495523,0.08983604279710697,-11.764271146036897,-8.47829492925249,-16.824124203744038,7.8528228226571075,5.199474237639553,42.110793658773645,27.454310437011717,-24.813506005859374,-133.99389011230468,-1.4437036010742186,-5.286397265624999,-12.20085166015625,3.4548329956054684,0.8906430175781249,-8.506598498535157,0.22527891465322253,0.29696917231495523,0.08983604279710597,2.5067291381835934,-1.2042834350585936,-9.414000927734374,1.486348367101075,1.7065382309466322,0.9386110105343141,5.554866569987998,1.0125061938722786,9.929293866137582,0
Yuksel_Atmaca_2020_DrivingBehaviorDataset,,Sudden Right Turn,TURN,harsh,52,1.7015933227539053,-2.1529003356933583,-9.499508129882813,0.26925923768602866,0.3719515279158944,0.10316680317291872,-7.7465872473428545,-6.274858457065155,-13.865093590773105,-5.677905914257246,-3.6019291947807255,32.01871714441642,23.822306518554687,-30.14060469970703,-132.99311381835938,-1.4437036010742186,-5.523423229980469,-12.20085166015625,3.4548329956054684,0.8906430175781249,-8.185775476074218,0.26925923768602866,0.3719515279158944,0.10316680317291775,2.060210528564453,-1.6077064147949218,-9.414000927734374,1.6249711084366067,1.9098686999991419,1.0058432931305445,5.343273733256268,1.008287710497277,9.88792467614812,0
Yuksel_Atmaca_2020_DrivingBehaviorDataset,,Sudden Right Turn,TURN,harsh,53,1.5823962829589835,-2.6637203613281244,-9.476250170898437,0.3108980623785111,0.40300479607582057,0.10502401549265948,-6.342250450488832,-7.458449314955246,-14.162640179068788,-11.608671098792854,-10.068983125304918,31.389639626092436,22.15354796142578,-37.29208505859375,-132.66750239257811,-1.4437036010742186,-6.260837341308593,-12.20085166015625,3.4548329956054684,-0.7230489013671875,-8.185775476074218,0.31089806237851203,0.40300479607582057,0.1050240154926585,2.060210528564453,-2.090138049316406,-9.414000927734374,1.7461009373527736,1.9879957201757128,1.0148565226331678,5.433229642770077,1.016645821118693,9.969889741673631,0
Yuksel_Atmaca_2020_DrivingBehaviorDataset,,Sudden Right Turn,TURN,harsh,54,1.4647383728027341,-2.7757347961425776,-9.383902392578126,0.302196574056033,0.37393885095428947,0.061937172708143515,-4.526919369434155,-7.202213790170562,-3.2122709995128136,-12.4007547511357,-9.415792945534818,-3.9491848222821466,20.50633721923828,-38.86028714599609,-131.37463349609374,-1.4437036010742186,-6.260837341308593,-10.907982763671875,3.4548329956054684,-0.7230489013671875,-8.185775476074218,0.30219657405603395,0.37393885095428947,0.061937172708143515,1.600523809814453,-2.2685060729980466,-9.414000927734374,1.7214923853931519,1.9149640813108966,0.7793562566235815,4.788297760507921,1.0089925044645631,9.894836343907409,0
Yuksel_Atmaca_2020_DrivingBehaviorDataset,,Sudden Right Turn,TURN,harsh,55,1.6439614685058586,-2.4675668395996087,-9.455044384765625,0.27211288960977226,0.37053585443897846,0.07161551915131968,-7.590993490616251,-10.333971363346972,-1.9484611396713272,-5.40737618019294,-1.48051111021612,-9.726016535793963,23.01546055908203,-34.54593575439453,-132.37062138671874,-1.4437036010742186,-6.260837341308593,-10.907982763671875,3.4548329956054684,-0.5147533569335937,-8.185775476074218,0.27211288960977226,0.37053585443897846,0.07161551915131968,1.917755529785156,-2.090138049316406,-9.414000927734374,1.6335592639667753,1.9062306882783129,0.8380383827040965,5.102313849023715,1.0104423459558918,9.909054431968345,0
Yuksel_Atmaca_2020_DrivingBehaviorDataset,,Sudden Right Turn,TURN,harsh,56,1.8291700683593748,-2.1416133850097654,-9.52310811767578,0.19548408358188735,0.32041365480365575,0.07403650604532275,-7.367354061110821,-14.861409505350744,0.43040249992018587,-1.1260233600046254,15.899166869874929,-11.482516439977656,25.608380957031248,-29.982587390136718,-133.32351364746094,-0.7829039428710937,-6.260837341308593,-10.907982763671875,3.4548329956054684,-0.5147533569335937,-8.185775476074218,0.19548408358188735,0.3204136548036567,0.07403650604532275,1.917755529785156,-1.6077064147949218,-9.616310968017578,1.384573576325332,1.7726208189797046,0.8520857363020253,5.070386023510893,1.0126657868097302,9.93085893821764,0
Yuksel_Atmaca_2020_DrivingBehaviorDataset,,Sudden Right Turn,TURN,harsh,57,1.8608077331542958,-2.0104453369140614,-9.597841412353514,0.1940016622014913,0.33721611228676907,0.06787937406381633,-8.21471700848225,-15.678994641052423,2.599463386573952,0.40283173035444536,17.03641118863215,-7.489184171214418,26.051308264160156,-28.146234716796872,-134.36977977294922,-0.7829039428710937,-6.260837341308593,-10.907982763671875,3.4548329956054684,-0.5147533569335937,-8.185775476074218,0.1940016622014913,0.33721611228676907,0.06787937406381633,1.9488801513671874,-1.2042834350585936,-9.73602105102539,1.3793137426373516,1.818504986948632,0.8158855702014418,5.200862796245857,1.017792517121023,9.981134988024879,0
Yuksel_Atmaca_2020_DrivingBehaviorDataset,,Sudden Right Turn,TURN,harsh,58,2.0104453369140614,-1.9208337890624998,-9.57184722290039,0.20974160020213814,0.3446613024853742,0.070207955112709,-9.64207754887682,-16.682808204780038,1.7120502214160243,1.217641866729797,19.039229361479272,-9.51611080664288,28.146234716796872,-26.891673046875,-134.00586112060546,-0.7829039428710937,-6.260837341308593,-10.907982763671875,3.4620156005859375,-0.5147533569335937,-8.185775476074218,0.20974160020213814,0.3446613024853742,0.070207955112709,2.1871032165527344,-1.0702081420898437,-9.73602105102539,1.434176580349261,1.8384702233156227,0.8297619194721152,5.344120687235152,1.0164056949841054,9.967534908715875,0
Yuksel_Atmaca_2020_DrivingBehaviorDataset,,Sudden Right Turn,TURN,harsh,59,2.087572833251952,-1.9141642272949217,-9.508229864501953,0.21451426960631026,0.3464793743201172,0.07330710301846305,-10.962488067655066,-16.614873996688168,-0.4727254891699166,2.5693772633288567,18.847308058961925,-11.629004468621563,29.226019665527343,-26.798299182128904,-133.11521810302733,-0.7829039428710937,-6.260837341308593,-10.907982763671875,3.4620156005859375,-0.5147533569335937,-8.185775476074218,0.21451426960631026,0.3464793743201172,0.07330710301846208,2.6001030029296874,-1.0702081420898437,-9.588777648925781,1.4504021380412826,1.8433127667806073,0.8478779993701945,5.393747515511425,1.0116716540298623,9.921109825991948,0
Yuksel_Atmaca_2020_DrivingBehaviorDataset,,Sudden Right Turn,TURN,harsh,60,2.0284018493652334,-1.9314366821289053,-9.588435620117188,0.20370418601162135,0.34336762065383053,0.08180094796877715,-10.951590215464805,-16.586726596916417,1.1223530780681863,3.636542940641229,18.960414726123187,-14.386682879764669,28.39762589111328,-27.040113549804687,-134.23809868164062,-0.7829039428710937,-6.260837341308593,-10.907982763671875,3.4620156005859375,-0.5147533569335937,-8.185775476074218,0.20370418601162135,0.34336762065383053,0.08180094796877521,2.402581365966797,-1.1911153259277343,-9.749189160156249,1.413384468483671,1.835016642181997,0.8956524249942033,5.349262173875355,1.0186090125891176,9.989142073307072,0
Yuksel_Atmaca_2020_DrivingBehaviorDataset,,Sudden Right Turn,TURN,harsh,61,2.0270337341308586,-1.911599011230468,-9.68300658569336,0.20327824298361108,0.34729581329868336,0.07209840167703634,-10.988840081584048,-16.577398170897332,3.3388952905888045,3.6858342726464923,18.736893180129993,-10.117960596477252,28.378472277832028,-26.762386157226562,-135.56209219970702,-0.7829039428710937,-6.260837341308593,-10.907982763671875,3.4620156005859375,-0.5147533569335937,-8.185775476074218,0.20327824298361108,0.34729581329868336,0.07209840167703437,2.402581365966797,-1.0917559570312498,-9.810241302490233,1.4119060101703778,1.8454832666501035,0.8408589601152475,5.390113616248479,1.0274555162967363,10.075896638891388,0
Yuksel_Atmaca_2020_DrivingBehaviorDataset,,Sudden Right Turn,TURN,harsh,62,2.0145496826171865,-1.8654251220703117,-9.883777496337888,0.20054430885085608,0.3497914648349467,0.0795639666386545,-11.073451761293237,-17.227371834318294,2.9538913433870113,4.063219053436476,20.231955622455583,-4.0232209162524235,28.203695556640625,-26.115951708984372,-138.37288494873047,-0.7829039428710937,-6.260837341308593,-11.358092675781249,3.4620156005859375,-0.5147533569335937,-8.185775476074218,0.20054430885085608,0.3497914648349467,0.07956396663865156,2.402581365966797,-1.0917559570312498,-9.94671079711914,1.4023793518132872,1.85210217553558,0.8833209911673872,5.47983633191779,1.0460284446014672,10.258034846250977,0
Yuksel_Atmaca_2020_DrivingBehaviorDataset,,Sudden Right Turn,TURN,harsh,63,1.9172424865722653,-1.7664077819824215,-9.810754345703124,0.195356224236006,0.3374496287816992,0.08430482135140156,-9.361072874314022,-19.790807201816342,0.6541184957011609,2.082847864004412,29.907191476031223,-7.7056039812964885,26.841394812011718,-24.729708947753906,-137.35056083984375,-0.7829039428710937,-6.260837341308593,-11.358092675781249,3.4620156005859375,-0.5147533569335937,-8.185775476074218,0.195356224236007,0.3374496287816982,0.08430482135139862,2.1871032165527344,-1.0917559570312498,-9.810241302490233,1.38412070153005,1.8191345200649804,0.9092567713829258,5.489193395292335,1.035134596335604,10.151202689154552,0
Yuksel_Atmaca_2020_DrivingBehaviorDataset,,Sudden Right Turn,TURN,harsh,64,1.5882107727050776,-2.0728655944824217,-9.84991664428711,0.2524646808834021,0.4367514447536599,0.08631486045202375,-7.448289880774875,-13.667986532231186,1.9275659519727462,-5.0756209825119445,2.8360087500738387,-8.677294904791479,22.23495081787109,-29.020118322753905,-137.8988330200195,-1.3407529296874998,-6.260837341308593,-11.358092675781249,3.4620156005859375,-0.5147533569335937,-8.185775476074218,0.2524646808834031,0.4367514447536599,0.08631486045202276,1.9488801513671874,-1.0917559570312498,-9.97903251953125,1.5734779193827992,2.069557574867992,0.9200324050009526,5.37469083295853,1.0391105503481737,10.190193478571919,0
Yuksel_Atmaca_2020_DrivingBehaviorDataset,,Sudden Right Turn,TURN,harsh,65,1.3804282714843745,-2.303393011474609,-9.74474278564453,0.2802676090909883,0.4510641633642406,0.08839471459021708,-4.087656363574738,-10.184357047949607,-1.0668179613060613,-12.03082171309589,-6.039053827358951,-9.810873439544276,19.32599580078125,-32.24750216064453,-136.42639899902343,-1.3407529296874998,-6.260837341308593,-11.358092675781249,3.4620156005859375,-0.5147533569335937,-8.185775476074218,0.2802676090909883,0.4510641633642406,0.08839471459021905,1.6903063720703124,-1.2713210815429687,-9.769539874267577,1.6578559493189218,2.1031948025934093,0.9310510339590264,5.0664672723062685,1.0307268758899808,10.107977717446477,0
Yuksel_Atmaca_2020_DrivingBehaviorDataset,,Sudden Right Turn,TURN,harsh,66,1.6672194274902339,-2.035242425537109,-9.784076098632811,0.2630810372232236,0.3640743567708585,0.07713573103088683,-7.2137714534861574,-14.575265311818907,-3.452436579595798,-6.064843503492949,10.156799994995149,-12.349410964868298,23.34107198486328,-28.49339395751953,-136.97706538085936,-1.3407529296874998,-6.260837341308593,-11.358092675781249,3.4620156005859375,-0.5147533569335937,-8.736441857910156,0.2630810372232246,0.3640743567708585,0.07713573103088488,1.9488801513671874,-1.2713210815429687,-9.769539874267577,1.6062203004834463,1.8895369249704932,0.8697373837624984,5.42043155836113,1.0331389941238127,10.131632516724286,0
Yuksel_Atmaca_2020_DrivingBehaviorDataset,,Sudden Right Turn,TURN,harsh,67,1.786245452880859,-1.6307933593749993,-9.785273199462889,0.2192554615432248,0.22224222387488046,0.07692150375831652,-8.30279399641171,-18.76811256351815,-3.4643354019052,1.632843435667115,32.123989474435746,-12.310741820726328,25.00743634033203,-22.83110703125,-136.99382479248047,-1.3407529296874998,-5.540182641601562,-11.358092675781249,3.4620156005859375,-0.5147533569335937,-8.736441857910156,0.2192554615432248,0.22224222387488046,0.07692150375831552,1.9488801513671874,-1.0917559570312498,-9.769539874267577,1.4663429244016801,1.4762966181504975,0.8685287933232183,5.247399789387065,1.0278503280239717,10.079768419316279,0
Yuksel_Atmaca_2020_DrivingBehaviorDataset,,Sudden Right Turn,TURN,harsh,68,1.6523411743164056,-1.5454571716308594,-9.70968483276367,0.26689699845359804,0.21967643292351344,0.06643952321994652,-7.002702275691539,-20.96837510587017,-5.172321048313752,-6.695832553676278,40.05432515227593,-6.350761873670152,23.132776440429687,-21.63640040283203,-135.9355876586914,-1.3407529296874998,-5.540182641601562,-11.358092675781249,3.4620156005859375,-0.5147533569335937,-8.736441857910156,0.26689699845359804,0.21967643292351344,0.06643952321994652,1.9488801513671874,-1.0438719238281249,-9.769539874267577,1.6178273856889016,1.4677499415531847,0.8071859453588731,5.256775847682442,1.016635323681639,9.969786796982543,0
Yuksel_Atmaca_2020_DrivingBehaviorDataset,,Sudden Right Turn,TURN,harsh,69,1.6413962524414059,-1.553494848632812,-9.653079064941407,0.26612496708035455,0.21794913541124358,0.060729833110021766,-6.810403596082587,-21.11981322748951,-7.357349620273092,-6.775449933047817,40.545167066281515,0.6697966821549601,22.979547534179687,-21.748927880859373,-135.1431069091797,-1.3407529296874998,-5.540182641601562,-11.358092675781249,3.4620156005859375,-0.5746083984375,-8.736441857910156,0.26612496708035455,0.21794913541124358,0.06072983311001981,1.8722656982421875,-1.0438719238281249,-9.726444244384766,1.6154858118902071,1.4619681558709394,0.7717228892992498,5.262505554983031,1.0109572854064375,9.91410426293104,0
Yuksel_Atmaca_2020_DrivingBehaviorDataset,,Sudden Right Turn,TURN,harsh,70,1.8163439880371086,-1.557599194335937,-9.591855908203124,0.29090769637719865,0.21722458520073124,0.05970193530871292,-8.136886594035893,-21.160424385836954,-9.980921024321445,-6.0689892775911405,40.711109489051886,5.655088184095113,25.42881583251953,-21.806388720703122,-134.28598271484375,-1.3407529296874998,-5.540182641601562,-11.358092675781249,3.5984850952148437,-0.5746083984375,-8.736441857910156,0.29090769637719865,0.21722458520073124,0.05970193530871292,2.1835119140624997,-1.0438719238281249,-9.489418280029296,1.6890322556651973,1.459536049043926,0.7651640241772938,5.380318223068705,1.0080704290319877,9.885793872866543,0
Yuksel_Atmaca_2020_DrivingBehaviorDataset,,Sudden Right Turn,TURN,harsh,71,1.9587989868164055,-1.628912200927734,-9.444270477294921,0.321029031098806,0.20908857041998502,0.08701665927206023,-8.46087094373634,-20.981278993009084,-2.931518908589015,-6.558207381549726,40.73116254768641,6.688561861518168,27.423185815429687,-22.80477081298828,-132.2197866821289,-1.3407529296874998,-5.540182641601562,-11.358092675781249,3.8474820678710935,-0.5985504150390625,-7.64229169921875,0.321029031098806,0.20908857041998502,0.08701665927206023,2.673126153564453,-1.1755530151367186,-9.1554271484375,1.7743222220963994,1.4319421877677712,0.9237650792546533,5.4633135290968315,0.9974706026557645,9.781845085534153,0
Yuksel_Atmaca_2020_DrivingBehaviorDataset,,Sudden Right Turn,TURN,harsh,72,1.9683757934570305,-1.6561034912109365,-9.538670428466796,0.32432177779307736,0.20614975815323638,0.09042404933652047,-8.362688515310191,-20.85932679280551,-0.10940234969165749,-6.69762054905857,40.71545814561467,3.2281665061261138,27.557261108398436,-23.185448876953124,-133.54138599853516,-1.3407529296874998,-5.540182641601562,-11.358092675781249,3.8474820678710935,-0.5985504150390625,-7.64229169921875,0.32432177779307736,0.20614975815323638,0.09042404933652047,2.673126153564453,-1.2713210815429687,-9.507374792480467,1.783398486652515,1.4218433548719212,0.9416777598658622,5.443588525741429,1.0074229316534726,9.879444092699528,0
Yuksel_Atmaca_2020_DrivingBehaviorDataset,,Sudden Right Turn,TURN,harsh,73,1.9358830566406247,-1.6754281188964841,-9.67702108154297,0.3193900188734897,0.2023264229544075,0.09751982069978467,-8.029292435612678,-21.186989170445617,2.5825133694226183,-6.645659959559344,41.86387183236954,0.7742461841877833,27.102362792968748,-23.45599366455078,-135.47829514160156,-1.3407529296874998,-5.540182641601562,-11.358092675781249,3.8474820678710935,-0.5985504150390625,-7.64229169921875,0.3193900188734897,0.2023264229544075,0.09751982069978271,2.445676995849609,-1.2713210815429687,-9.787496386718749,1.7697870291607714,1.4085966121164155,0.9779277834612987,5.460109391483227,1.0207325654624888,10.009967013092718,0
Yuksel_Atmaca_2020_DrivingBehaviorDataset,,Sudden Right Turn,TURN,harsh,74,1.9770975280761716,-1.6844918823242183,-9.590316778564452,0.32670054100969637,0.20154393120866504,0.09082909088948432,-8.362174465112178,-21.107571998031784,0.5400326517838777,-6.84589830605778,41.72707308817583,4.536429631440075,27.679365393066405,-23.58288635253906,-134.26443489990234,-1.3407529296874998,-5.540182641601562,-11.358092675781249,3.8474820678710935,-0.5985504150390625,-7.64229169921875,0.32670054100969637,0.20154393120866504,0.0908290908894853,2.673126153564453,-1.3299790222167969,-9.561244329833984,1.7899267751762191,1.4058701195300578,0.9437844585345619,5.446951863291902,1.0131721073097009,9.935824246148677,0
Yuksel_Atmaca_2020_DrivingBehaviorDataset,,Sudden Right Turn,TURN,harsh,75,1.7281005554199216,-2.0063409912109376,-9.430589324951171,0.3354449884794073,0.2926321612064649,0.11882219104571853,-4.980282944189219,-14.741046797906204,0.8150588851511933,-12.559786862736924,8.639901312340774,-1.69811965284116,24.193407775878907,-28.088773876953123,-132.0282505493164,-1.3407529296874998,-5.540182641601562,-11.358092675781249,3.8474820678710935,-0.5985504150390625,-7.594407666015624,0.3354449884794073,0.2926321612064649,0.1188221910457195,2.1535843933105467,-1.3455413330078123,-9.324218365478515,1.8137231310956992,1.6940310456704695,1.0794663680812415,5.061735640129053,0.9988418341898144,9.795292273257543,0
Yuksel_Atmaca_2020_DrivingBehaviorDataset,,Sudden Right Turn,TURN,harsh,76,1.3776920410156241,-2.380862536621093,-9.299079248046874,0.4181971494738863,0.43635536694022253,0.08783898200942869,-3.1411863915228464,-11.243891997847202,4.266249745945285,-14.0234124774023,-2.8031698165513514,0.6427476737134958,19.28768857421875,-33.33207551269531,-130.18710947265623,-1.9752163696289062,-6.562506750488281,-10.809820495605468,3.8474820678710935,-0.5985504150390625,-7.594407666015624,0.41819714947388736,0.43635536694022253,0.08783898200942869,1.7094599853515624,-1.4616601135253906,-9.324218365478515,2.025120508979181,2.068618949735388,0.9281196867445317,5.624415377985937,0.9888588110882179,9.697392259758272,0
Yuksel_Atmaca_2020_DrivingBehaviorDataset,,Sudden Right Turn,TURN,harsh,77,1.2128341552734372,-2.6144682128906247,-9.33824154663086,0.45157245011054553,0.4788315192396824,0.08780441492646933,-1.0543082589147088,-7.579547099261448,5.672439631275469,-17.08712697508037,-11.862303377125523,1.8161018309447017,16.979678173828123,-36.602554980468746,-130.73538165283202,-1.9752163696289062,-6.562506750488281,-10.809820495605468,3.8474820678710935,-0.5985504150390625,-7.594407666015624,0.45157245011054553,0.4788315192396824,0.08780441492646837,1.3874398620605468,-1.4616601135253906,-9.447519750976562,2.1043794733546943,2.166964032500731,0.9279370483166733,5.365783358175015,0.9965563265973699,9.772879100226096,0
Yuksel_Atmaca_2020_DrivingBehaviorDataset,,Sudden Right Turn,TURN,harsh,78,1.446439831542968,-2.3319524169921872,-9.32233720703125,0.39846190479581084,0.4112374079163255,0.08467271043612294,-3.4093144188268374,-11.546024712158033,6.007589278940275,-13.66974374512946,-1.0054794630990807,3.0855091812095305,20.25015764160156,-32.64733383789062,-130.5127208984375,-1.9752163696289062,-6.562506750488281,-10.809820495605468,3.8474820678710935,-0.5985504150390625,-7.594407666015624,0.3984619047958118,0.4112374079163255,0.08467271043612393,1.9105729248046874,-1.4616601135253906,-9.447519750976562,1.9767590745120782,2.0081985276218672,0.9112385175125196,5.7088581718584495,0.9909425729031743,9.717826982560915,0
Yuksel_Atmaca_2020_DrivingBehaviorDataset,,Sudden Right Turn,TURN,harsh,79,1.4512282348632806,-2.091677178955077,-9.28129375,0.39636410069694794,0.4011702869716739,0.09024403907610798,-3.428094083218456,-15.084215554037572,4.754623090990712,-13.538686872399335,9.238477658202237,-1.9979488770151155,20.317195288085937,-29.28348050537109,-129.9381125,-1.9752163696289062,-6.562506750488281,-10.809820495605468,3.8474820678710935,-0.5985504150390625,-7.594407666015624,0.39636410069694894,0.4011702869716739,0.09024403907610798,1.9105729248046874,-1.3455413330078123,-9.447519750976562,1.9715486319387945,1.983465803771462,0.9407399777864841,5.880002070211331,0.9813866151455397,9.624115049417007,0
Yuksel_Atmaca_2020_DrivingBehaviorDataset,,Sudden Right Turn,TURN,harsh,80,1.2203587890624992,-2.2596133239746092,-9.47060669555664,0.380816139597159,0.4295423114720436,0.11875403964737108,-0.5913012871923319,-11.652850008882377,2.5875481001100034,-13.816359145191424,-1.4364988803423184,-0.1759508045665118,17.085023046874998,-31.63458653564453,-132.58849373779296,-1.9752163696289062,-6.562506750488281,-11.386823095703125,3.8474820678710935,-0.5985504150390625,-7.594407666015624,0.380816139597159,0.4295423114720445,0.11875403964737208,1.3874398620605468,-1.3455413330078123,-9.552864624023437,1.93249336231214,2.0524061753944625,1.079156755484535,5.6919660686770195,1.0006088114475633,9.812620400782247,0
Yuksel_Atmaca_2020_DrivingBehaviorDataset,,Sudden Right Turn,TURN,harsh,81,1.3151007690429686,-2.2626915832519527,-9.471803796386718,0.38662008225596817,0.4284328246922443,0.11862663635703054,-2.129452658682257,-11.682115048304594,2.621551744553703,-14.104658980981538,-1.3961728452176183,-0.08636463977749191,18.411410766601563,-31.67768216552734,-132.60525314941407,-1.9752163696289062,-6.562506750488281,-11.386823095703125,3.8474820678710935,-0.6272808349609375,-7.594407666015624,0.38662008225596817,0.4284328246922443,0.11862663635703151,1.9105729248046874,-1.3455413330078123,-9.552864624023437,1.9471640479567958,2.0497538291873494,1.0785777224802535,5.742986702247164,1.0020460745885893,9.82671513736419,0
Yuksel_Atmaca_2020_DrivingBehaviorDataset,,Sudden Right Turn,TURN,harsh,82,1.6290832153320303,-2.2785959228515615,-9.406989337158203,0.3788837359231246,0.42482919906744554,0.11924376621785154,-5.226589149975655,-11.63635177717829,0.6822155036959755,-10.65345200667045,-1.3453297811940208,-0.9828133976428767,22.807165014648437,-31.900342919921872,-131.69785072021483,-1.9752163696289062,-6.562506750488281,-11.386823095703125,3.8474820678710935,-0.6272808349609375,-7.594407666015624,0.3788837359231246,0.42482919906744554,0.11924376621785057,2.069787335205078,-1.350329736328125,-9.447519750976562,1.9275840290089867,2.0411152013139207,1.0813796188112133,5.93823283382917,1.0008677476720858,9.81515969770846,0
Yuksel_Atmaca_2020_DrivingBehaviorDataset,,Sudden Right Turn,TURN,harsh,83,1.7753005310058592,-2.292106060791015,-9.308485040283204,0.4178298031594887,0.4201899098505187,0.12579616667479085,-5.692123001501066,-11.746018194271342,-1.6723962797589915,-11.667936719978913,-1.1719022579042369,-3.714923074679158,24.85420743408203,-32.08948485107422,-130.31879056396482,-1.9752163696289062,-6.562506750488281,-11.386823095703125,3.938461730957031,-0.6416460449218749,-7.594407666015624,0.4178298031594887,0.4201899098505187,0.12579616667479185,2.3127988037109373,-1.350329736328125,-9.324218365478515,2.0242308759511602,2.0299397477352863,1.1106930169589408,6.051626900687166,0.9941753846185966,9.74953003556996,1
Yuksel_Atmaca_2020_DrivingBehaviorDataset,,Sudden Right Turn,TURN,harsh,84,1.5928281616210935,-2.3363987915039055,-9.351580670166015,0.39229641928993697,0.40828573937966167,0.1280865932179163,-3.8061977557867457,-11.805129711372208,-0.4201438173624226,-11.789055730030684,-0.827538730118921,-5.06724302231244,22.29959426269531,-32.70958308105469,-130.92212938232421,-1.9752163696289062,-6.562506750488281,-11.386823095703125,3.938461730957031,-0.6416460449218749,-7.594407666015624,0.39229641928993697,0.40828573937966267,0.12808659321791827,2.069787335205078,-1.3754688537597655,-9.447519750976562,1.9614060467505616,2.0009785971088165,1.1207588453277981,5.893483009959415,0.9962367609620968,9.769745231888946,0
Yuksel_Atmaca_2020_DrivingBehaviorDataset,,Sudden Right Turn,TURN,harsh,85,1.5093731323242179,-2.3059582275390618,-9.401687890625,0.3609130150937111,0.4147125125935439,0.11286001317271986,-4.135100948633103,-11.917023025587383,-1.8728986709566449,-10.62012237479968,-0.8799767143149999,-3.729008400831713,21.131223852539062,-32.28341518554687,-131.62363046874998,-1.9752163696289062,-6.562506750488281,-11.386823095703125,3.938461730957031,-0.6416460449218749,-7.594407666015624,0.3609130150937111,0.4147125125935439,0.1128600131727179,2.069787335205078,-1.350329736328125,-9.447519750976562,1.881315396064347,2.0166656791906488,1.0520354785748605,5.8481904130922135,0.9990481187666235,9.797315233902708,0
Yuksel_Atmaca_2020_DrivingBehaviorDataset,,Sudden Right Turn,TURN,harsh,86,1.2889355651855463,-2.566926208496093,-9.569795050048826,0.3292557495455328,0.4566159876007299,0.1869846374987411,-2.041892573493126,-7.946874098733303,-8.697374453715573,-10.015804096752104,-11.020969476331118,7.842064835980461,18.045097912597654,-35.93696691894531,-133.97713070068357,-1.9752163696289062,-6.562506750488281,-12.670115185546875,3.938461730957031,-0.6416460449218749,-7.594407666015624,0.3292557495455328,0.4566159876007299,0.1869846374987401,1.4867992309570313,-1.3754688537597655,-9.447519750976562,1.7969128794353668,2.116098573981065,1.3541391713287922,6.019247184131431,1.0188564456867282,9.991568563093752,1
Yuksel_Atmaca_2020_DrivingBehaviorDataset,,Sudden Right Turn,TURN,harsh,87,0.9841878967285153,-2.9672709289550774,-9.558337084960936,0.38641883008468547,0.538875820581156,0.18405150344463567,-0.048470111903317174,-4.916035853473055,-8.963523366542494,-11.951138334647478,-16.054805316028713,9.343739495292096,13.778630554199218,-41.54179300537109,-133.81671918945312,-1.9752163696289062,-6.562506750488281,-12.670115185546875,3.938461730957031,-0.6416460449218749,-7.594407666015624,0.3864188300846864,0.538875820581156,0.18405150344463467,0.7769184387207031,-1.4927847351074217,-9.447519750976562,1.9466571911998245,2.298818515216501,1.3434763400429977,5.600621141574948,1.0254874358894466,10.05659636316524,0
Yuksel_Atmaca_2020_DrivingBehaviorDataset,,Sudden Right Turn,TURN,harsh,88,0.9970139770507805,-3.0355056762695307,-9.643844287109374,0.39248043448879116,0.5212904570483237,0.19110430602568734,0.02086307984873384,-4.430532026314741,-6.687744403046829,-12.158120320962194,-15.691801532903732,3.6589176972302906,13.958195678710936,-42.49707946777343,-135.01382001953124,-1.9752163696289062,-6.562506750488281,-12.670115185546875,3.938461730957031,-0.6416460449218749,-7.594407666015624,0.39248043448879116,0.5212904570483237,0.19110430602568834,0.7769184387207031,-1.945288848876953,-9.552864624023437,1.9618660129783352,2.2609982442746284,1.3689751797190546,5.516539255909776,1.0359637436856959,10.159333847015327,0
Yuksel_Atmaca_2020_DrivingBehaviorDataset,,Sudden Right Turn,TURN,harsh,89,1.026770483398437,-2.793862322998046,-9.748847131347656,0.3868999718913664,0.47985330525441705,0.15958057803603465,-0.39615274331648265,-7.641474575212986,-9.658255509174618,-11.492908398383905,-9.849482765677719,7.926565287310838,14.374786767578124,-39.11407252197265,-136.48385983886718,-1.9752163696289062,-6.562506750488281,-12.670115185546875,3.938461730957031,-0.6416460449218749,-8.343792785644531,0.3868999718913664,0.47985330525441805,0.15958057803603268,0.7769184387207031,-1.7944541442871094,-9.552864624023437,1.9478687351432264,2.169274859480291,1.2509799661053986,5.634573003439312,1.0394102197837956,10.193132231842759,0
Yuksel_Atmaca_2020_DrivingBehaviorDataset,,Sudden Right Turn,TURN,harsh,90,1.1172371032714836,-2.432679901123046,-9.79502102050781,0.33893642122963274,0.3671330249299216,0.1602725620269759,0.982154769359958,-10.866153937168384,-8.368403402883288,-11.894351904508728,-0.6987231509241101,5.738492076558755,15.64131944580078,-34.05751861572266,-137.13029428710936,-1.8507178833007811,-6.505045910644531,-12.670115185546875,3.938461730957031,-0.6416460449218749,-8.343792785644531,0.33893642122963274,0.3671330249299216,0.1602725620269769,0.7769184387207031,-1.5454571716308594,-9.731232647705077,1.8231376402377253,1.897457530204305,1.2536893237169477,5.801645299022233,1.0354443010890024,10.154239855274463,0
Yuksel_Atmaca_2020_DrivingBehaviorDataset,,Sudden Right Turn,TURN,harsh,91,1.1481907104492184,-2.3073263427734365,-9.807676086425781,0.3274026449373129,0.31996300448500187,0.15992795104475885,1.0066551182173884,-13.303552035005353,-8.052532258405884,-11.143961087530398,10.73479329173562,5.471462609970327,16.074669946289063,-32.302568798828126,-137.30746520996092,-1.8507178833007811,-6.505045910644531,-12.670115185546875,3.938461730957031,-0.6416460449218749,-8.343792785644531,0.32740264493731386,0.31996300448500187,0.15992795104476082,0.7769184387207031,-1.5454571716308594,-9.819818109130859,1.7918490862721972,1.7713738165426416,1.2523407847359709,5.899818634528749,1.0340576393912455,10.140641349336159,0
Yuksel_Atmaca_2020_DrivingBehaviorDataset,,Sudden Right Turn,TURN,harsh,92,1.0147994750976557,-2.4343900451660154,-9.71532830810547,0.3299077387502552,0.3228527682995562,0.16585924239571231,3.2797873038439542,-10.912949454646094,-9.69659780841624,-10.617170577841884,5.260318496593697,6.202855915641567,14.207192651367187,-34.081460632324216,-136.01459631347655,-1.8507178833007811,-6.505045910644531,-12.670115185546875,3.938461730957031,-0.6416460449218749,-8.343792785644531,0.32990773875025625,0.3228527682995562,0.16585924239571231,0.4381389038085937,-1.7549498168945312,-9.415198028564452,1.7986911147318212,1.7793549674656957,1.2753523197296954,5.817972641100275,1.0265441991072761,10.066959670175368,0
Yuksel_Atmaca_2020_DrivingBehaviorDataset,,Sudden Right Turn,TURN,harsh,93,1.185813879394531,-2.436613232421874,-9.815029705810547,0.3142990773003833,0.3220230394771458,0.15117028759935738,0.8575996506456917,-10.954443686767858,-9.445086689629017,-9.824944341492747,5.333540669892005,8.643277235715466,16.601394311523435,-34.112585253906246,-137.41041588134766,-1.8507178833007811,-6.505045910644531,-12.670115185546875,3.938461730957031,-0.6416460449218749,-8.343792785644531,0.3142990773003833,0.3220230394771458,0.1511702875993564,0.7769184387207031,-1.7549498168945312,-9.779116680908203,1.7556255427646885,1.7770670330881049,1.2175689306508426,5.824446986597843,1.0382996980485608,10.182241733867919,0
Yuksel_Atmaca_2020_DrivingBehaviorDataset,,Sudden Right Turn,TURN,harsh,94,1.4994542968749998,-2.1985611816406245,-9.594421124267578,0.37486192984947747,0.31488791565940916,0.1444917074940537,-0.6020625751920643,-14.507792645008454,-12.700265332548735,-10.550762269966459,16.219503039658278,22.141675084432762,20.992360156249998,-30.779856542968748,-134.32189573974608,-1.8507178833007811,-6.505045910644531,-12.670115185546875,4.417302062988281,-0.6416460449218749,-8.298302954101562,0.37486192984947747,0.31488791565940916,0.14449170749405177,1.4628572143554686,-1.4532804077148436,-9.415198028564452,1.9173261966494866,1.757269352746285,1.190369523843982,6.26333444073972,1.015296111609738,9.956653612917638,1
Yuksel_Atmaca_2020_DrivingBehaviorDataset,,Sudden Right Turn,TURN,harsh,95,1.5798310668945308,-2.189668432617187,-9.648290661621093,0.39662560679774955,0.3180416617636496,0.14154268215252755,-1.2843334488960592,-14.308839158688022,-11.646573931668145,-12.434396324459016,15.807937422569113,21.47933932881863,22.117634936523437,-30.655358056640623,-135.0760692626953,-1.8507178833007811,-6.505045910644531,-12.670115185546875,4.417302062988281,-0.51714755859375,-8.298302954101562,0.39662560679774955,0.3180416617636496,0.14154268215252755,1.4628572143554686,-1.4532804077148436,-9.757568865966796,1.9721989014557226,1.766047355631919,1.1781593881691423,6.2866980467452915,1.0216519727402829,10.018983318473493,1
Yuksel_Atmaca_2020_DrivingBehaviorDataset,,Sudden Right Turn,TURN,harsh,96,1.6024049682617185,-2.167094531249999,-9.758594952392578,0.4071596419008871,0.3229305257691785,0.1418099082175346,-1.1445768830239662,-14.27204610653623,-8.89807973465262,-12.732132381055763,15.32736738341347,16.048957771631734,22.43366955566406,-30.3393234375,-136.62032933349607,-1.8507178833007811,-6.505045910644531,-12.670115185546875,4.417302062988281,-0.51714755859375,-8.298302954101562,0.40715964190088805,0.3229305257691785,0.1418099082175346,1.4628572143554686,-1.4532804077148436,-9.779116680908203,1.9982172309955044,1.7795692289243243,1.1792710190713134,6.2624938855092624,1.032354649808291,10.123940726542475,1
Yuksel_Atmaca_2020_DrivingBehaviorDataset,,Sudden Right Turn,TURN,harsh,97,1.5902629455566395,-2.066025018310546,-9.963812237548828,0.40114039285217273,0.36749578820730616,0.13913523882340975,-1.2519327764866186,-11.181338971259072,-6.341704178797386,-12.625884942167852,11.33370809175659,9.813624429978166,22.263681237792966,-28.924350256347655,-139.4933713256836,-1.8507178833007811,-6.505045910644531,-12.670115185546875,4.417302062988281,0.5985504150390625,-8.298302954101562,0.40114039285217273,0.36749578820730616,0.13913523882340875,1.4628572143554686,-1.4532804077148436,-9.832986218261718,1.9833919011541232,1.8983947354075703,1.1680969950340536,6.2345273432301855,1.0502331976316883,10.299269387554796,1
Yuksel_Atmaca_2020_DrivingBehaviorDataset,,Sudden Right Turn,TURN,harsh,98,1.4982571960449216,-2.2443930419921867,-9.818792022705077,0.42426623704284405,0.38684735207465937,0.17202951006144393,-0.22494805108367535,-7.9673437583180755,-4.63332940804424,-14.748206306084379,2.7103879668380646,3.568347635245459,20.975600744628906,-31.421502587890622,-137.4630883178711,-1.8507178833007811,-6.505045910644531,-12.670115185546875,4.417302062988281,0.5985504150390625,-7.843404638671874,0.42426623704284405,0.38684735207465937,0.17202951006144196,1.1959037292480468,-1.7549498168945312,-9.779116680908203,2.0397623620157836,1.9477362719893478,1.2988584198610904,6.123629702079655,1.0383633132370698,10.18286558575631,1
Yuksel_Atmaca_2020_DrivingBehaviorDataset,,Sudden Right Turn,TURN,harsh,99,1.1298921691894523,-2.683387017822265,-9.843760125732421,0.5224452571212097,0.5561446269708178,0.16483092386710937,0.5783900908094133,-7.069801838223365,-5.029767368423828,-13.190301806914398,-2.5604496302205666,5.236597683461082,15.818490368652343,-37.56741824951172,-137.8126417602539,-2.4779987182617185,-7.292738256835937,-12.670115185546875,4.417302062988281,0.5985504150390625,-7.843404638671874,0.5224452571212097,0.5561446269708178,0.16483092386711035,0.4381389038085937,-2.1547814941406247,-9.779116680908203,2.2635012217243693,2.335362007501915,1.2713926142389704,6.500098339601396,1.0467715267423,10.265321992727374,1
Yuksel_Atmaca_2020_DrivingBehaviorDataset,,Sudden Right Turn,TURN,harsh,100,1.2413935607910156,-2.390097314453125,-9.685229772949217,0.525012502953983,0.5300863039044226,0.10230063165884756,-1.0332177488823824,-10.692976629522656,3.8103289035761057,-13.349461379068206,6.1197176813307665,-7.859992245371267,17.379509851074218,-33.461362402343745,-135.59321682128905,-2.4779987182617185,-7.292738256835937,-11.238382592773437,4.417302062988281,0.5985504150390625,-7.843404638671874,0.525012502953983,0.5300863039044226,0.10230063165884756,1.1240776794433593,-1.7549498168945312,-9.779116680908203,2.2690557203589514,2.279993607926196,1.0016119455443995,6.423557189023935,1.0250927629466078,10.052725943750351,1
Yuksel_Atmaca_2020_DrivingBehaviorDataset,,Sudden Right Turn,TURN,harsh,101,1.5692281738281242,-2.025152575683593,-9.744058728027344,0.45580447851832023,0.39039460345369115,0.11969918906138542,-3.5794296359129794,-15.098655400128685,1.542324662904786,-9.826211847490471,31.74878382750914,-7.569863199884935,21.96919443359375,-28.35213605957031,-136.4168221923828,-2.4779987182617185,-7.292738256835937,-11.473014355468749,4.417302062988281,0.5985504150390625,-7.843404638671874,0.45580447851832123,0.39039460345369115,0.11969918906138444,1.9764134704589842,-1.4508862060546874,-9.779116680908203,2.1142173467412695,1.956645915325289,1.083442685336345,6.909413172746299,1.0273882513708406,10.075236995305852,1
Yuksel_Atmaca_2020_DrivingBehaviorDataset,,Sudden Right Turn,TURN,harsh,102,1.3746137817382806,-1.8616628051757809,-9.682664556884767,0.4387947245221862,0.4184821263767203,0.11387315340213912,-1.1306500102325532,-15.520942573398818,0.09387193418439735,-9.443055530320889,30.124376389249562,-5.216558476707339,19.244592944335935,-26.063279272460935,-135.55730379638672,-2.4779987182617185,-7.292738256835937,-11.473014355468749,4.417302062988281,0.5985504150390625,-7.843404638671874,0.43879472452218715,0.4184821263767203,0.1138731534021401,1.1947066284179686,-1.2150573425292968,-9.757568865966796,2.074392991994406,2.025810392073322,1.0567469705710546,6.908117014319193,1.0151649764219857,9.955367616028665,1
Yuksel_Atmaca_2020_DrivingBehaviorDataset,,Sudden Right Turn,TURN,harsh,103,1.351526837158203,-1.8014657348632803,-9.727470330810547,0.4446683505405592,0.42177415365943516,0.11065543105590726,-0.8579171103302962,-16.319571379977525,1.3913275623609251,-10.11376859426863,31.639870334506977,-3.2975984068935533,18.921375720214844,-25.220520288085936,-136.18458463134766,-2.4779987182617185,-7.292738256835937,-11.473014355468749,4.417302062988281,0.5985504150390625,-7.843404638671874,0.44466835054056025,0.42177415365943516,0.11065543105590726,1.1947066284179686,-1.0977414611816405,-9.757568865966796,2.088230561941996,2.033762892764125,1.0417096922676783,6.9547856489240685,1.0181629332855435,9.984767529704676,1
Yuksel_Atmaca_2020_DrivingBehaviorDataset,,Sudden Right Turn,TURN,harsh,104,1.3917152221679685,-1.884920764160156,-9.682151513671874,0.42878937983329396,0.4263004856270086,0.10924858000553465,-1.0290744129924247,-14.72968594050836,-0.013586230079217021,-8.842635282620561,26.779934979440156,-2.6191213554499604,19.48401311035156,-26.388890698242186,-135.55012119140625,-2.4779987182617185,-7.292738256835937,-11.473014355468749,4.417302062988281,0.5985504150390625,-7.843404638671874,0.42878937983329496,0.4263004856270086,0.10924858000553561,1.1947066284179686,-1.0977414611816405,-9.732429748535155,2.050606586291525,2.0446465849564586,1.035066465069411,6.89928736067489,1.0158024523587612,9.961619119424046,1
Yuksel_Atmaca_2020_DrivingBehaviorDataset,,Sudden Right Turn,TURN,harsh,105,1.532631091308593,-1.7080918701171866,-9.682493542480467,0.4033203608164411,0.41963885023318753,0.10925504186290745,-2.9747580374923417,-17.6765823381905,-0.0023282380765317773,-5.109180752971948,36.44481773193405,-2.6232685465703023,21.456835278320312,-23.913286181640622,-135.55490959472655,-2.4779987182617185,-7.292738256835937,-11.473014355468749,4.417302062988281,0.5985504150390625,-7.843404638671874,0.4033203608164422,0.41963885023318753,0.10925504186290941,1.753752716064453,-0.9612719665527343,-9.732429748535155,1.9887738977572496,2.028608225025052,1.035097075778355,7.117280009260327,1.0146930424997713,9.95073952523038,1
Yuksel_Atmaca_2020_DrivingBehaviorDataset,,Sudden Right Turn,TURN,harsh,106,1.7744454589843743,-1.5557180358886715,-9.73773119506836,0.40870632536090296,0.39737283453058686,0.10317919054065715,-5.964681980886396,-21.30615381930303,1.3351569508517895,-2.7456157465759317,52.80512637365593,1.102154549349292,24.84223642578125,-21.780052502441404,-136.32823673095703,-2.4779987182617185,-7.292738256835937,-11.473014355468749,4.417302062988281,0.5985504150390625,-7.843404638671874,0.40870632536090296,0.39737283453058686,0.10317919054065715,1.9764134704589842,-0.9612719665527343,-9.732429748535155,2.002008962417627,1.974055801579424,1.0059036777522679,7.388176743853722,1.0217145512430001,10.019597003947167,1
Yuksel_Atmaca_2020_DrivingBehaviorDataset,,Sudden Right Turn,TURN,harsh,107,1.8909062683105466,-1.5700832458496092,-9.672232678222656,0.43081611955933846,0.3951309682675274,0.10851890398768348,-6.926653302175223,-21.271931504357568,-0.4302187479756239,-3.7847024316509876,52.960110021625795,-2.2616601601790287,26.472687756347653,-21.98116544189453,-135.41125749511718,-2.4779987182617185,-7.292738256835937,-11.473014355468749,4.417302062988281,0.5985504150390625,-7.843404638671874,0.43081611955933846,0.3951309682675274,0.1085189039876825,2.404975567626953,-0.9935936889648437,-9.70369932861328,2.055447128698908,1.968479390280922,1.0316040470019536,7.42837284704464,1.0176378144678417,9.979617873251058,1
Yuksel_Atmaca_2020_DrivingBehaviorDataset,,Sudden Right Turn,TURN,harsh,108,1.8334454284667967,-1.6087325012207023,-9.774670306396484,0.4036461033035925,0.39062208203019977,0.09258805214521736,-7.8774801803855965,-21.017990568865326,0.5208693384727026,-2.8358261065727937,52.733613247146835,5.004329137059764,25.668235998535156,-22.522255017089844,-136.84538428955076,-2.4779987182617185,-7.292738256835937,-11.473014355468749,3.873818286132812,0.5985504150390625,-7.843404638671874,0.4036461033035925,0.39062208203019977,0.09258805214521931,2.404975567626953,-1.0977414611816405,-9.724050042724608,1.989576854248707,1.9572158901719199,0.952879122223758,7.390957931118163,1.0273038461655035,10.074409262998934,1
Yuksel_Atmaca_2020_DrivingBehaviorDataset,,Sudden Right Turn,TURN,harsh,109,1.6622600097656248,-1.6047991699218747,-9.850771716308593,0.38902165788457893,0.3915871694216359,0.1004300074522309,-5.7939365707907795,-20.985029644342575,2.0859539809296477,-4.024119960467542,52.54308285139736,0.36922388057725763,23.271640136718748,-22.467188378906247,-137.9108040283203,-2.4779987182617185,-7.292738256835937,-11.473014355468749,3.873818286132812,0.5985504150390625,-7.843404638671874,0.38902165788457893,0.3915871694216359,0.1004300074522309,1.848323681640625,-1.0977414611816405,-9.724050042724608,1.9532023042413729,1.9596321887049848,0.9924121787752416,7.316004098948493,1.0317602935688537,10.118112082926997,1
Yuksel_Atmaca_2020_DrivingBehaviorDataset,,Sudden Right Turn,TURN,harsh,110,1.6622600097656248,-1.5837643981933593,-9.721484826660156,0.38902165788457893,0.39485449583702276,0.10623781694815501,-5.7939365707907795,-21.038710061381213,-0.9027931077931878,-4.024119960467542,52.30866231045387,-2.637231675616698,23.271640136718748,-22.17270157470703,-136.10078757324217,-2.4779987182617185,-7.292738256835937,-11.473014355468749,3.873818286132812,0.5985504150390625,-7.843404638671874,0.38902165788457893,0.39485449583702376,0.10623781694815697,1.848323681640625,-1.0570400329589844,-9.70369932861328,1.9532023042413729,1.9677905990222002,1.020704211598367,7.298034670113935,1.018587196737893,9.988928132889656,1
Yuksel_Atmaca_2020_DrivingBehaviorDataset,,Sudden Right Turn,TURN,harsh,111,1.5321180480957022,-1.7127092590332025,-9.555600854492186,0.35299847629929887,0.3567870902555492,0.09025628191920305,-5.571625431740879,-23.514352857592375,-3.0311639338059213,-1.3617254778910106,61.024413152060646,3.3891891006471915,21.44965267333984,-23.977929626464842,-133.77841196289063,-2.4779987182617185,-7.292738256835937,-11.473014355468749,3.873818286132812,-0.016759411621093748,-7.843404638671874,0.35299847629929887,0.3567870902555492,0.09025628191920404,1.7860744384765623,-1.1839327209472656,-9.643844287109374,1.8605731664195653,1.8705309723858041,0.9408037877703108,7.1340195282790955,1.0021806343210335,9.828034717564364,1
Yuksel_Atmaca_2020_DrivingBehaviorDataset,,Sudden Right Turn,TURN,harsh,112,1.5355383361816402,-1.7470831542968739,-9.697029766845704,0.3516807969536915,0.3749701113622915,0.06562680655385392,-5.60556273269794,-22.273223488141525,-7.359281470128215,-1.137184197112474,51.93957345350757,5.098508499909216,21.497536706542967,-24.45916416015625,-135.75841673583983,-2.4779987182617185,-7.292738256835937,-11.473014355468749,3.873818286132812,-0.016759411621093748,-8.67658681640625,0.3516807969536915,0.3749701113622915,0.06562680655385392,1.7860744384765623,-1.1839327209472656,-9.70369932861328,1.857097328479561,1.9176028375529228,0.8022338328014812,7.0722621177904585,1.0168701076235565,9.972089240926548,1
Yuksel_Atmaca_2020_DrivingBehaviorDataset,,Sudden Right Turn,TURN,harsh,113,1.6441324829101551,-1.5998397521972647,-9.748847131347656,0.2727905592377366,0.22657913542195,0.05803734543323573,-0.6010437521422081,-16.742055344251355,-8.515796355992713,-14.18348612957976,21.765125849714465,9.644551611208218,23.017854760742186,-22.39775653076172,-136.48385983886718,-0.9576806640625,-5.231330627441406,-11.473014355468749,3.873818286132812,-0.016759411621093748,-8.67658681640625,0.2727905592377366,0.22657913542195,0.058037345433234744,1.7860744384765623,-1.1839327209472656,-9.70369932861328,1.6355921061648446,1.4906315032179034,0.7544215887637596,4.788518585687504,1.0212582816436444,10.015122527680644,0
Yuksel_Atmaca_2020_DrivingBehaviorDataset,,Sudden Right Turn,TURN,harsh,114,1.5579412231445302,-1.8206193481445303,-9.726102215576171,0.2753156938011828,0.2616605687398169,0.05526983662006941,1.0999071590737617,-11.688873339325584,-9.585939677164815,-14.499843915759993,2.12021478712446,15.124237550356412,21.811177124023438,-25.488670874023438,-136.16543101806639,-0.9576806640625,-5.231330627441406,-11.473014355468749,3.873818286132812,-0.016759411621093748,-8.67658681640625,0.2753156938011828,0.2616605687398169,0.05526983662006941,1.2820949890136717,-1.218648645019531,-9.70369932861328,1.6431447436593558,1.6018781528044923,0.7362146041000571,4.583994648188636,1.0214426604701183,10.016930666299283,0
Yuksel_Atmaca_2020_DrivingBehaviorDataset,,Sudden Right Turn,TURN,harsh,115,1.5847904846191398,-1.7007382507324214,-9.632728350830078,0.28330925867041706,0.2933621487552155,0.031891299120165986,0.9049046354204352,-10.612625983236084,-1.260869352303182,-15.281445176378803,0.441401920216702,5.609044022642164,22.187066784667966,-23.810335510253903,-134.8581969116211,-0.9576806640625,-5.231330627441406,-10.81460889892578,3.873818286132812,0.2825157958984375,-8.67658681640625,0.28330925867041706,0.2933621487552155,0.03189129912016403,1.2820949890136717,-1.1839327209472656,-9.70369932861328,1.6668277480112474,1.6961426579419363,0.559237703053687,4.5084458189403955,1.0104637876565798,9.909264703222398,0
Yuksel_Atmaca_2020_DrivingBehaviorDataset,,Sudden Right Turn,TURN,harsh,116,1.6148890197753905,-1.736651275634765,-9.703528314208985,0.27748151119706627,0.28192080721293433,0.04033708802083282,0.4969941726302576,-11.122450902560713,-1.3870400682667103,-14.600179917362325,1.2862677986886308,-2.446923702058458,22.608446276855467,-24.313117858886717,-135.84939639892576,-0.9576806640625,-5.231330627441406,-10.81460889892578,3.873818286132812,0.2825157958984375,-8.67658681640625,0.2774815111970672,0.28192080721293433,0.04033708802083282,1.2820949890136717,-1.1839327209472656,-9.712079034423828,1.6495951205616235,1.662738308951451,0.6289449135174776,4.4794417750295725,1.018605575381579,9.989108365815762,0
Yuksel_Atmaca_2020_DrivingBehaviorDataset,,Sudden Right Turn,TURN,harsh,117,1.7523846008300772,-1.7190367919921874,-9.73379786376953,0.25700487437007485,0.2845900392688229,0.04156667477901075,-1.559310079591172,-11.259359242417608,0.06618606096336907,-11.8948547375509,1.249613270899602,-4.485095088787122,24.533384411621093,-24.066515087890625,-136.27317009277343,-0.9576806640625,-5.231330627441406,-10.81460889892578,3.873818286132812,0.2825157958984375,-8.67658681640625,0.25700487437007485,0.28459003926882387,0.04156667477901075,1.7860744384765623,-1.0797849487304687,-9.751583361816406,1.5875631802360801,1.6705911853579294,0.638458950302676,4.566050177147354,1.0236486107852965,10.038563648957625,0
Yuksel_Atmaca_2020_DrivingBehaviorDataset,,Sudden Right Turn,TURN,harsh,118,2.0090772216796866,-1.608903515625,-9.743887713623044,0.24404201271396322,0.2787987762386981,0.041257999046376476,-4.652131224966637,-13.692770531757414,0.5829041955306508,-8.454844478271687,7.3274944288135915,-3.9726548632857113,28.127081103515625,-22.52464921875,-136.41442799072266,-0.9576806640625,-5.231330627441406,-10.81460889892578,3.873818286132812,0.2825157958984375,-8.67658681640625,0.24404201271396417,0.2787987762386981,0.0412579990463755,1.9572598571777342,-1.042674822998047,-9.751583361816406,1.5470082753435412,1.6535059779151786,0.6360839224097268,4.803131727289196,1.0276812588584485,10.078110417184204,0
Yuksel_Atmaca_2020_DrivingBehaviorDataset,,Sudden Right Turn,TURN,harsh,119,2.1221177429199214,-1.6287411865234374,-9.72062975463867,0.25276503520825644,0.27553223667970006,0.041893085291178606,-6.480751244713433,-13.614165333313432,-0.5871551992475367,-7.981568277212396,7.414304490948583,-4.936910360854352,29.709648400878905,-22.802376611328125,-136.0888165649414,-0.9576806640625,-5.231330627441406,-10.81460889892578,3.873818286132812,0.2825157958984375,-8.67658681640625,0.25276503520825744,0.27553223667970006,0.041893085291178606,2.541445062255859,-1.0702081420898437,-9.701305126953125,1.5744136154534036,1.6437908044623522,0.6409608606387315,4.864216203624204,1.0280783936293132,10.082004978884903,0
Yuksel_Atmaca_2020_DrivingBehaviorDataset,,Sudden Right Turn,TURN,harsh,120,2.096807611083984,-1.6301093017578119,-9.887710827636718,0.24631106566821107,0.2754152809152235,0.07717126482312418,-6.509363148650637,-13.59598539517235,-8.074634953029445,-7.460602222842422,7.390059401124364,10.433572878253276,29.35530655517578,-22.821530224609372,-138.42795158691405,-0.9576806640625,-5.231330627441406,-11.935095275878906,3.873818286132812,0.2825157958984375,-8.67658681640625,0.24631106566821107,0.2754152809152235,0.07717126482312418,2.530671154785156,-1.0702081420898437,-9.777919580078125,1.554183519451666,1.643441895713772,0.8699376898247925,5.146890006447546,1.0440055776027415,10.238197297597926,0
Yuksel_Atmaca_2020_DrivingBehaviorDataset,,Sudden Right Turn,TURN,harsh,121,2.0879148620605466,-1.5953933776855462,-10.037348431396484,0.24365934036408418,0.28229939754456257,0.07586452117550813,-6.581536205595226,-13.576569147713474,-5.428182537903877,-7.26913421293632,6.977504382724245,4.835374112994327,29.230808068847654,-22.335507287597654,-140.52287803955076,-0.9576806640625,-5.231330627441406,-11.935095275878906,3.873818286132812,0.2825157958984375,-8.67658681640625,0.24365934036408418,0.28229939754456257,0.07586452117550813,2.530671154785156,-1.0702081420898437,-9.969455712890625,1.545794899131658,1.6638543767200267,0.8625409013987666,5.108535492550279,1.0580165410330906,10.375597912122158,0
Yuksel_Atmaca_2020_DrivingBehaviorDataset,,Sudden Right Turn,TURN,harsh,122,1.970256951904296,-1.498941253662109,-10.056331030273437,0.22401580781283253,0.3012282717942042,0.07510768415973469,-5.694085582087009,-13.516010110844451,-4.790514315434344,-6.10512857978948,6.3246955605234465,5.053373506952548,27.583597326660154,-20.98517755126953,-140.7886344238281,-0.9576806640625,-5.231330627441406,-11.935095275878906,3.873818286132812,0.2825157958984375,-8.67658681640625,0.22401580781283253,0.3012282717942042,0.07510768415973666,1.9668366638183592,-0.9612719665527343,-10.056844073486328,1.482175637934897,1.718732158188307,0.8582276917375056,5.102284215041281,1.056076179653398,10.356569467197994,0
Yuksel_Atmaca_2020_DrivingBehaviorDataset,,Sudden Right Turn,TURN,harsh,123,1.9553786987304678,-1.5692281738281242,-9.887710827636718,0.2277032384606508,0.29227476782248535,0.08761613143315575,-5.42781993305962,-12.918100557666447,-5.0917516598778905,-7.126760346440951,5.805644541238609,5.842815670323872,27.37530178222656,-21.96919443359375,-138.42795158691405,-0.9576806640625,-5.231330627441406,-11.935095275878906,3.873818286132812,0.2825157958984375,-8.453926062011718,0.2277032384606508,0.29227476782248535,0.08761613143315672,1.9668366638183592,-1.0702081420898437,-9.910797772216796,1.494324584369186,1.6929962645754366,0.92694160297128,5.10770910593195,1.040174559089037,10.200627839890505,0
Yuksel_Atmaca_2020_DrivingBehaviorDataset,,Sudden Right Turn,TURN,harsh,124,1.6094165588378897,-1.886972937011718,-9.830078973388673,0.2528018665106247,0.37852557174104845,0.10768792261836466,-4.20184532938479,-8.951890668694531,-0.4404333024493346,-10.835490056055091,-7.460834243490112,6.50455367664182,22.531831823730467,-26.41762111816406,-137.6211056274414,-0.9696516723632812,-5.231330627441406,-11.935095275878906,3.447650390625,0.2825157958984375,-7.869740856933594,0.2528018665106247,0.37852557174104845,0.10768792261836564,1.956062756347656,-1.1695675109863282,-9.910797772216796,1.574528318010324,1.9266727272981155,1.0276467128081517,4.718836184535016,1.033799849419252,10.138113293307306,0
Yuksel_Atmaca_2020_DrivingBehaviorDataset,,Sudden Right Turn,TURN,harsh,125,1.3804282714843745,-2.356578491210937,-9.908574584960936,0.31070690123897327,0.623188231082146,0.10072550574907863,-2.4663085622026073,-9.5799778811666,1.5397074986260153,-14.531546703794568,-1.0727800402985435,12.04354458240628,19.32599580078125,-32.99209887695312,-138.72004418945312,-1.2593500732421874,-7.781155395507812,-11.935095275878906,3.447650390625,0.2825157958984375,-7.869740856933594,0.31070690123897327,0.623188231082146,0.10072550574907863,1.4472949035644531,-1.1911153259277343,-10.006565838623047,1.7455640443808356,2.472122340488376,0.9938711088235755,6.367990834671502,1.0480723138446635,10.27807835656477,1
Yuksel_Atmaca_2020_DrivingBehaviorDataset,,Sudden Right Turn,TURN,harsh,126,1.3089442504882802,-2.4879175537109366,-10.01785278930664,0.34275711002166365,0.7061532383359389,0.11572950499734219,-2.6753073296251713,-8.608220011816826,2.588830892849702,-15.335296521857313,-6.599415536827526,4.510374583561707,18.325219506835936,-34.83084575195312,-140.24993905029297,-1.2593500732421874,-7.781155395507812,-11.935095275878906,3.447650390625,0.2825157958984375,-7.869740856933594,0.3427571100216647,0.7061532383359389,0.11572950499734022,1.4472949035644531,-1.1911153259277343,-10.065223779296874,1.8333845785851792,2.631539027779588,1.0653256545217376,6.263296852069208,1.0609971687417374,10.40482788484116,1
Yuksel_Atmaca_2020_DrivingBehaviorDataset,,Sudden Right Turn,TURN,harsh,127,1.5685441162109368,-2.082271386718749,-10.029481768798828,0.3097318416471655,0.6966459062970592,0.11439250431278751,-5.9062992823055005,-11.89338924100828,2.9134739938766026,-10.583916077489164,2.5111388373837005,5.576966109723073,21.959617626953122,-29.1517994140625,-140.41274476318358,-1.2593500732421874,-7.781155395507812,-11.935095275878906,3.447650390625,0.4477157104492187,-7.869740856933594,0.30973184164716655,0.6966459062970602,0.11439250431278554,1.9668366638183592,-1.0702081420898437,-10.065223779296874,1.742822929872449,2.613764062991927,1.0591540267680517,6.7185374374754305,1.0567069192764247,10.36275490992215,1
Yuksel_Atmaca_2020_DrivingBehaviorDataset,,Sudden Right Turn,TURN,harsh,128,1.6360948059082026,-1.8206193481445303,-9.97851947631836,0.30579789692151976,0.6853735622373902,0.11694980685011358,-7.29867057759223,-15.041740783183156,1.3477396117760236,-8.504532234534354,11.083462710575974,3.271372207423028,22.905327282714843,-25.488670874023438,-139.699272668457,-1.2593500732421874,-7.781155395507812,-11.935095275878906,3.447650390625,0.4477157104492187,-7.869740856933594,0.30579789692151976,0.6853735622373911,0.11694980685011652,1.9668366638183592,-0.9612719665527343,-10.006565838623047,1.731719649898743,2.5925313197944804,1.070927552800234,6.954030362724168,1.0476923458342204,10.274352143275157,1
Yuksel_Atmaca_2020_DrivingBehaviorDataset,,Sudden Right Turn,TURN,harsh,129,1.65046001586914,-1.8922743835449214,-9.916612261962891,0.3107580597509554,0.6596050399852479,0.11987495993226485,-7.1577868485995815,-15.39089661667107,-0.4422467861256582,-8.701949409634986,12.00817701518434,1.314221362984727,23.10644022216797,-26.491841369628904,-138.83257166748047,-1.2593500732421874,-7.781155395507812,-11.935095275878906,3.447650390625,0.4477157104492187,-7.869740856933594,0.3107580597509554,0.6596050399852489,0.11987495993226681,1.9668366638183592,-0.9612719665527343,-9.834183319091796,1.7457077437694755,2.543327695239318,1.0842378778754094,6.880086981752321,1.043124925857099,10.22956105415652,1
Yuksel_Atmaca_2020_DrivingBehaviorDataset,,Sudden Right Turn,TURN,harsh,130,1.7739324157714835,-1.909888867187499,-9.799809423828124,0.31295629884176457,0.6547373054825334,0.11907869659387015,-9.27724905798248,-15.386927774783382,-3.4072207330154827,-5.909764160955447,12.105045519407751,2.8555658961838937,24.83505382080078,-26.738444140625,-137.19733193359374,-1.2593500732421874,-7.781155395507812,-11.935095275878906,3.447650390625,0.4477157104492187,-7.869740856933594,0.31295629884176457,0.6547373054825345,0.11907869659387114,2.3127988037109373,-0.9612719665527343,-9.625887774658203,1.7518712532707987,2.5339257283532,1.0806308805287255,6.9449275715949454,1.0340484356772919,10.140551091734714,1
Yuksel_Atmaca_2020_DrivingBehaviorDataset,,Sudden Right Turn,TURN,harsh,131,1.9056135070800773,-1.9425526184082025,-9.77655146484375,0.34332445917209686,0.6491201561073838,0.11823832112275705,-9.337554168620269,-15.188196279092942,-4.162902789857475,-6.281768512090863,11.8553674678764,3.871532908631069,26.67858909912109,-27.195736657714843,-136.87172050781248,-1.2593500732421874,-7.781155395507812,-11.935095275878906,3.81156904296875,0.4477157104492187,-7.869740856933594,0.34332445917209686,0.6491201561073838,0.11823832112275606,2.6671406494140624,-1.0702081420898437,-9.625887774658203,1.8349013073023988,2.523032734407242,1.0768109545498117,6.983236229548573,1.03482774818143,10.14819353670342,1
Yuksel_Atmaca_2020_DrivingBehaviorDataset,,Sudden Right Turn,TURN,harsh,132,1.8125816711425777,-1.8625178771972648,-9.761502197265624,0.3241722847139599,0.6725047058324396,0.11891323193586568,-8.951696666926717,-15.126713805603057,-4.5844425546088425,-5.937511115698221,11.323176981232399,3.740470689806765,25.376143395996092,-26.07525028076172,-136.66103076171873,-1.2593500732421874,-7.781155395507812,-11.935095275878906,3.81156904296875,0.4477157104492187,-7.869740856933594,0.3241722847139599,0.6725047058324396,0.11891323193586764,2.4013842651367185,-0.8870517150878906,-9.520542901611327,1.7829874188816262,2.568076765490413,1.079879829408753,7.013668197648619,1.0300716224252544,10.101551876056622,1
Yuksel_Atmaca_2020_DrivingBehaviorDataset,,Sudden Right Turn,TURN,harsh,133,1.7306657714843745,-1.8565323730468741,-9.805452899169921,0.30864229284479,0.6736792576065427,0.11861691466604157,-8.470145291131967,-15.156621747208733,-3.243063455836015,-5.5436434949890705,11.351166401317824,3.0694578912003707,24.22932080078125,-25.991453222656247,-137.2763405883789,-1.2593500732421874,-7.781155395507812,-11.935095275878906,3.81156904296875,0.4477157104492187,-7.869740856933594,0.30864229284479,0.6736792576065427,0.11861691466604256,2.1033061584472654,-0.8451531860351562,-9.685742816162108,1.7397548508701923,2.570318402767876,1.0785335257699449,6.96970080869077,1.032831198436994,10.128614072152146,1
Yuksel_Atmaca_2020_DrivingBehaviorDataset,,Sudden Right Turn,TURN,harsh,134,1.7588831481933587,-1.9227149475097651,-9.706093530273437,0.3182238431053658,0.6711126444705401,0.08623667262013063,-8.175809590136316,-14.371318827364442,1.5185238381744564,-6.0091388977512565,9.63875991043658,3.3969497002720885,24.624364074707028,-26.918009265136718,-135.88530942382812,-1.2593500732421874,-7.781155395507812,-11.353304272460937,3.81156904296875,0.4477157104492187,-7.869740856933594,0.3182238431053667,0.6711126444705401,0.08623667262013063,2.1033061584472654,-0.8451531860351562,-9.685742816162108,1.7665530988309528,2.5654174738036346,0.9196156074959853,6.8412898931852855,1.0247957912104373,10.049813645873835,1
Yuksel_Atmaca_2020_DrivingBehaviorDataset,,Sudden Right Turn,TURN,harsh,135,1.556402093505859,-2.1369959960937495,-9.669325433349607,0.30431391788663725,0.6681468028838815,0.07795818865791994,-5.7370018089975074,-11.941706441932144,2.4281003591954775,-8.669740420120641,3.9834682493395297,7.262515062492282,21.78962930908203,-29.917943945312498,-135.37055606689452,-1.2593500732421874,-7.781155395507812,-11.353304272460937,3.81156904296875,0.4477157104492187,-7.869740856933594,0.30431391788663725,0.6681468028838815,0.07795818865792092,2.013523596191406,-1.1480196960449218,-9.685742816162108,1.7275126867386517,2.5597425348072065,0.8743618649061734,6.559230155911198,1.0221860017155564,10.02422035372386,1
Yuksel_Atmaca_2020_DrivingBehaviorDataset,,Sudden Right Turn,TURN,harsh,136,1.2964601989746094,-2.3731668884277335,-9.58005591430664,0.377412812280998,0.6358090253897586,0.08288705708464739,-3.659123937471163,-10.261491906096387,-0.21505807355315013,-13.692944531565203,1.578771129352891,2.5599682737409566,18.15044278564453,-33.22433643798828,-134.12078280029297,-1.6735469604492186,-7.781155395507812,-11.353304272460937,3.81156904296875,0.4477157104492187,-7.869740856933594,0.37741281228099893,0.6358090253897586,0.08288705708464739,1.935712042236328,-1.408987677001953,-9.520542901611327,1.9238387031025899,2.4970295510543075,0.9015788142803477,6.419633319702608,1.01506693237923,9.954406132416775,1
Yuksel_Atmaca_2020_DrivingBehaviorDataset,,Sudden Right Turn,TURN,harsh,137,1.1830776489257806,-2.620966760253906,-9.68027035522461,0.40986592686359635,0.6730153049730333,0.07243801531825976,-2.360921600277729,-6.994759922736796,1.7081421023596253,-16.776692168116735,-6.06269465989483,10.972440665572035,16.563087084960937,-36.693534643554685,-135.52378497314453,-1.6735469604492186,-7.781155395507812,-11.353304272460937,3.81156904296875,0.4477157104492187,-7.869740856933594,0.40986592686359635,0.6730153049730333,0.07243801531826073,1.935712042236328,-1.7741034301757812,-9.685742816162108,2.004847049447138,2.569051486543974,0.8428370322433756,6.169754288014423,1.0297456314168454,10.098354996334008,1
Yuksel_Atmaca_2020_DrivingBehaviorDataset,,Sudden Right Turn,TURN,harsh,138,1.2973152709960931,-2.549140710449219,-9.692754406738281,0.3744841873957559,0.6398810072078155,0.06769624207111452,-3.5256153695653647,-7.795382409347816,-0.11855463227803625,-13.732023270342758,-2.705381272711061,8.227962744118313,18.162413793945312,-35.68796994628906,-135.69856169433592,-1.6735469604492186,-7.781155395507812,-11.353304272460937,3.81156904296875,0.4477157104492187,-8.044517578125,0.3744841873957559,0.6398810072078155,0.06769624207111452,1.935712042236328,-1.7741034301757812,-9.685742816162108,1.9163599234811277,2.5050127902536787,0.8147842366582091,6.241588413172445,1.0305221639626616,10.105970179224435,1
Yuksel_Atmaca_2020_DrivingBehaviorDataset,,Sudden Right Turn,TURN,harsh,139,1.5187789245605463,-1.9468279785156242,-9.672745721435547,0.3201455712257663,0.4656618685126299,0.06685190020146276,-6.105018577377146,-6.634242550586885,-0.9138495843630675,-7.413513521937542,-6.081154434010593,9.430508085565204,21.262904943847655,-27.255591699218748,-135.41844010009765,-1.6735469604492186,-6.217741711425781,-11.353304272460937,3.81156904296875,0.6512228515624999,-8.044517578125,0.3201455712257663,0.4656618685126299,0.06685190020146276,1.9512743530273435,-1.1480196960449218,-9.658209497070311,1.7718791059384298,2.1369564719126557,0.8096870920983457,5.590699930553285,1.0179752867475038,9.982927345782407,0
Yuksel_Atmaca_2020_DrivingBehaviorDataset,,Sudden Right Turn,TURN,harsh,140,1.6767962341308589,-1.5943672912597648,-9.47830234375,0.261536010979115,0.3123936290781081,0.049057380605203524,-7.401858490527161,-6.251699084703138,4.151994527556136,0.8217463012684818,-6.963128169323018,0.7287046362850403,23.47514727783203,-22.32114207763672,-132.6962328125,-1.6735469604492186,-4.915296008300781,-10.544064111328124,3.81156904296875,0.6512228515624999,-8.044517578125,0.26153601097911594,0.3123936290781081,0.04905738060520155,1.9512743530273435,-1.1037269653320312,-9.520542901611327,1.6014968379826258,1.7502956843341735,0.6936054797303788,4.930426535227461,0.9948995834790959,9.756632000325274,0
Yuksel_Atmaca_2020_DrivingBehaviorDataset,,Sudden Right Turn,TURN,harsh,141,1.7419527221679683,-1.6863730407714839,-9.458977716064451,0.2819059789845571,0.28321332000069804,0.049152102056259916,-6.812935384671712,-6.8830623506994755,3.199571700250083,-1.2849036197459949,-5.323664394391079,0.026015152668956532,24.38733811035156,-23.609222570800778,-132.42568802490234,-1.6735469604492186,-4.915296008300781,-10.544064111328124,3.81156904296875,0.6512228515624999,-8.044517578125,0.2819059789845571,0.28321332000069904,0.049152102056259916,1.9512743530273435,-1.1037269653320312,-9.439140045166015,1.6626945807360145,1.6665455003044034,0.6942747738684054,4.908388645371921,0.9957282776967549,9.76475871447488,0
Yuksel_Atmaca_2020_DrivingBehaviorDataset,,Sudden Right Turn,TURN,harsh,142,1.8108715270996087,-1.7108281005859372,-9.422551647949218,0.2897170702511293,0.2767068815919066,0.05136784789883181,-7.741036302487084,-6.910429916590938,1.6413058519657522,-1.4811056568624859,-4.757708309851669,-3.4284884184166406,25.35220137939453,-23.951593408203124,-131.91572307128905,-1.6735469604492186,-4.915296008300781,-10.544064111328124,3.81156904296875,0.6512228515624999,-8.044517578125,0.2897170702511303,0.2767068815919066,0.05136784789883083,2.1033061584472654,-1.1037269653320312,-9.3852705078125,1.6855722787760377,1.6472909701577536,0.709751016622786,4.930391938329316,0.9938476047767186,9.746315613383608,0
Yuksel_Atmaca_2020_DrivingBehaviorDataset,,Sudden Right Turn,TURN,harsh,143,1.769144012451171,-1.7775237182617178,-9.485997991943359,0.2784090767795068,0.26855280123077874,0.055394012193382317,-7.86321232550177,-6.015933629898118,3.4407883382909574,-0.33518272844690666,-4.4020374376751805,-5.913331324724379,24.768016174316404,-24.885332055664062,-132.803971887207,-1.6735469604492186,-4.915296008300781,-10.544064111328124,3.81156904296875,0.6512228515624999,-8.044517578125,0.2784090767795078,0.26855280123077874,0.05539401219338134,2.1033061584472654,-1.3275848205566405,-9.597157354736327,1.6523499547008067,1.622838047431049,0.737041172307373,4.876023160573457,1.0005365846127818,9.811912097492936,0
Yuksel_Atmaca_2020_DrivingBehaviorDataset,,Sudden Right Turn,TURN,harsh,144,1.6566165344238273,-1.7623034362792964,-9.547392163085938,0.2745291104022118,0.2722644028222324,0.055187627791440326,-5.876893858773664,-6.051410822157973,5.9794230080025255,-1.9778507381825983,-4.801177562775896,-3.566208188572975,23.192631481933592,-24.672248107910153,-133.66349028320312,-1.6735469604492186,-4.915296008300781,-10.544064111328124,3.81156904296875,0.6512228515624999,-8.044517578125,0.2745291104022128,0.2722644028222324,0.055187627791441304,1.9512743530273435,-1.3275848205566405,-9.76235726928711,1.6407958131729432,1.634013985844874,0.735666874394205,4.825969651782865,1.0043184353131243,9.84899938366345,0
Yuksel_Atmaca_2020_DrivingBehaviorDataset,,Sudden Right Turn,TURN,harsh,145,1.5610194824218748,-1.6807295654296874,-9.548076220703125,0.24233009583537302,0.2887590292389569,0.055224728873142774,-7.2281281683822245,-6.5519438604368,6.001422974056067,0.8429886247449133,-6.114351176619875,-3.579292629595326,21.854272753906248,-23.530213916015622,-133.67306708984376,-1.6735469604492186,-4.915296008300781,-10.544064111328124,3.5889082885742187,0.6512228515624999,-8.044517578125,0.24233009583537402,0.2887590292389569,0.055224728873142774,1.9512743530273435,-1.1037269653320312,-9.767145672607422,1.5415727145755955,1.6827830323860007,0.7359141168667755,4.815135381104762,1.00133532537964,9.819745068634246,0
Yuksel_Atmaca_2020_DrivingBehaviorDataset,,Sudden Right Turn,TURN,harsh,146,1.5652948425292967,-1.6605498657226558,-9.532171881103515,0.2429047418744516,0.296736468369685,0.05589527504203535,-7.281348879305046,-6.2022812342777875,5.220190383294757,0.78205414286523,-6.445441779674742,-5.00986430197139,21.914127795410156,-23.247698120117185,-133.4504063354492,-1.6735469604492186,-4.915296008300781,-10.544064111328124,3.5889082885742187,0.6512228515624999,-8.044517578125,0.2429047418744516,0.296736468369685,0.05589527504203339,1.9512743530273435,-1.1037269653320312,-9.767145672607422,1.5433994255872634,1.7058694813899389,0.7403684211194876,4.826653499322155,0.9994773030870109,9.801524094318234,0
Yuksel_Atmaca_2020_DrivingBehaviorDataset,,Sudden Right Turn,TURN,harsh,147,1.4325876647949214,-1.9179265441894526,-9.453676269531249,0.2535865132793776,0.3496783020394352,0.05558422910525287,-4.524543958888988,-3.3659014132474163,2.3288659153313382,-4.4738341656181975,-12.685666300570448,-6.940335983481465,20.056227307128903,-26.85097161865234,-132.3514677734375,-1.6735469604492186,-4.915296008300781,-10.544064111328124,3.5889082885742187,0.6512228515624999,-8.044517578125,0.25358651327937853,0.3496783020394352,0.05558422910525189,1.4616601135253906,-1.4688427185058592,-9.522937103271484,1.5769699364449592,1.8518025598575645,0.7383055467453999,4.540707459426709,0.9944337373205321,9.752063610094396,0
Yuksel_Atmaca_2020_DrivingBehaviorDataset,,Sudden Right Turn,TURN,harsh,148,1.1186052185058586,-2.1925756774902343,-9.491299438476561,0.25256050393340607,0.47295268391084205,0.06661512066125921,-2.461041900912106,-3.823565399552251,-1.5137538298290059,-8.26303969815081,-12.379477037313707,-1.6054796630230284,15.66047305908203,-30.69605948486328,-132.87819213867186,-1.6735469604492186,-6.021417175292968,-11.0707884765625,3.5889082885742187,0.6512228515624999,-8.044517578125,0.25256050393340607,0.47295268391084205,0.06661512066125824,1.0486603271484374,-1.4688427185058592,-9.522937103271484,1.5737764980766948,2.1536205417097647,0.8082519242369499,4.99509025215496,0.999859856314848,9.805275659930004,0
Yuksel_Atmaca_2020_DrivingBehaviorDataset,,Sudden Right Turn,TURN,harsh,149,1.003512524414062,-2.3452915405273433,-9.407844409179686,0.285766803875794,0.548986530158153,0.0588852490324234,-1.5821964091814835,-3.4481783048515826,-3.792433840573133,-12.319865207965945,-15.038401719885389,6.519676667007121,14.049175341796873,-32.83408156738281,-131.7098217285156,-1.6735469604492186,-6.021417175292968,-11.0707884765625,3.5889082885742187,0.6512228515624999,-8.044517578125,0.28576680387579495,0.548986530158153,0.0588852490324234,1.0486603271484374,-1.4688427185058592,-9.299079248046874,1.67404152494153,2.320284197242969,0.7599125130064786,4.842099765527464,0.993974707537074,9.747562065668445,0
Yuksel_Atmaca_2020_DrivingBehaviorDataset,,Sudden Right Turn,TURN,harsh,150,1.1045820373535151,-2.194627850341796,-9.454018298339845,0.24092442025209773,0.5503022343336381,0.055241493731737173,-0.14205784958003356,-5.494654633541499,-2.650423488102906,-12.85715953821312,-13.551698497785145,10.492129143460039,15.464148522949218,-30.724789904785155,-132.3562561767578,-1.0582371337890624,-6.021417175292968,-11.0707884765625,3.5889082885742187,0.6512228515624999,-8.044517578125,0.24092442025209873,0.5503022343336381,0.055241493731736195,1.0486603271484374,-1.2294225524902342,-9.35294878540039,1.537095138846403,2.3230629363682724,0.7360258110313387,4.840468910059714,0.9960646995652638,9.768057885991693,0
Yuksel_Atmaca_2020_DrivingBehaviorDataset,,Sudden Right Turn,TURN,harsh,151,1.4050543457031244,-1.8946685852050775,-9.416737158203123,0.2403544889280426,0.4995128575594376,0.05392662779917892,-2.3650036587475722,-9.138830536556542,-4.355677705508441,-11.537666834492503,-5.868858412861477,13.728835614846782,19.670760839843748,-26.52536019287109,-131.83432021484373,-1.0582371337890624,-6.021417175292968,-11.0707884765625,3.5889082885742187,0.6512228515624999,-8.044517578125,0.2403544889280426,0.4995128575594376,0.0539266277991799,1.4616601135253906,-1.0079588989257813,-9.323021264648437,1.535275984585896,2.2132663112660578,0.7272135618281856,5.08269068530612,0.9899069993441502,9.707671475118309,0
Yuksel_Atmaca_2020_DrivingBehaviorDataset,,Sudden Right Turn,TURN,harsh,152,1.441480413818359,-1.6549063903808583,-9.572873309326171,0.23604544815547118,0.46109543256243796,0.041672778348624526,-3.1401647872210368,-12.984126075270412,-8.368351972611254,-10.298420445172736,4.911143150686594,9.277518044916688,20.18072579345703,-23.16868946533203,-134.0202263305664,-1.0582371337890624,-6.021417175292968,-11.0707884765625,3.5889082885742187,0.6512228515624999,-8.63109698486328,0.23604544815547118,0.46109543256243796,0.041672778348624526,1.4903905334472656,-0.833182177734375,-9.364919793701171,1.5214516404256357,2.126452803082738,0.6392732997650846,5.249643235573906,1.0014863601438224,9.821226213704415,0
Yuksel_Atmaca_2020_DrivingBehaviorDataset,,Sudden Right Turn,TURN,harsh,153,1.5596513671874992,-1.7768396606445305,-9.578858813476563,0.26635382988177797,0.42056168825397067,0.04193682487148571,-3.340772623332513,-14.108405813051363,-8.00442732445981,-12.214308236082362,6.5693628736669325,8.293572688982787,21.835119140625,-24.875755249023435,-134.10402338867186,-1.0582371337890624,-6.021417175292968,-11.0707884765625,3.5889082885742187,0.2705447875976562,-8.63109698486328,0.26635382988177797,0.42056168825397067,0.04193682487148473,1.6723498596191406,-0.948103857421875,-9.364919793701171,1.616180307332737,2.030837580929555,0.6412953793892081,5.205346539952949,1.006084323110571,9.86631682723228,0
Yuksel_Atmaca_2020_DrivingBehaviorDataset,,Sudden Right Turn,TURN,harsh,154,1.7493063415527337,-1.7301527282714837,-9.596131268310547,0.2950221909219253,0.42873418105462335,0.03876733200446884,-4.999543581456724,-14.346741574687378,-9.919463175169392,-12.213448184618912,6.745784207264342,9.889395751597068,24.49028878173828,-24.22213819580078,-134.34583775634763,-1.0582371337890624,-6.021417175292968,-11.0707884765625,3.670311145019531,0.2705447875976562,-8.872911352539061,0.2950221909219253,0.42873418105462335,0.03876733200446884,2.3391350219726563,-0.833182177734375,-9.364919793701171,1.7009348513698286,2.0504745930245836,0.6165854818284546,5.335903372630949,1.0101844099270512,9.906524943611117,0
Yuksel_Atmaca_2020_DrivingBehaviorDataset,,Sudden Right Turn,TURN,harsh,155,1.686715069580078,-1.7419527221679683,-9.663339929199218,0.2753260642472367,0.4266269443140573,0.04100770484621501,-5.294998491052991,-14.288479619386033,-6.51892014371642,-11.42105846803372,6.708789503867669,1.3369670535718667,23.614010974121094,-24.38733811035156,-135.28675900878906,-1.0582371337890624,-6.021417175292968,-11.0707884765625,3.670311145019531,0.2705447875976562,-8.872911352539061,0.2753260642472367,0.4266269443140573,0.041007704846216964,2.3391350219726563,-0.9157821350097656,-9.597157354736327,1.6431756899218553,2.0454293249725,0.6341515660551137,5.275366339678844,1.0159339316659148,9.962908490971543,0
Yuksel_Atmaca_2020_DrivingBehaviorDataset,,Sudden Right Turn,TURN,harsh,156,1.6844918823242183,-1.7012512939453122,-9.719774682617189,0.27480178986375137,0.43867807707694784,0.036202356814420925,-5.285047639872558,-14.057075510756917,-6.384892967245744,-11.385424583320795,6.167946438143582,5.152872441072272,23.58288635253906,-23.817518115234375,-136.07684555664062,-1.0582371337890624,-6.021417175292968,-11.0707884765625,3.670311145019531,0.2705447875976562,-8.872911352539061,0.27480178986375137,0.43867807707694784,0.036202356814420925,2.3391350219726563,-0.9157821350097656,-9.749189160156249,1.6416104813771626,2.0741172494742566,0.5958387721977666,5.292601814761865,1.0207649043449507,10.01028414919441,0
Yuksel_Atmaca_2020_DrivingBehaviorDataset,,Sudden Right Turn,TURN,harsh,157,1.6856889831542965,-1.6862020263671873,-9.68676890258789,0.27507919046362994,0.4391562802158868,0.03436822026268652,-5.290941685174209,-14.281359278946857,-8.396676498635268,-11.404411018475226,6.6327988875379305,11.64135277433065,23.599645764160154,-23.606828369140622,-135.61476463623046,-1.0582371337890624,-6.021417175292968,-11.0707884765625,3.670311145019531,0.2705447875976562,-8.872911352539061,0.27507919046362994,0.4391562802158868,0.0343682202626875,2.3391350219726563,-0.9157821350097656,-9.712079034423828,1.6424388400059708,2.0752474395548903,0.5805489705779245,5.314012712053322,1.0172573454994205,9.975886747241889,0
Yuksel_Atmaca_2020_DrivingBehaviorDataset,,Sudden Right Turn,TURN,harsh,158,1.8113845703124996,-1.8043729797363275,-9.7245630859375,0.2809735316808399,0.4296822755596952,0.038435949844579306,-7.390012054814094,-12.94048071869831,-6.688344765369743,-9.718160395127537,4.127616974723713,2.1498016089080108,25.359383984374997,-25.261221716308594,-136.143883203125,-1.0582371337890624,-6.021417175292968,-11.0707884765625,3.670311145019531,0.2705447875976562,-8.872911352539061,0.2809735316808408,0.4296822755596952,0.038435949844580285,2.592920397949219,-1.0307038146972656,-9.712079034423828,1.6599424943225942,2.052740531001785,0.6139445476126923,5.275463323187086,1.0253296119028361,10.055048638566948,0
Yuksel_Atmaca_2020_DrivingBehaviorDataset,,Sudden Right Turn,TURN,harsh,159,1.7835092224121085,-1.84746860961914,-9.746281915283202,0.27803093608010193,0.4174305168989751,0.03946666427059751,-6.980903972688028,-13.100590559660732,-5.426668779165255,-9.823021461315347,4.675986709132249,-0.8852121259141881,24.96912911376953,-25.864560534667966,-136.44794681396485,-1.0582371337890624,-6.021417175292968,-11.0707884765625,3.670311145019531,0.2705447875976562,-8.872911352539061,0.27803093608010293,0.4174305168989751,0.03946666427059751,2.4588451049804685,-1.0307038146972656,-9.712079034423828,1.6512274462683634,2.0232634476378357,0.6221219841552459,5.220314800157664,1.0277609208655487,10.078891634606133,0
Yuksel_Atmaca_2020_DrivingBehaviorDataset,,Sudden Right Turn,TURN,harsh,160,1.6752571044921865,-2.2219901550292964,-9.822212310791015,0.28473773703070726,0.44345458762496676,0.0392014326456632,-4.769916317761889,-9.613266254702733,-2.370432216777904,-12.982262061961611,-7.824852354150969,-3.161294815357487,23.453599462890622,-31.107862170410154,-137.5109723510742,-1.0582371337890624,-6.021417175292968,-11.0707884765625,3.670311145019531,-0.08858546142578125,-8.872911352539061,0.28473773703070726,0.44345458762496676,0.039201432645664176,2.3977929626464842,-1.1156979736328125,-9.771934075927733,1.6710246344240987,2.085378606328449,0.6200280069921091,4.844231505074783,1.0410078068642046,10.20879920918485,0
Yuksel_Atmaca_2020_DrivingBehaviorDataset,,Sudden Right Turn,TURN,harsh,161,1.5640977416992186,-2.446532067871093,-9.839826794433593,0.3383091682204832,0.6291292601823797,0.03631453363069802,-5.164558456571485,-11.164970369077283,-3.3266965798631545,-13.594701127218409,-2.20620739327563,-1.9218665050509105,21.89736838378906,-34.25144895019531,-137.7575751220703,-1.3527239379882812,-7.671022119140624,-11.0707884765625,3.670311145019531,-0.08858546142578125,-8.872911352539061,0.3383091682204832,0.6291292601823808,0.03631453363070096,2.3977929626464842,-1.1156979736328125,-9.771934075927733,1.8214498633037919,2.4838781087983244,0.596761192797852,6.1088797393449275,1.0461618066460006,10.259342681145,1
Yuksel_Atmaca_2020_DrivingBehaviorDataset,,Sudden Right Turn,TURN,harsh,162,1.5652948425292967,-2.311259674072265,-9.788693487548828,0.337661405558654,0.5490424547716967,0.026222888459953107,-5.157453977079725,-12.814668730151235,2.770672498027266,-13.593436709366731,6.219216467850463,-11.983447525063697,21.914127795410156,-32.357635437011716,-137.0417088256836,-1.3527239379882812,-7.671022119140624,-10.460267053222656,3.670311145019531,-0.08858546142578125,-8.872911352539061,0.3376614055586549,0.5490424547716977,0.026222888459952125,2.3977929626464842,-1.1156979736328125,-9.771934075927733,1.819705257128688,2.3204023765474093,0.5071081631326761,6.170943525087674,1.0379618623057771,10.17892869698095,1
Yuksel_Atmaca_2020_DrivingBehaviorDataset,,Sudden Right Turn,TURN,harsh,163,1.7342570739746088,-2.0892829772949213,-9.737218151855469,0.2810593118739806,0.4588143969094515,0.03567633850024256,-6.8278733537294745,-17.08700518736372,5.979171205192141,-7.585358726020087,26.927874870879027,-6.079787147283882,24.27959903564453,-29.249961682128905,-136.32105412597656,-1.3527239379882812,-7.671022119140624,-10.460267053222656,3.670311145019531,-0.08858546142578125,-8.566453540039062,0.2810593118739816,0.45881439690945247,0.03567633850024256,2.3977929626464842,-1.1156979736328125,-9.771934075927733,1.6601958621768047,2.121186508879425,0.5914941799827,6.485056159518856,1.0308023066631824,10.108717440638497,1
Yuksel_Atmaca_2020_DrivingBehaviorDataset,,Sudden Right Turn,TURN,harsh,164,1.9037323486328117,-2.059355456542968,-9.981084692382813,0.24788546895476424,0.4660990009596705,0.10223952021644438,-10.139638355971227,-17.024023031105962,-15.673759118016552,2.709330669818748,26.347249116838793,46.020372879624844,26.652252880859372,-28.83097639160156,-139.73518569335937,-1.3527239379882812,-7.671022119140624,-12.808978881835937,3.670311145019531,-0.08858546142578125,-8.566453540039062,0.24788546895476424,0.46609900095967155,0.10223952021644633,2.4133552734375,-1.0307038146972656,-9.961076007080077,1.5591427241036169,2.1379592530638094,1.001312733830252,7.077591103301087,1.0572012938775994,10.367603068604758,1
Yuksel_Atmaca_2020_DrivingBehaviorDataset,,Sudden Right Turn,TURN,harsh,165,1.8950106140136718,-2.091677178955077,-9.997160046386718,0.24522462575148984,0.458053169556191,0.10032731145253584,-10.277935421098915,-17.109834936335286,-15.743588889959623,3.0024048276769184,27.014530111499823,47.64748175579636,26.530148596191406,-29.28348050537109,-139.96024064941406,-1.3527239379882812,-7.671022119140624,-12.808978881835937,3.670311145019531,-0.08858546142578125,-8.566453540039062,0.24522462575149084,0.458053169556191,0.10032731145253489,2.4133552734375,-1.112106671142578,-9.961076007080077,1.5507521001520064,2.119426128750003,0.9919046470583772,7.041533557771944,1.0592755264498404,10.387944341459326,1
Yuksel_Atmaca_2020_DrivingBehaviorDataset,,Sudden Right Turn,TURN,harsh,166,2.0810742858886706,-2.1053583312988273,-9.955261517333984,0.2637792775253835,0.45451726175580964,0.10068690482274831,-11.773094457965817,-17.16117298667547,-17.05654194998499,5.6956468104215645,27.339694354528405,50.81109565514094,29.135040002441404,-29.475016638183593,-139.37366124267578,-1.3527239379882812,-7.671022119140624,-12.808978881835937,3.744531396484375,-0.08858546142578125,-8.566453540039062,0.2637792775253835,0.45451726175580964,0.10068690482274731,2.7281927917480466,-1.112106671142578,-9.771934075927733,1.6083504132944113,2.1112299033969792,0.9936806505009558,7.1352145334288295,1.0590853085228804,10.386078940825906,1
Yuksel_Atmaca_2020_DrivingBehaviorDataset,,Sudden Right Turn,TURN,harsh,167,2.051830822753906,-2.0836395019531246,-9.939015148925781,0.25591537374258017,0.46019699993637875,0.1015512745962679,-12.087924401169001,-17.073835717246315,-17.357590083155937,6.584211350472006,26.81363900464841,50.84870547830724,28.725631518554685,-29.17095302734375,-139.14621208496092,-1.3527239379882812,-7.671022119140624,-12.808978881835937,3.744531396484375,-0.08858546142578125,-8.566453540039062,0.25591537374258017,0.46019699993637875,0.10155127459626888,2.7281927917480466,-1.092953057861328,-9.712079034423828,1.5841945902927062,2.124380123571601,0.9979367750611768,7.144685399509269,1.0564554529906882,10.360288868071132,1
Yuksel_Atmaca_2020_DrivingBehaviorDataset,,Sudden Right Turn,TURN,harsh,168,2.008051135253905,-2.0649989318847655,-9.929438342285156,0.243089293420314,0.4666456541812184,0.10392461332128274,-12.854202597534288,-16.843139117320543,-16.649723406111484,8.08051463750398,26.076834979094013,48.609843831381596,28.112715893554686,-28.909985046386716,-139.0121367919922,-1.3527239379882812,-7.671022119140624,-12.808978881835937,3.744531396484375,-0.08858546142578125,-8.566453540039062,0.243089293420314,0.4666456541812184,0.10392461332128568,2.7281927917480466,-1.092953057861328,-9.712079034423828,1.543985627951352,2.139212613223906,1.0095307371383926,7.142412672752307,1.0542614874419611,10.338773415822706,1
Yuksel_Atmaca_2020_DrivingBehaviorDataset,,Sudden Right Turn,TURN,harsh,169,1.9724801391601556,-2.0501206787109374,-9.82580361328125,0.2393911069273945,0.4704236150654457,0.11191597820428514,-12.439643180171796,-16.803062737538575,-17.180642417479405,7.825888193371549,25.762106777726153,46.685565640818545,27.614721948242185,-28.701689501953123,-137.5612505859375,-1.3527239379882812,-7.671022119140624,-12.808978881835937,3.744531396484375,-0.08858546142578125,-8.566453540039062,0.2393911069273945,0.4704236150654457,0.11191597820428612,2.479195819091797,-1.092953057861328,-9.67137760620117,1.5321960705959072,2.1478546842562607,1.0476262824390523,7.1798920493713165,1.0431058362478867,10.22937384904034,1
Yuksel_Atmaca_2020_DrivingBehaviorDataset,,Sudden Right Turn,TURN,harsh,170,1.8717526550292967,-2.0757728393554684,-9.812293475341797,0.23681276481369318,0.46031170753974165,0.11255307173579795,-10.55006315959624,-17.260344107476023,-17.453973333512103,4.567309070663555,26.945515842694988,46.95168994785013,26.204537170410156,-29.06081975097656,-137.37210865478514,-1.3527239379882812,-7.671022119140624,-12.808978881835937,3.744531396484375,-0.3687070556640625,-8.566453540039062,0.23681276481369318,0.46031170753974165,0.11255307173579894,2.1643583007812497,-1.092953057861328,-9.617508068847656,1.523922537421181,2.1246448660292874,1.0506039124893227,7.119282774784937,1.040377399367947,10.202617023511676,1
Yuksel_Atmaca_2020_DrivingBehaviorDataset,,Sudden Right Turn,TURN,harsh,171,1.8710685974121093,-2.0266917053222655,-9.943290509033202,0.23668170344405415,0.47056428892967705,0.13454663921629015,-10.548853393585626,-17.30228475081385,-12.517727889759405,4.582582850446508,26.429783337064723,18.961490961440703,26.19496036376953,-28.373683874511716,-139.20606712646483,-1.3527239379882812,-7.671022119140624,-12.808978881835937,3.744531396484375,-0.3687070556640625,-8.566453540039062,0.23668170344405415,0.4705642889296781,0.13454663921628918,2.1643583007812497,-0.9253589416503906,-9.617508068847656,1.5235007801375218,2.148175803800105,1.1486739308743923,7.103764775221304,1.0522236277809525,10.318788839378076,1
Yuksel_Atmaca_2020_DrivingBehaviorDataset,,Sudden Right Turn,TURN,harsh,172,1.95691782836914,-2.024297503662109,-9.869070257568358,0.2655087814472037,0.4704774199842258,0.13398351982041032,-8.749467730832121,-17.345093783338147,-14.658582532118787,1.96818372473066,26.55875975364192,24.22484910753393,27.396849597167968,-28.34016505126953,-138.16698360595703,-1.3527239379882812,-7.671022119140624,-12.808978881835937,4.043806604003906,-0.3687070556640625,-8.566453540039062,0.2655087814472037,0.4704774199842258,0.13398351982040932,2.1643583007812497,-0.9253589416503906,-9.575609539794922,1.6136144804689951,2.147977511681235,1.1462676322076033,7.175116042525818,1.046518288126565,10.262838570256381,1
Yuksel_Atmaca_2020_DrivingBehaviorDataset,,Sudden Right Turn,TURN,harsh,173,1.6957788330078123,-2.38154659423828,-9.668470361328124,0.3556333179134579,0.5592194144450697,0.1811008369454975,-6.754499068323426,-12.011902047850468,-8.190772542190182,-7.244478132880963,3.941084738020714,17.504377058462605,23.740903662109375,-33.341652319335935,-135.35858505859375,-1.5729904907226562,-7.671022119140624,-12.808978881835937,4.043806604003906,-0.3687070556640625,-7.295132458496093,0.355633317913459,0.5592194144450697,0.18110083694549653,2.1643583007812497,-1.092953057861328,-9.534908111572266,1.86750407686731,2.3418089312896013,1.332663694497436,6.966074790560639,1.0299979230673861,10.100829132248782,1
Yuksel_Atmaca_2020_DrivingBehaviorDataset,,Sudden Right Turn,TURN,harsh,174,1.5782919372558584,-2.4318248291015614,-9.54722114868164,0.4013037892019517,0.5914421278417107,0.1852746990019304,-5.585121607872412,-11.485050666217585,-10.486090330275427,-12.159481100142356,0.7796112967289904,19.844896397917946,22.09608712158203,-34.045547607421874,-133.66109608154295,-1.5729904907226562,-7.671022119140624,-12.808978881835937,4.043806604003906,-0.3687070556640625,-7.295132458496093,0.4013037892019517,0.5914421278417107,0.1852746990019304,2.1643583007812497,-1.092953057861328,-9.465476263427734,1.9837958071276698,2.408332606389515,1.3479332798648767,6.9295622296528,1.017440773180279,9.977685558308382,1
Yuksel_Atmaca_2020_DrivingBehaviorDataset,,Sudden Right Turn,TURN,harsh,175,1.5974455505371083,-2.300143737792968,-9.618534155273437,0.3894975261476174,0.4646723693031525,0.18722332476423253,-5.434885072368366,-9.143661496514435,-8.6297565276362,-12.243093092035767,-8.523299794629176,15.979756458003884,22.36423770751953,-32.202012329101564,-134.65947817382812,-1.5729904907226562,-5.834669445800781,-12.808978881835937,4.043806604003906,-0.3687070556640625,-7.295132458496093,0.3894975261476174,0.4646723693031525,0.18722332476423253,2.1643583007812497,-1.092953057861328,-9.534908111572266,1.9543965602700835,2.134684822269266,1.3550031799959605,5.720443533987333,1.0215434002532624,10.017918586093655,0
Yuksel_Atmaca_2020_DrivingBehaviorDataset,,Sudden Right Turn,TURN,harsh,176,1.7563179321289057,-2.138535125732421,-9.491128424072267,0.3387131435027482,0.4370931652430159,0.18979067658174423,-7.4655503477890095,-12.094237697945841,-11.134118934448612,-5.378517456783727,-0.8773598183804103,19.7070304243298,24.588451049804686,-29.939491760253905,-132.8757979370117,-1.5729904907226562,-5.834669445800781,-12.808978881835937,4.043806604003906,-0.3687070556640625,-7.295132458496093,0.3387131435027482,0.4370931652430159,0.18979067658174423,2.1643583007812497,-1.092953057861328,-9.465476263427734,1.8225370363126319,2.0703670420798397,1.364261975758455,5.979451074015085,1.0081250114015707,9.886329143061213,0
Yuksel_Atmaca_2020_DrivingBehaviorDataset,,Sudden Right Turn,TURN,harsh,177,1.9280163940429684,-2.0323351806640617,-9.587409533691407,0.36386428538469073,0.4448295982906444,0.18347114386466712,-8.847097133416835,-13.38380398771965,-9.562021286608221,-4.703965118749162,1.4250717287252799,19.241879422244917,26.99222951660156,-28.452692529296872,-134.22373347167968,-1.5729904907226562,-5.834669445800781,-12.808978881835937,4.043806604003906,-0.3687070556640625,-7.295132458496093,0.3638642853846917,0.44482959829064533,0.18347114386466712,2.4768016174316405,-1.0139444030761717,-9.534908111572266,1.8889917136577883,2.0886091496680166,1.3413565122593043,6.090427253971061,1.018522727348894,9.98829590415603,1
Yuksel_Atmaca_2020_DrivingBehaviorDataset,,Sudden Right Turn,TURN,harsh,178,2.024810546874999,-2.0366105407714836,-9.352777770996093,0.3811951795610095,0.44365774430987914,0.09604825151425041,-9.52557012857623,-13.393547108489763,-1.5270342963765342,-4.782248816374261,1.4523495167425458,20.764628096967368,28.347347656249998,-28.51254757080078,-130.9388887939453,-1.5729904907226562,-5.834669445800781,-11.559205615234374,4.043806604003906,-0.3687070556640625,-7.295132458496093,0.3811951795610095,0.44365774430987914,0.09604825151425041,2.8981811096191405,-1.0139444030761717,-9.516951599121093,1.9334548630992079,2.085856231439856,0.9705212958571425,5.677829478246164,0.9976665602980326,9.7837667735467,0
Yuksel_Atmaca_2020_DrivingBehaviorDataset,,Sudden Right Turn,TURN,harsh,179,2.090309063720703,-2.014720697021484,-9.419302374267579,0.40461931297996795,0.4485160333242544,0.10539452850256902,-8.972912397765121,-13.442574354081527,-0.3079758731447791,-5.592438316085921,1.4474525071501787,12.2360082381976,29.26432689208984,-28.20608975830078,-131.87023323974609,-1.5729904907226562,-5.834669445800781,-11.559205615234374,4.144363073730468,-0.3687070556640625,-7.295132458496093,0.40461931297996795,0.4485160333242554,0.10539452850256902,2.8981811096191405,-0.9361328491210937,-9.516951599121093,1.9919738918055647,2.0972457553179864,1.0166450968453642,5.708849091505715,1.005089267332585,9.856558663487094,0
Yuksel_Atmaca_2020_DrivingBehaviorDataset,,Sudden Right Turn,TURN,harsh,180,2.0362685119628905,-2.0083931640624995,-9.439140045166015,0.38915450814813346,0.44995900268875627,0.10693466017876704,-9.012299701106057,-13.453966701325504,0.2690840086055591,-4.987610407160504,1.4419072421614194,10.868895063960139,28.50775916748047,-28.117504296874998,-132.1479606323242,-1.5729904907226562,-5.834669445800781,-11.559205615234374,4.144363073730468,-0.3687070556640625,-7.295132458496093,0.38915450814813346,0.44995900268875627,0.10693466017876606,2.863465185546875,-0.8954314208984374,-9.516951599121093,1.9535357834784841,2.100616684147228,1.0240462808106372,5.6801328562242075,1.0057390102070767,9.86293046444723,0
Yuksel_Atmaca_2020_DrivingBehaviorDataset,,Sudden Right Turn,TURN,harsh,181,1.9244250915527341,-1.9201497314453124,-9.352777770996093,0.3812233040565476,0.4854300519626869,0.11469863641170193,-7.464821382638219,-12.252408369217019,-1.6854508842508966,-6.380611124417348,0.3954335549370292,5.831424627364125,26.94195128173828,-26.88209624023437,-130.9388887939453,-1.5729904907226562,-5.834669445800781,-11.559205615234374,4.144363073730468,0.4836287353515625,-7.295132458496093,0.3812233040565476,0.4854300519626869,0.11469863641170291,2.4768016174316405,-0.8954314208984374,-9.465476263427734,1.9335261867184907,2.1818438576304877,1.0605703101477182,5.694181607663239,0.9931891381552052,9.739858261689742,0
Yuksel_Atmaca_2020_DrivingBehaviorDataset,,Sudden Right Turn,TURN,harsh,182,1.8293410827636714,-1.9456308776855462,-9.371247326660155,0.3704699255084757,0.4776744003491902,0.11269517799982491,-6.264252477753342,-12.324035158637562,-1.2688061291483317,-6.6252567639859,0.6316086239284083,7.117341581722114,25.610775158691403,-27.238832287597656,-131.19746257324218,-1.5729904907226562,-5.834669445800781,-11.559205615234374,4.144363073730468,0.4836287353515625,-7.295132458496093,0.3704699255084757,0.4776744003491902,0.1126951779998259,1.9704279663085937,-0.8954314208984374,-9.465476263427734,1.9060610942432294,2.1643441635249214,1.0512669343853605,5.611385086836437,0.9936465811551572,9.744344245085223,0
Yuksel_Atmaca_2020_DrivingBehaviorDataset,,Sudden Right Turn,TURN,harsh,183,1.7915468994140622,-1.962732318115234,-9.366629937744142,0.3693108603527905,0.4737786583041914,0.11330382908158469,-5.619709152839055,-12.271119819273498,-1.35600134437614,-7.077760350693497,0.668357605833777,6.723219783193717,25.081656591796875,-27.47825245361328,-131.13281912841796,-1.5729904907226562,-5.834669445800781,-11.559205615234374,4.144363073730468,0.4836287353515625,-7.295132458496093,0.3693108603527914,0.4737786583041914,0.11330382908158469,1.705868682861328,-0.9696516723632812,-9.465476263427734,1.903077073762043,2.155500285191074,1.054101985323492,5.578476232081621,0.9928272240968835,9.736309097189702,0
Yuksel_Atmaca_2020_DrivingBehaviorDataset,,Sudden Right Turn,TURN,harsh,184,1.9336598693847649,-2.080219213867187,-9.454360327148438,0.3838482955133677,0.4543909375828039,0.12704959678741737,-7.377908533575729,-11.477929620954825,-0.06855758823088869,-6.443507452802325,-0.08354320374235821,-0.23671805668496299,27.071238171386717,-29.123068994140624,-132.36104458007813,-1.5729904907226562,-5.834669445800781,-11.559205615234374,4.144363073730468,0.4836287353515625,-7.295132458496093,0.38384829551336863,0.45439093758280485,0.1270495967874154,2.232593048095703,-1.0235212097167967,-9.472658868408203,1.9401716128209319,2.1109364955029823,1.1162127612311679,5.572679631996861,1.0066374931266489,9.871741571970452,0
Yuksel_Atmaca_2020_DrivingBehaviorDataset,,Sudden Right Turn,TURN,harsh,185,1.6911614440917964,-2.366497326660155,-9.294632873535155,0.42490835039695835,0.4881649592280383,0.08963147298234957,-4.087616564826282,-7.608991514445451,3.9371268351827196,-13.079782810774013,-9.584090702107282,0.6595000227132236,23.676260217285154,-33.130962573242186,-130.12486022949219,-1.5729904907226562,-5.834669445800781,-10.73799444580078,4.144363073730468,0.4836287353515625,-7.295132458496093,0.42490835039695835,0.4881649592280383,0.08963147298235055,1.705868682861328,-1.4508862060546874,-9.37210239868164,2.0413053359113955,2.18798146642371,0.9375417241501163,5.165356484433451,0.9931142674072917,9.739124030469716,0
Yuksel_Atmaca_2020_DrivingBehaviorDataset,,Sudden Right Turn,TURN,harsh,186,1.3674311767578118,-2.59445952758789,-9.313102429199219,0.40724690909202266,0.5527117234893708,0.090631814751717,-1.3215701462809852,-4.8249288598183115,4.48677434648031,-15.143771400305425,-15.932161665809204,0.2946869045813222,19.144036474609376,-36.322433386230465,-130.38343400878907,-1.5729904907226562,-5.834669445800781,-10.73799444580078,4.144363073730468,0.4836287353515625,-7.295132458496093,0.40724690909202266,0.5527117234893717,0.09063181475171601,1.6029180114746093,-1.4508862060546874,-9.423577734375,1.9984313601040407,2.328143127721543,0.9427589756321166,4.818427409366398,0.9956470938246487,9.76396257265549,0
Yuksel_Atmaca_2020_DrivingBehaviorDataset,,Sudden Right Turn,TURN,harsh,187,1.4883383605957023,-2.6045493774414057,-9.505835662841797,0.3500335243421101,0.5600375138512023,0.058240556716345426,-0.6525042611297569,-4.900472943855558,0.2705304665245634,-14.712958682372044,-15.797603314174568,-11.741304978002281,20.83673704833984,-36.46369128417969,-133.08169927978514,-1.0845733520507812,-5.97592734375,-10.73799444580078,4.144363073730468,0.4836287353515625,-8.382100012207031,0.3500335243421101,0.5600375138512023,0.058240556716345426,1.6029180114746093,-1.4508862060546874,-9.60194575805664,1.8527429021560327,2.343521257682314,0.7557411961262585,4.465296399447258,1.016446554422491,9.967935602927321,0
Yuksel_Atmaca_2020_DrivingBehaviorDataset,,Sudden Right Turn,TURN,harsh,188,1.7108281005859372,-2.479366833496093,-9.534224053955079,0.30129286146301476,0.49794463992760646,0.05375795469410128,-2.7055595193314037,-5.6143992705168815,0.2501314417854047,-11.222396296355928,-12.899629918150552,-9.92122598023121,23.951593408203124,-34.71113566894531,-133.4791367553711,-1.0845733520507812,-5.97592734375,-10.73799444580078,4.144363073730468,0.4836287353515625,-8.382100012207031,0.30129286146301476,0.4979446399276075,0.053757954694100295,1.705868682861328,-1.4508862060546874,-9.60194575805664,1.7189164144501843,2.2097893119358845,0.7260753723966304,4.635651824668769,1.0195919070721897,9.99878097548949,0
Yuksel_Atmaca_2020_DrivingBehaviorDataset,,Sudden Right Turn,TURN,harsh,189,2.0304540222167966,-2.145546716308593,-9.474711041259766,0.2509011169450787,0.4115556447570131,0.05002721482824769,-4.597380629302762,-8.90521775094877,-1.856481288586839,-8.867334421034624,-4.9678941737354645,-6.4600850142329485,28.426356311035153,-30.03765402832031,-132.6459545776367,-0.6560112548828124,-5.97592734375,-10.73799444580078,4.144363073730468,0.4836287353515625,-8.382100012207031,0.2509011169450787,0.4115556447570141,0.05002721482824769,1.9428946472167967,-1.0953472595214844,-9.44871685180664,1.5685979212307588,2.008975401456268,0.700428002221096,4.846111471719262,1.0120202495150186,9.924528379906457,0
Yuksel_Atmaca_2020_DrivingBehaviorDataset,,Sudden Right Turn,TURN,harsh,190,2.2072829162597647,-2.086375732421874,-9.505322619628904,0.26847508230106143,0.420198822203507,0.04529072154806137,-6.6808298654343545,-9.491538470286848,-2.4516319679219394,-7.964861837445215,-4.763270533504211,-4.147393631801142,30.901960827636717,-29.209260253906248,-133.07451667480467,-0.6560112548828124,-5.97592734375,-10.73799444580078,4.144363073730468,0.4836287353515625,-8.382100012207031,0.26847508230106143,0.420198822203508,0.04529072154806137,2.5737667846679684,-1.0366893188476562,-9.44871685180664,1.622603206531932,2.0299612754340983,0.66644598766089,4.984630886908496,1.0175532406285797,9.97878848721026,0
Yuksel_Atmaca_2020_DrivingBehaviorDataset,,Sudden Right Turn,TURN,harsh,191,2.060210528564453,-2.029769964599609,-9.502586389160156,0.25078154046707424,0.43815070023112473,0.04505557674215331,-4.986074346504861,-9.330278287162704,-2.5597419074384264,-7.996777757136903,-5.379102353687785,-3.796693539784668,28.842947399902343,-28.41677950439453,-133.03620944824218,-0.6560112548828124,-5.97592734375,-10.73799444580078,4.144363073730468,0.4836287353515625,-8.382100012207031,0.25078154046707424,0.43815070023112573,0.04505557674215331,1.9428946472167967,-1.0366893188476562,-9.44871685180664,1.5682240891599115,2.072870127244245,0.6647136764490704,4.9473479667705895,1.0128794567566954,9.932954324603045,0
Yuksel_Atmaca_2020_DrivingBehaviorDataset,,Sudden Right Turn,TURN,harsh,192,2.0191670715332024,-2.086375732421874,-9.486853063964844,0.24048521949683163,0.4276402354914403,0.0453345028799298,-4.930690368977633,-8.902769435503773,-3.322894622329081,-6.933295819961325,-5.3320679572863545,-3.827163834425187,28.26833900146484,-29.209260253906248,-132.81594289550782,-0.6560112548828124,-5.97592734375,-10.73799444580078,4.144363073730468,0.4836287353515625,-8.382100012207031,0.2404852194968326,0.4276402354914403,0.04533450287993079,1.9428946472167967,-1.0953472595214844,-9.348160382080078,1.5356934517600225,2.0478569567677676,0.6667680276284061,4.883702035613306,1.0116817278825383,9.921208616739294,0
Yuksel_Atmaca_2020_DrivingBehaviorDataset,,Sudden Right Turn,TURN,harsh,193,1.8618338195800774,-2.1412713562011714,-9.280267663574218,0.20238698199150632,0.41717926241285513,0.060682531800176805,-5.557478537817528,-8.493101431714388,3.26418306297697,-5.043586598240385,-5.174487864260049,9.22906192089091,26.06567347412109,-29.977798986816403,-129.92374729003905,-0.6560112548828124,-5.97592734375,-10.73799444580078,3.8091748413085935,0.4836287353515625,-7.599196069335937,0.20238698199150632,0.41717926241285513,0.06068253180017778,1.8339584716796873,-1.3814543579101561,-9.313444458007812,1.4088074023609505,2.022654447438076,0.7714222906283001,4.885706915769298,0.9895705474931686,9.704372009573882,0
Yuksel_Atmaca_2020_DrivingBehaviorDataset,,Sudden Right Turn,TURN,harsh,194,1.7782077758789052,-2.1311815063476556,-9.311221270751952,0.19168715785283277,0.4200111585603311,0.06641018150574877,-4.420628274942785,-8.504482823865755,2.531741629419422,-3.6653615350173783,-5.298192717074995,5.175944544821166,24.894908862304685,-29.836541088867186,-130.35709779052735,-0.6560112548828124,-5.97592734375,-10.73799444580078,3.8091748413085935,0.4836287353515625,-7.599196069335937,0.19168715785283277,0.4200111585603311,0.0664101815057478,1.7717092285156248,-1.3814543579101561,-9.313444458007812,1.3710612191136786,2.029507927576454,0.8070076867436559,4.861946434734623,0.9907675184161652,9.716110284475885,0
Yuksel_Atmaca_2020_DrivingBehaviorDataset,,Sudden Right Turn,TURN,harsh,195,1.9278453796386708,-2.167094531249999,-9.416224114990234,0.2151776312946123,0.40122777245136315,0.06072305329843104,-5.481156209211362,-9.440746600121884,5.757789848242875,-5.53102001316636,-5.240987733025478,13.878834541092424,26.989835314941406,-30.3393234375,-131.82713760986329,-0.6560112548828124,-5.97592734375,-10.73799444580078,3.8091748413085935,-0.01915361328125,-7.599196069335937,0.2151776312946123,0.4012277724513641,0.06072305329843104,1.879448303222656,-1.3814543579101561,-9.348160382080078,1.4526430111817956,1.9836079085117024,0.7716798109508015,4.948243468144188,1.0047085531622744,9.852825132868817,0
Yuksel_Atmaca_2020_DrivingBehaviorDataset,,Sudden Right Turn,TURN,harsh,196,1.8912482971191398,-2.0740626953124996,-9.41861831665039,0.21871032743625832,0.44304038320963096,0.06051100674214109,-4.590672951633934,-7.952458922647122,5.863446292606381,-7.177590799245482,-5.992829631232839,14.309472853107572,26.47747615966797,-29.036877734374997,-131.86065643310545,-0.6560112548828124,-5.97592734375,-10.73799444580078,3.8091748413085935,0.5770026000976562,-7.599196069335937,0.21871032743625926,0.4430403832096319,0.060511006742142076,1.879448303222656,-1.3814543579101561,-9.348160382080078,1.4645189082264491,2.084404465069757,0.7703312691743919,5.002337081206568,1.0021736866515782,9.8279665842017,0
Yuksel_Atmaca_2020_DrivingBehaviorDataset,,Sudden Right Turn,TURN,harsh,197,1.893642498779296,-2.322888653564452,-9.444954534912108,0.21861032922990026,0.4747370943503879,0.05755530436210721,-4.648938451208591,-4.5726068296111775,6.929649960181067,-7.108715388951295,-12.286804705490242,20.21540669047745,26.510994982910155,-32.52044114990234,-132.22936348876954,-0.6560112548828124,-5.97592734375,-10.73799444580078,3.8091748413085935,0.5770026000976562,-7.599196069335937,0.21861032922990026,0.47473709435038886,0.057555304362108185,1.879448303222656,-1.619677423095703,-9.348160382080078,1.4641840680537421,2.15767943084955,0.7512820545724971,4.822058714781677,1.0104397734750061,9.909029204548666,0
Yuksel_Atmaca_2020_DrivingBehaviorDataset,,Sudden Right Turn,TURN,harsh,198,1.6198484374999995,-2.527421881103515,-9.307116925048827,0.23966626900113513,0.5241111573534508,0.045533860172560586,-1.9551734021767104,-2.2160762439675477,9.797357281338689,-10.805333794931698,-16.51325077806484,23.940132837205258,22.677878125,-35.38390633544922,-130.29963695068358,-0.6560112548828124,-5.97592734375,-10.35492218017578,3.8091748413085935,0.5770026000976562,-7.599196069335937,0.23966626900113513,0.5241111573534518,0.04553386017255961,1.7681179260253905,-1.619677423095703,-9.313444458007812,1.5330763897797088,2.267107117288513,0.6682324669314079,4.470874737083839,0.9972084030762172,9.779273786027384,0
Yuksel_Atmaca_2020_DrivingBehaviorDataset,,Sudden Right Turn,TURN,harsh,199,1.65593247680664,-2.5780421447753903,-9.50190233154297,0.22348849198852522,0.5526401934260358,0.10037944309711347,-1.3164954716323964,-2.3023581329632004,-8.770436623118002,-10.90306947771975,-16.90492279744727,32.08761927223467,23.18305467529297,-36.09259002685547,-133.02663264160157,-0.5099649536132812,-5.97592734375,-12.050016955566406,3.8091748413085935,0.5770026000976562,-7.599196069335937,0.2234884919885262,0.5526401934260358,0.10037944309711347,1.7681179260253905,-1.619677423095703,-9.338583575439452,1.4804301469367875,2.327992472681438,0.9921623181961271,4.767559505834451,1.018055586663341,9.983714818952052,0
Yuksel_Atmaca_2020_DrivingBehaviorDataset,,Sudden Right Turn,TURN,harsh,200,1.8926164123535154,-2.299630694580078,-9.46239800415039,0.19199167769906544,0.4928566049056554,0.10106421049088063,-3.7336118694855047,-5.19834108541205,-9.992079283779821,-7.214182255280241,-12.500455538219713,33.183846337581215,26.496629772949216,-32.19482972412109,-132.47357205810547,-0.5099649536132812,-5.97592734375,-12.050016955566406,3.8091748413085935,0.5770026000976562,-7.599196069335937,0.19199167769906544,0.4928566049056554,0.1010642104908816,1.879448303222656,-1.5382745666503905,-9.215282189941405,1.372149840982226,2.198470428388349,0.9955407273489151,5.097384241992768,1.0115629764129184,9.920044062639745,0
Yuksel_Atmaca_2020_DrivingBehaviorDataset,,Sudden Right Turn,TURN,harsh,201,2.148967004394531,-1.9471700073242184,-9.419815417480468,0.1859882749745473,0.38561848151637873,0.0986866933978495,-6.384425478546723,-7.6210283195548945,-11.703375613121734,-1.6415381245837017,-7.234631862032858,39.12466254736385,30.085538061523437,-27.26038010253906,-131.87741584472656,-0.5099649536132812,-5.473144995117187,-12.050016955566406,3.8091748413085935,0.5770026000976562,-7.599196069335937,0.1859882749745473,0.3856184815163798,0.09868669339785145,2.050633721923828,-1.3108254089355469,-9.215282189941405,1.3505265331636955,1.9446401933937825,0.9837610796377553,5.140075768197052,1.005041180204737,9.856087089854782,0
Yuksel_Atmaca_2020_DrivingBehaviorDataset,,Sudden Right Turn,TURN,harsh,202,2.270558245849609,-1.7188657775878897,-9.467699450683593,0.2073777198120946,0.3609006726891943,0.09754282902295673,-6.831699123693161,-11.34368884849637,-10.312425665513343,-3.69602237064291,1.9515854868963378,37.922185464953984,31.78781544189453,-24.064120886230466,-132.5477923095703,-0.5099649536132812,-5.473144995117187,-12.050016955566406,3.861847277832031,0.5770026000976562,-7.599196069335937,0.2073777198120946,0.36090067268919523,0.09754282902295673,2.3834277526855465,-1.0977414611816405,-9.338583575439452,1.4260717779955125,1.8812832274348001,0.9780431402744884,5.338003878037926,1.008165047383207,9.886721761920525,0
Yuksel_Atmaca_2020_DrivingBehaviorDataset,,Sudden Right Turn,TURN,harsh,203,2.2228452270507804,-1.7065527404785155,-9.46342409057617,0.19889478807816105,0.3626446804618602,0.09765756553124792,-6.523975458379327,-11.457133216130027,-10.441551982195268,-2.544124427001626,1.9938625349911987,37.99234274216821,31.119833178710934,-23.89173836669922,-132.4879372680664,-0.5099649536132812,-5.473144995117187,-12.050016955566406,3.861847277832031,0.5770026000976562,-7.599196069335937,0.19889478807816105,0.3626446804618602,0.09765756553124792,2.3319524169921872,-1.0390835205078124,-9.3086560546875,1.3966000048355662,1.8858232832509279,0.9786181916442284,5.324089719892366,1.0064230113493273,9.86963822424888,0
Yuksel_Atmaca_2020_DrivingBehaviorDataset,,Sudden Right Turn,TURN,harsh,204,2.1937727783203123,-1.7388744628906248,-9.51507044067383,0.18997235048138145,0.35938082263790594,0.09620656380825186,-7.071695024298618,-11.06117654442255,-8.96426880627428,-1.5523437761052181,1.631763727361984,37.370917856990516,30.71281889648437,-24.344242480468747,-133.2109861694336,-0.5099649536132812,-5.473144995117187,-12.050016955566406,3.861847277832031,0.5770026000976562,-7.599196069335937,0.18997235048138145,0.35938082263790594,0.09620656380825186,2.3319524169921872,-1.254561669921875,-9.355342987060546,1.364914777870122,1.8773177526252791,0.971320801265061,5.261266764221625,1.0113862316094426,9.918310788212741,0
Yuksel_Atmaca_2020_DrivingBehaviorDataset,,Sudden Right Turn,TURN,harsh,205,2.2016394409179685,-1.8505468688964835,-9.44700670776367,0.18912463958171694,0.3398788375220614,0.09742344845613561,-7.290174096673648,-10.433353231090528,-10.951326478973426,-1.0192454491268772,1.8612958115690732,39.35239137685696,30.82295217285156,-25.90765616455078,-132.2580939086914,-0.5099649536132812,-5.473144995117187,-12.050016955566406,3.861847277832031,0.5770026000976562,-7.599196069335937,0.18912463958171694,0.3398788375220623,0.09742344845613561,2.3319524169921872,-1.4784195251464842,-9.3086560546875,1.3618660531616336,1.8256705075083324,0.9774444540751975,5.220313968211586,1.006980348158423,9.875103831267797,0
Yuksel_Atmaca_2020_DrivingBehaviorDataset,,Sudden Right Turn,TURN,harsh,206,2.18128872680664,-1.7725643005371088,-9.413829913330078,0.18661863686935218,0.3526992139384143,0.10003781574586086,-7.015265461663872,-10.987381366734434,-11.474473515896443,-0.6979071305849474,1.7050163388044284,37.54024430577533,30.53804217529297,-24.81590020751953,-131.7936187866211,-0.5099649536132812,-5.473144995117187,-12.050016955566406,3.861847277832031,0.5770026000976562,-7.599196069335937,0.18661863686935218,0.3526992139384153,0.10003781574586183,2.2756886779785157,-1.254561669921875,-9.220070593261719,1.3528132373889743,1.8597843279179338,0.9904725366127815,5.280778917084795,1.0018170697601967,9.824469367163834,0
Yuksel_Atmaca_2020_DrivingBehaviorDataset,,Sudden Right Turn,TURN,harsh,207,2.1915495910644527,-1.671323773193359,-9.829223901367188,0.18622899843167778,0.37049159778161667,0.18081840367638047,-7.293318007528129,-11.548754183509484,-19.737682066319692,-0.24754856806307132,1.6335382100587519,36.15795792318339,30.68169427490234,-23.39853282470703,-137.6091346191406,-0.5099649536132812,-5.473144995117187,-13.414711901855467,3.861847277832031,0.5770026000976562,-8.808267907714843,0.18622899843167778,0.37049159778161667,0.18081840367638047,2.347514727783203,-1.0115502014160156,-9.355342987060546,1.3514002395552602,1.9061168451553796,1.3316241205433998,5.882835170240721,1.0409592310381393,10.208322843060168,0
Yuksel_Atmaca_2020_DrivingBehaviorDataset,,Sudden Right Turn,TURN,harsh,208,2.086717761230468,-1.6947527465820307,-9.650171820068358,0.210537115224049,0.36672830133117074,0.2059135374416508,-5.396955150339448,-11.36980640601277,-18.162173154247313,-7.800308212210546,1.6160587634201027,34.76272844521754,29.21404865722656,-23.726538452148436,-135.10240548095703,-0.5099649536132812,-5.473144995117187,-13.414711901855467,3.861847277832031,0.5770026000976562,-7.848193041992187,0.210537115224049,0.3667283013311718,0.20591353744165178,2.347514727783203,-1.0785878479003905,-9.220070593261719,1.4368938029694214,1.8964113731596683,1.421028497938088,5.932180976061043,1.0215113424861024,10.017604206791336,0
Yuksel_Atmaca_2020_DrivingBehaviorDataset,,Sudden Right Turn,TURN,harsh,209,1.9110859680175771,-1.9546946411132804,-9.442218304443358,0.19561197504435532,0.36752890362051743,0.2584252368687433,-3.098367574399762,-8.180324979578804,-13.088581536616438,-8.257502806064752,-5.779973394496499,26.11073989769195,26.75520355224609,-27.365724975585938,-132.191056262207,-0.5099649536132812,-5.473144995117187,-13.414711901855467,3.861847277832031,0.5770026000976562,-6.940790612792968,0.19561197504435626,0.3675289036205184,0.2584252368687433,1.9237410339355467,-1.291671795654297,-9.115922821044922,1.3850264167403934,1.8984802666054126,1.5919440471131079,5.832811143882514,1.002379311337868,9.829983073531503,0
Yuksel_Atmaca_2020_DrivingBehaviorDataset,,Sudden Right Turn,TURN,harsh,210,1.8278019531249992,-2.3914654296874995,-9.395018328857422,0.21826764203126534,0.39700896323093926,0.2658693736432846,-2.395081296243734,-6.684045427462874,-13.303313333705356,-11.998142533337807,-13.239530485046533,24.85860844996613,25.58922734375,-33.480516015625,-131.5302566040039,-0.5099649536132812,-5.537788439941406,-13.414711901855467,3.861847277832031,-0.21308394775390624,-6.940790612792968,0.21826764203126633,0.3970089632309403,0.26586937364328267,1.9237410339355467,-1.4784195251464842,-9.115922821044922,1.4630360117666,1.973151780595882,1.6147098479413884,5.614484750704704,1.0059919651985438,9.8654111055143,0
Yuksel_Atmaca_2020_DrivingBehaviorDataset,,Sudden Right Turn,TURN,harsh,211,1.6203614807128903,-2.3919784729003903,-9.519516815185545,0.2846549822200942,0.3972492113625774,0.2800709174751089,-2.4838115846246387,-6.680275542530205,-10.318680019956476,-13.012700036320627,-13.256516261178444,14.629676451189601,22.685060729980467,-33.487698620605464,-133.27323541259764,-1.1851298217773436,-5.537788439941406,-13.414711901855467,3.861847277832031,-0.21308394775390624,-6.940790612792968,0.2846549822200952,0.3972492113625774,0.280070917475108,1.9237410339355467,-1.4784195251464842,-9.220070593261719,1.67078178748414,1.9737487121234112,1.6572741061324987,5.73928972611598,1.0144425368478351,9.948282903978821,0
Yuksel_Atmaca_2020_DrivingBehaviorDataset,,Sudden Right Turn,TURN,harsh,212,1.5936832336425775,-2.2089930603027335,-9.538157385253907,0.2981534297217541,0.3420044417389308,0.2776550788700584,-2.8427337539092643,-9.38914231453068,-10.118486662728278,-12.833293905772196,-5.163794524728542,14.873485709274613,22.31156527099609,-30.92590284423828,-133.5342033935547,-1.1851298217773436,-5.537788439941406,-13.414711901855467,3.861847277832031,-0.21308394775390624,-6.940790612792968,0.2981534297217541,0.3420044417389308,0.27765507887005747,1.9237410339355467,-1.4784195251464842,-9.220070593261719,1.7099375227127003,1.831370486433341,1.650110959663334,5.8163868162855135,1.0115046326809998,9.919471906081126,0
Yuksel_Atmaca_2020_DrivingBehaviorDataset,,Sudden Right Turn,TURN,harsh,213,1.8421671630859366,-1.9066395935058589,-9.317035760498046,0.2910929544879835,0.25575239169677777,0.2254684153651948,-6.1133280607420115,-13.250490106182891,-14.67657947551427,-8.774309338326459,9.329984387092738,42.092509999141846,25.790340283203122,-26.69295430908203,-130.43850064697264,-1.1851298217773436,-5.537788439941406,-13.414711901855467,3.861847277832031,-0.21308394775390624,-6.940790612792968,0.2910929544879835,0.25575239169677877,0.2254684153651948,2.347514727783203,-1.3539210388183593,-9.09796630859375,1.6895699814241463,1.5836900555453448,1.4869733809120782,6.256254369747314,0.9877887833378158,9.68689887211979,1
Yuksel_Atmaca_2020_DrivingBehaviorDataset,,Sudden Right Turn,TURN,harsh,214,1.913651184082031,-1.895352642822265,-9.381850219726562,0.31382102832106346,0.25702251279984495,0.2287561229669132,-5.743054251622578,-13.368220897814613,-12.973400835866347,-9.842667403957137,9.397298152842286,36.641528581008274,26.791116577148436,-26.534936999511718,-131.34590307617188,-1.1851298217773436,-5.537788439941406,-13.414711901855467,3.861847277832031,-0.21308394775390624,-6.940790612792968,0.3138210283210644,0.25702251279984495,0.22875612296691222,2.347514727783203,-1.274912384033203,-9.191340173339842,1.7542898812296586,1.5876176571040665,1.4977754281912465,6.2556978512068,0.9953262695588536,9.760816361369333,1
Yuksel_Atmaca_2020_DrivingBehaviorDataset,,Sudden Right Turn,TURN,harsh,215,1.9803468017578119,-1.9617062316894525,-9.493180596923827,0.3464649057975183,0.2508641700229964,0.24682681952107483,-4.150898019093226,-12.552618676093205,-10.025820501694618,-9.457743757498557,8.566837793858852,23.023626629310385,27.724855224609374,-27.46388724365234,-132.90452835693358,-1.1851298217773436,-5.537788439941406,-13.414711901855467,4.642357019042969,-0.21308394775390624,-6.940790612792968,0.3464649057975183,0.2508641700229964,0.24682681952107285,2.347514727783203,-1.399410870361328,-9.191340173339842,1.8432742792214163,1.568482423540673,1.5558098308136297,6.179564223299451,1.0089036480903286,9.893964960545022,1
Yuksel_Atmaca_2020_DrivingBehaviorDataset,,Sudden Right Turn,TURN,harsh,216,1.8972338012695305,-1.9965931701660147,-9.473171911621094,0.32198115944724776,0.24314747904160827,0.2466205250455769,-4.01329417190985,-12.72929092882455,-10.478478240667698,-7.709857457011398,9.507480443093963,23.844888379442587,26.561273217773437,-27.95230438232422,-132.62440676269532,-1.1851298217773436,-5.537788439941406,-13.414711901855467,4.642357019042969,-0.21308394775390624,-6.940790612792968,0.32198115944724776,0.24314747904160827,0.24662052504557788,2.347514727783203,-1.399410870361328,-9.191340173339842,1.7769514729708737,1.5441704003585206,1.5551595326326542,6.129989146644474,1.0059947051875868,9.865437975627847,1
Yuksel_Atmaca_2020_DrivingBehaviorDataset,,Sudden Right Turn,TURN,harsh,217,1.8247236938476554,-2.0345583679199217,-9.493351611328125,0.3163489891441967,0.2367419927018188,0.2464939471515322,-2.798619974107926,-12.626000461093522,-10.042419336698131,-7.478406824852283,10.0965414543098,23.181256444538302,25.546131713867187,-28.483817150878906,-132.90692255859375,-1.1851298217773436,-5.537788439941406,-13.414711901855467,4.642357019042969,-0.21308394775390624,-6.940790612792968,0.3163489891441967,0.23674199270181978,0.2464939471515312,1.9237410339355467,-1.5011644409179687,-9.229647399902344,1.7613414814824924,1.5236948062946534,1.5547603888810555,6.058787473674952,1.0073679859662057,9.878905259575491,1
Yuksel_Atmaca_2020_DrivingBehaviorDataset,,Sudden Right Turn,TURN,harsh,218,1.7286135986328124,-1.9471700073242184,-9.471803796386718,0.2962382116336082,0.25811150598525984,0.24607066337695388,-1.846185893049467,-11.804304580699513,-10.5415530225532,-4.986207638040411,7.586153435794183,24.16977895680448,24.200590380859374,-27.26038010253906,-132.60525314941407,-1.1851298217773436,-5.537788439941406,-13.414711901855467,4.642357019042969,-0.21308394775390624,-6.940790612792968,0.2962382116336092,0.25811150598525984,0.24607066337695388,1.9093758239746093,-1.4113818786621093,-9.229647399902344,1.7044366981841041,1.5909774354686341,1.553424884249512,6.076920747945043,1.0016844378909016,9.82316869284281,1
Yuksel_Atmaca_2020_DrivingBehaviorDataset,,Sudden Right Turn,TURN,harsh,219,1.6959498474121089,-1.886630908203125,-9.429221209716797,0.29752088711066793,0.26554928367550545,0.2537901966763233,-1.1912690410046285,-12.383115631954313,-10.691702890787703,-5.421324764933684,7.675361743462436,22.286352673283503,23.74329786376953,-26.41283271484375,-132.00909693603515,-1.1851298217773436,-5.537788439941406,-13.414711901855467,4.642357019042969,-0.21308394775390624,-6.940790612792968,0.29752088711066893,0.26554928367550545,0.2537901966763223,1.8818425048828125,-1.274912384033203,-9.229647399902344,1.7081227144394058,1.6137375507672869,1.5776031288748944,6.156005409332494,0.9957038513196094,9.764519173543446,1
Yuksel_Atmaca_2020_DrivingBehaviorDataset,,Sudden Right Turn,TURN,harsh,220,1.660036822509765,-1.9381062438964842,-9.661629785156249,0.2921549761633459,0.25384920127059396,0.3007930502841088,-0.6217326867320484,-12.643102644367685,-6.930681310915337,-4.437814856736098,8.954946411434328,5.107134268797334,23.240515515136718,-27.13348741455078,-135.26281699218748,-1.1851298217773436,-5.537788439941406,-13.414711901855467,4.642357019042969,-0.21308394775390624,-6.940790612792968,0.2921549761633459,0.25384920127059396,0.3007930502841098,1.8818425048828125,-1.274912384033203,-9.405621221923827,1.6926492835174924,1.5777865095253776,1.7174900775750261,5.994795329438706,1.0189974072729489,9.992950924033263,0
Yuksel_Atmaca_2020_DrivingBehaviorDataset,,Sudden Right Turn,TURN,harsh,221,1.483036914062499,-2.121433685302734,-9.385954565429685,0.3203463866114607,0.23237240252712532,0.18204893145056833,1.5191880326895233,-11.71111972725341,-2.404897139749931,-7.981671227981112,6.898657810621438,3.0894923795494496,20.762516796874998,-29.70007159423828,-131.40336391601562,-1.1851298217773436,-5.537788439941406,-12.093112585449218,4.642357019042969,-0.2657563842773437,-6.940790612792968,0.32034638661146164,0.2323724025271263,0.18204893145056736,1.5059528442382812,-1.4113818786621093,-9.405621221923827,1.7724347356851515,1.5095677597387418,1.3361475044356874,5.383445725614046,0.9928288350928847,9.736324895663637,0
Yuksel_Atmaca_2020_DrivingBehaviorDataset,,Sudden Right Turn,TURN,harsh,222,1.3835065307617183,-2.282187225341796,-9.458464672851562,0.35926656466676543,0.2337550858455208,0.16506526896999454,1.1475235059282614,-8.69544544538859,-2.3199457315263126,-10.214058976174325,0.5945050800107252,8.355423940170542,19.36909143066406,-31.950621154785154,-132.41850541992187,-1.1851298217773436,-5.537788439941406,-12.093112585449218,4.642357019042969,-0.2657563842773437,-6.940790612792968,0.3592665646667664,0.2337550858455208,0.16506526896999357,1.5059528442382812,-1.7417817077636717,-9.405621221923827,1.8770193010167338,1.5140522819925937,1.2722960818711142,5.3066388040669,1.0021534312923797,9.827767946983416,0
Yuksel_Atmaca_2020_DrivingBehaviorDataset,,Sudden Right Turn,TURN,harsh,223,1.425234045410156,-2.253798834228515,-9.657354425048826,0.35967092534807976,0.2263253116088411,0.11155911474399624,0.39045635468106266,-9.33711167391984,-9.852667125399575,-10.367973100753641,3.4340658571773406,9.180275348840945,19.953276635742185,-31.55318367919922,-135.20296195068357,-1.1851298217773436,-5.537788439941406,-12.093112585449218,4.642357019042969,-0.2657563842773437,-8.327033374023436,0.35967092534807976,0.2263253116088421,0.1115591147439972,1.7238251953125,-1.7417817077636717,-9.488221179199218,1.8780753126711278,1.4897963340969977,1.0459546799953754,5.202632581094251,1.0216284058019578,10.01875220575777,0
Yuksel_Atmaca_2020_DrivingBehaviorDataset,,Sudden Right Turn,TURN,harsh,224,1.5338281921386712,-2.038833728027343,-9.754490606689453,0.3436554912611839,0.1372476923869203,0.09756733076744312,-1.2427297342245418,-6.260634598872424,-10.631800836873673,-8.071322029296917,0.1445155199004605,13.29733323015614,21.473594689941404,-28.54367219238281,-136.56286849365233,-1.1851298217773436,-4.527435339355469,-12.093112585449218,4.642357019042969,-0.2657563842773437,-8.327033374023436,0.3436554912611839,0.1372476923869203,0.09756733076744312,1.7238251953125,-1.7417817077636717,-9.575609539794922,1.835785696473446,1.1601465780435674,0.9781659696956068,4.617926180347428,1.028142791358901,10.082636504879765,0
Yuksel_Atmaca_2020_DrivingBehaviorDataset,,Sudden Right Turn,TURN,harsh,225,1.8505468688964835,-1.7939411010742186,-9.688992089843751,0.2977250972196451,0.08901238079804626,0.08795929074562572,-3.5456910203774377,-3.6776315544951013,-13.414561997890102,-4.3627100262928895,-8.205762078615319,27.427699985865004,25.90765616455078,-25.11517541503906,-135.64588925781248,-1.0438719238281249,-3.366247534179687,-12.093112585449218,4.642357019042969,-0.2657563842773437,-8.327033374023436,0.2977250972196461,0.08901238079804626,0.08795929074562474,1.898601916503906,-1.4113818786621093,-9.575609539794922,1.708708817981883,0.9342982736541716,0.9287550692139346,4.077941027608479,1.0223605595546432,10.025932181356541,0
Yuksel_Atmaca_2020_DrivingBehaviorDataset,,Sudden Right Turn,TURN,harsh,226,2.144178601074218,-1.6822686950683587,-9.740125396728516,0.2444944198099461,0.09209318692076601,0.08473176962859193,-5.894199185675071,-6.409959173483517,-12.538376213287906,3.5126356703575237,-6.255976387372211,28.093787001836237,30.01850041503906,-23.55176173095703,-136.36175555419922,-1.0438719238281249,-3.366247534179687,-12.093112585449218,4.642357019042969,-0.2657563842773437,-8.327033374023436,0.2444944198099461,0.092093186920767,0.08473176962859291,2.081758343505859,-1.274912384033203,-9.660603698730467,1.5484415397518934,0.9503292332221184,0.9115562564253743,4.305345466996649,1.0313640486004714,10.114226247207812,0
Yuksel_Atmaca_2020_DrivingBehaviorDataset,,Sudden Right Turn,TURN,harsh,227,2.1686336608886716,-1.640883209228515,-9.784589141845702,0.25170629263646277,0.09855656019758638,0.07988023794419369,-5.746806497498365,-6.328520164136019,-12.58236835320511,2.3336584074331155,-7.603919819367585,31.89574224400342,30.360871252441406,-22.972364929199216,-136.98424798583983,-1.0438719238281249,-3.366247534179687,-12.093112585449218,4.642357019042969,-0.2657563842773437,-8.327033374023436,0.25170629263646277,0.09855656019758735,0.07988023794419369,2.081758343505859,-1.2737152832031249,-9.660603698730467,1.5711128268470642,0.9831122474375308,0.8850748756096487,4.31582607102254,1.0355701597297329,10.155474106913585,0
Yuksel_Atmaca_2020_DrivingBehaviorDataset,,Sudden Right Turn,TURN,harsh,228,2.0555931396484373,-1.642593353271484,-9.806478985595703,0.22880225523297534,0.09843631569456536,0.08176386294536798,-5.227319336328504,-6.28717451290081,-11.502454731043983,6.259194536562164,-7.594424068352654,27.30902607120837,28.778303955078123,-22.99630694580078,-137.29070579833984,-1.0438719238281249,-3.366247534179687,-12.093112585449218,4.642357019042969,-0.2657563842773437,-8.327033374023436,0.22880225523297534,0.09843631569456635,0.08176386294536798,2.081758343505859,-1.2856862915039062,-9.660603698730467,1.4979264455508043,0.9825123385007027,0.8954493768791151,4.219758362164017,1.0353540128066459,10.153354429690292,0
Yuksel_Atmaca_2020_DrivingBehaviorDataset,,Sudden Right Turn,TURN,harsh,229,1.923570019531249,-1.571793389892578,-9.682664556884767,0.17867869385434962,0.10049457785108894,0.07239314202242055,-10.55388958795766,-8.253071491376682,-16.36227135257301,10.301111637326212,-5.854669866359176,52.42574615137822,26.929980273437497,-22.00510745849609,-135.55730379638672,-1.0438719238281249,-3.366247534179687,-12.093112585449218,3.670311145019531,-0.2657563842773437,-8.327033374023436,0.17867869385435056,0.10049457785108894,0.07239314202242055,2.081758343505859,-1.227028350830078,-9.586383447265625,1.3237218035096219,0.9927311579090213,0.8425759349840092,4.223273263899447,1.019331957406042,9.996231740095961,0
Yuksel_Atmaca_2020_DrivingBehaviorDataset,,Sudden Right Turn,TURN,harsh,230,2.01437866821289,-1.6207035095214835,-9.766632629394529,0.2059018470038581,0.10009042271593378,0.07706241528529359,-8.243758689997536,-6.680131108351788,-12.527206849573616,5.998788623852394,-7.6295710564095875,35.625885374268414,28.201301354980465,-22.68984913330078,-136.73285681152342,-1.0438719238281249,-3.366247534179687,-12.093112585449218,3.9695863525390624,-0.2657563842773437,-8.327033374023436,0.2059018470038581,0.10009042271593477,0.0770624152852926,2.081758343505859,-1.2856862915039062,-9.660603698730467,1.4209881589655813,0.9907329326953971,0.8693239527687725,4.220465568117267,1.0302238581562726,10.10304479858821,0
Yuksel_Atmaca_2020_DrivingBehaviorDataset,,Sudden Right Turn,TURN,harsh,231,2.0455032897949215,-1.555889050292968,-9.679928326416015,0.2051840541233228,0.1076189201304543,0.09104472165692389,-9.030697004915416,-7.3124344493824465,-10.15073656658476,7.338011939141297,-8.398167231279421,24.664526517400287,28.637046057128906,-21.78244670410156,-135.51899656982422,-1.0438719238281249,-3.366247534179687,-12.093112585449218,3.9695863525390624,-0.2657563842773437,-8.327033374023436,0.20518405412332377,0.1076189201304543,0.09104472165692193,2.1248539733886718,-1.16837041015625,-9.651026892089844,1.4185091484965806,1.027317420808839,0.9449040795958391,4.317996678874903,1.0212746110552542,10.015282664505008,0
Yuksel_Atmaca_2020_DrivingBehaviorDataset,,Sudden Right Turn,TURN,harsh,232,1.9663236206054684,-1.6061672851562494,-9.651026892089844,0.21394098531053565,0.09698125122327005,0.09387961107033913,-6.986401948210351,-8.623134043050756,-10.455064645338533,1.7616090795693593,-7.818152025095232,22.857580149100496,27.52853068847656,-22.486341992187498,-135.1143764892578,-1.0438719238281249,-3.366247534179687,-12.093112585449218,3.9695863525390624,-0.6057330200195312,-8.327033374023436,0.21394098531053565,0.09698125122327102,0.09387961107033814,2.1248539733886718,-1.16837041015625,-9.651026892089844,1.4484627587879402,0.9752236601460673,0.9595022083887773,4.257104912078254,1.017616096435733,9.97940489211148,0
Yuksel_Atmaca_2020_DrivingBehaviorDataset,,Sudden Right Turn,TURN,harsh,233,1.7817990783691395,-1.8491787536621087,-9.751925390624999,0.28935804534451254,0.1453982559817338,0.07907302927282993,-6.902533943370944,-8.279477963536397,-12.56599393849339,-4.868617657813954,-4.829240696423942,32.42803774722504,24.945187097167967,-25.88850255126953,-136.52695546875,-1.2785036865234374,-4.335899206542969,-12.093112585449218,3.9695863525390624,-0.6057330200195312,-8.382100012207031,0.28935804534451254,0.1453982559817338,0.0790730292728309,2.1248539733886718,-1.2856862915039062,-9.727641345214844,1.6845275525730563,1.1940979051247338,0.8805915753165073,4.585890219444207,1.0283185502424668,10.084360110735286,0
Yuksel_Atmaca_2020_DrivingBehaviorDataset,,Sudden Right Turn,TURN,harsh,234,1.540155725097656,-1.977781585693359,-9.559705200195312,0.3554641662712278,0.15174048549108748,0.03298176966859795,-4.471738963392191,-5.058810734869569,2.8769181215635586,-12.028366646130118,-10.460621446966345,4.534921058924549,21.562180151367187,-27.68894219970703,-133.83587280273437,-1.2785036865234374,-4.335899206542969,-10.565611926269531,3.9695863525390624,-0.6057330200195312,-8.382100012207031,0.3554641662712278,0.15174048549108748,0.032981769668596964,1.9416975463867185,-1.6172832214355468,-9.651026892089844,1.8670598989222977,1.219863038230596,0.5687184466153238,3.8590560466594037,1.0077750821100775,9.88289750897479,0
Yuksel_Atmaca_2020_DrivingBehaviorDataset,,Sudden Right Turn,TURN,harsh,235,1.5427209411621088,-1.9372511718749992,-9.53627622680664,0.3543846153624919,0.1469474413239033,0.033788284621674214,-4.485753091917949,-6.211886032632203,1.5462338820315227,-11.938663785086966,-7.856855940440822,2.1794308895435437,21.59809317626953,-27.12151640625,-133.50786717529297,-1.2785036865234374,-4.335899206542969,-10.565611926269531,3.9695863525390624,-0.6057330200195312,-8.382100012207031,0.3543846153624929,0.14694744132390428,0.033788284621673235,1.9416975463867185,-1.6172832214355468,-9.651026892089844,1.8642225962166088,1.2004424706994776,0.5756299865235801,3.8787811910990087,1.0046843929426157,9.8525882020507,0
Yuksel_Atmaca_2020_DrivingBehaviorDataset,,Sudden Right Turn,TURN,harsh,236,1.6747440612792968,-1.9647844909667962,-9.587580548095703,0.3042660127849528,0.15667107536689523,0.029963199068834788,-5.381152231012071,-6.292197032199742,3.426240280993223,-7.062598140908906,-8.860195727731522,11.080718563652937,23.446416857910155,-27.506982873535154,-134.22612767333985,-1.2785036865234374,-4.335899206542969,-10.565611926269531,3.9695863525390624,-0.6057330200195312,-8.382100012207031,0.3042660127849528,0.15667107536689623,0.02996319906883381,1.9416975463867185,-1.6172832214355468,-9.65342109375,1.727376708850031,1.2395234573200997,0.5420688204908932,3.974549103575176,1.0124854993070156,9.929090921779144,0
Yuksel_Atmaca_2020_DrivingBehaviorDataset,,Sudden Right Turn,TURN,harsh,237,1.7229701232910148,-1.7872715393066405,-9.593908081054686,0.3082836437022448,0.151123795627516,0.03021167547015046,-6.160488091511182,-9.80265363394612,3.734112760101822,-6.955503226065521,-1.3576744836858068,10.537210739752192,24.12158172607422,-25.021801550292967,-134.3147131347656,-1.2785036865234374,-4.335899206542969,-10.565611926269531,3.9695863525390624,-0.6057330200195312,-8.382100012207031,0.30828364370224576,0.151123795627516,0.030211675470149482,2.1930887207031247,-1.216254443359375,-9.655815295410155,1.7387437403230608,1.2173816864034814,0.5443117923114899,4.1198090748151,1.010528157576954,9.909895956502035,0
Yuksel_Atmaca_2020_DrivingBehaviorDataset,,Sudden Right Turn,TURN,harsh,238,1.868674395751953,-1.6927005737304686,-9.553890710449219,0.3336385075210371,0.14850057379465795,0.031301391278778144,-7.246281986542787,-12.456297202963585,1.464903675834342,-7.454582157772528,4.580182979719934,6.5811213019773485,26.161441540527342,-23.69780803222656,-133.75446994628905,-1.2785036865234374,-4.335899206542969,-10.565611926269531,3.9695863525390624,-0.6057330200195312,-8.382100012207031,0.333638507521038,0.14850057379465795,0.03130139127877912,2.3295582153320313,-1.1516109985351561,-9.579200842285156,1.8088327921013558,1.2067697178846468,0.5540413240761444,4.273677846368791,1.007580795079674,9.880992204068084,0
Yuksel_Atmaca_2020_DrivingBehaviorDataset,,Sudden Right Turn,TURN,harsh,239,1.9381062438964842,-1.7198918640136713,-9.506690734863282,0.36156876193915377,0.14601011551056872,0.03057098300273446,-6.320206086127404,-12.098808317649135,-1.0388912042979954,-8.221870113056696,4.414152315891931,8.328504238584564,27.13348741455078,-24.078486096191405,-133.09367028808592,-1.2785036865234374,-4.335899206542969,-10.565611926269531,4.220977526855468,-0.6057330200195312,-8.382100012207031,0.36156876193915377,0.14601011551056872,0.030570983002735443,2.3295582153320313,-1.2689268798828124,-9.489418280029296,1.88302371181847,1.1966077466203062,0.5475389762051436,4.2959024842433005,1.0047773203431822,9.853499508543466,0
Yuksel_Atmaca_2020_DrivingBehaviorDataset,,Sudden Right Turn,TURN,harsh,240,1.9134801696777333,-1.7388744628906248,-9.440850189208986,0.3554612661433899,0.14281771067014037,0.032733601586520514,-6.2069041022000295,-12.200719921176765,-3.55263845935546,-7.858474451161891,4.934948406935445,5.361728218514265,26.78872237548828,-24.344242480468747,-132.17190264892577,-1.2785036865234374,-4.335899206542969,-10.565611926269531,4.220977526855468,-0.6057330200195312,-8.382100012207031,0.35546126614339085,0.14281771067014135,0.03273360158651953,2.3295582153320313,-1.2689268798828124,-9.336189373779296,1.8670522825098086,1.1834539713665853,0.566574773528127,4.265956800361073,0.998149271341081,9.788500551797013,0
Yuksel_Atmaca_2020_DrivingBehaviorDataset,,Sudden Right Turn,TURN,harsh,241,1.9134801696777333,-1.8168570312499994,-9.397754559326172,0.3554612661433899,0.13303474123202774,0.0340981454563816,-6.2069041022000295,-11.963686595793039,-5.428477670933134,-7.858474451161891,5.5863973965805105,4.181589549031741,26.78872237548828,-25.435998437499997,-131.5685638305664,-1.2785036865234374,-4.335899206542969,-10.565611926269531,4.220977526855468,-0.6057330200195312,-8.382100012207031,0.35546126614339085,0.13303474123202874,0.0340981454563816,2.3295582153320313,-1.4065934753417968,-9.248801013183593,1.8670522825098086,1.142201884564666,0.5782634158753532,4.230629415190783,0.9953609037540886,9.761156006800032,0
Yuksel_Atmaca_2020_DrivingBehaviorDataset,,Sudden Right Turn,TURN,harsh,242,1.945288848876953,-1.7552918457031244,-9.369195153808592,0.359210351003935,0.14498057012833035,0.02934879269462275,-6.634513278446605,-11.084731116149426,-4.762957042173392,-7.857239235432836,3.536103285770689,9.751598652307225,27.23404388427734,-24.57408583984375,-131.1687321533203,-1.2785036865234374,-4.335899206542969,-10.565611926269531,4.220977526855468,-0.47165772705078124,-8.382100012207031,0.359210351003935,0.14498057012833035,0.02934879269462275,2.5522189697265625,-1.341950030517578,-9.248801013183593,1.876872448695634,1.1923815278882006,0.5364823742479576,4.299277352712885,0.9920482321674394,9.72866979598482,0
Yuksel_Atmaca_2020_DrivingBehaviorDataset,,Sudden Right Turn,TURN,harsh,243,2.0000134582519524,-1.8238686218261717,-9.39843861694336,0.373686966983057,0.14000550841402495,0.029627233871931117,-6.782595447295223,-9.928637201279473,-2.9514728350276744,-8.579631772903062,2.795836249191806,7.776512333694094,28.000188415527344,-25.534160705566403,-131.578140637207,-1.2785036865234374,-4.335899206542969,-10.565611926269531,4.220977526855468,-0.47165772705078124,-8.382100012207031,0.373686966983057,0.14000550841402593,0.029627233871931117,2.5522189697265625,-1.6160861206054686,-9.336189373779296,1.9143190159334462,1.1717444342041508,0.5390212547295138,4.2920002168152545,0.9973283269279916,9.780449837268389,0
Yuksel_Atmaca_2020_DrivingBehaviorDataset,,Sudden Right Turn,TURN,harsh,244,1.8168570312499994,-1.695094775390625,-9.300789392089845,0.34234798323878785,0.16149764282795073,0.018207805477196897,-5.414824424407929,-9.26999461976276,4.429769185625413,-8.488947781080626,1.1783625915735876,2.225400958978139,25.435998437499997,-23.731326855468748,-130.2110514892578,-1.2785036865234374,-4.335899206542969,-9.94072529296875,4.220977526855468,-0.09816226806640624,-8.382100012207031,0.34234798323878884,0.16149764282795073,0.018207805477195915,2.27927998046875,-1.341950030517578,-9.248801013183593,1.832290056139767,1.258471636167748,0.4225607359693423,4.171222385996485,0.9816801101903445,9.626993252598142,0
Yuksel_Atmaca_2020_DrivingBehaviorDataset,,Sudden Right Turn,TURN,harsh,245,1.8040309509277344,-1.7106570861816406,-9.320114019775389,0.3416646225515462,0.15811998308839675,0.014841746248992494,-5.195088823341359,-9.42716911190803,-0.21423594835859647,-8.576426363053775,1.783400369007657,-8.28377333547644,25.25643331298828,-23.949199206542968,-130.48159627685547,-1.2785036865234374,-4.335899206542969,-9.94072529296875,4.220977526855468,-0.09816226806640624,-8.652644799804687,0.3416646225515462,0.15811998308839675,0.014841746248991514,2.1894974182128903,-1.341950030517578,-9.248801013183593,1.8304604258888324,1.2452418769676163,0.38150728807282047,4.1035875939491975,0.9836187066311499,9.646004389384364,0
Yuksel_Atmaca_2020_DrivingBehaviorDataset,,Sudden Right Turn,TURN,harsh,246,1.8151468872070304,-1.7932570434570312,-9.298908233642578,0.33975135715191174,0.1544171942885096,0.016897490465067222,-5.407017261255308,-7.686679695107966,0.493194089832953,-8.103757727941963,0.3194358611165002,-10.083063476125941,25.412056420898438,-25.105598608398434,-130.1847152709961,-1.2785036865234374,-4.335899206542969,-9.94072529296875,4.220977526855468,-0.09816226806640624,-8.652644799804687,0.33975135715191174,0.15441719428851058,0.016897490465067222,2.1894974182128903,-1.6160861206054686,-9.248801013183593,1.8253280928681832,1.230575222556275,0.40707219859535154,4.0562740868636,0.9832741391493247,9.642625336688726,0
Yuksel_Atmaca_2020_DrivingBehaviorDataset,,Sudden Right Turn,TURN,harsh,247,1.9871873779296874,-1.8991149597167958,-9.312076342773437,0.2651104426260176,0.2295304314061996,0.018419607947421694,-5.373013313363629,-14.520549289721616,-0.3211554946853782,-3.2789924247102444,25.7170622386378,-10.370656763992521,27.82062329101562,-26.587609436035155,-130.36906879882812,-1.2761094848632812,-5.817910034179687,-9.94072529296875,4.220977526855468,-0.09816226806640624,-8.652644799804687,0.2651104426260176,0.2295304314061996,0.018419607947421694,2.1894974182128903,-1.6160861206054686,-9.248801013183593,1.612403585389972,1.5003081700602756,0.4250113507632351,5.142072657033465,0.9900720682339268,9.709290247946237,0
Yuksel_Atmaca_2020_DrivingBehaviorDataset,,Sudden Right Turn,TURN,harsh,248,2.135456866455077,-2.038662713623047,-9.327980682373045,0.19022666567827595,0.2922441061165469,0.019094933064510818,-1.1567576913387663,-12.369073789606626,0.6339283135595783,-9.719165037873797,8.357114279786531,-11.941999934608596,29.89639613037109,-28.541277990722655,-130.59172955322265,-0.35673604736328124,-5.817910034179687,-9.94072529296875,4.220977526855468,-0.09816226806640624,-8.652644799804687,0.19022666567827595,0.2922441061165469,0.01909493306450984,2.1894974182128903,-1.6160861206054686,-9.248801013183593,1.3658280751887741,1.6929074585599293,0.4327323946009635,4.577096719964017,0.9976949770306545,9.784045446497666,0
Yuksel_Atmaca_2020_DrivingBehaviorDataset,,Sudden Right Turn,TURN,harsh,249,2.385650939941405,-1.9622192749023433,-9.326954595947264,0.14264336898739433,0.2976721530254066,0.019119136124733746,-0.37588370379906705,-13.440956370643192,0.5568376765020107,-14.772578065295138,9.87757561308655,-12.012335496436904,33.399113159179684,-27.471069848632812,-130.5773643432617,0.7996633544921875,-5.817910034179687,-9.94072529296875,4.220977526855468,-0.09816226806640624,-8.652644799804687,0.14264336898739433,0.2976721530254066,0.019119136124733746,2.5522189697265625,-1.341950030517578,-9.241618408203124,1.1827314126547244,1.7085568821279002,0.4330065545434906,4.323131806108179,1.0018872243434687,9.825157348607878,0
Yuksel_Atmaca_2020_DrivingBehaviorDataset,,Sudden Right Turn,TURN,harsh,250,2.5674392517089837,-1.7864164672851555,-9.356027044677733,0.1266897786010913,0.2726989627306278,0.02195169066225145,-3.0189568420476762,-17.819922482532068,0.19949241773884313,-12.64892029537743,26.662845203492132,-13.650969478517014,35.94414952392578,-25.009830541992187,-130.98437862548826,0.7996633544921875,-5.817910034179687,-9.988609326171874,4.220977526855468,-0.09816226806640624,-8.652644799804687,0.1266897786010913,0.2726989627306278,0.02195169066225047,2.7856536315917966,-1.2473790649414063,-9.241618408203124,1.1146310229481295,1.6353174868698475,0.46397472693343916,4.4578827468984965,1.005950277539384,9.865002289231601,0
Yuksel_Atmaca_2020_DrivingBehaviorDataset,,Sudden Right Turn,TURN,harsh,251,2.5864218505859373,-1.788297625732421,-9.328493725585936,0.1265717790475257,0.2722864348011517,0.020265502381783054,-3.604885794202262,-17.83678005577761,-0.9485011014632804,-12.294684422818564,26.728187618492456,-10.859973345600526,36.209905908203126,-25.036166760253906,-130.59891215820312,0.7996633544921875,-5.817910034179687,-9.988609326171874,4.220977526855468,-0.09816226806640624,-8.652644799804687,0.1265717790475257,0.2722864348011517,0.020265502381782072,2.7856536315917966,-1.2473790649414063,-9.241618408203124,1.1141118153024043,1.6340800977439025,0.44579893330100023,4.459490313494922,1.0038295934080792,9.844205482195338,0
Yuksel_Atmaca_2020_DrivingBehaviorDataset,,Sudden Right Turn,TURN,harsh,252,2.5517059265136717,-1.7725643005371088,-9.314983587646482,0.1205026208220764,0.27465789791746714,0.020996980140185764,-3.4093706159143924,-17.871399775804065,-1.5628246180768446,-11.229473428131085,26.596867068841505,-12.127933259751552,35.7238829711914,-24.81590020751953,-130.40977022705079,0.7996633544921875,-5.817910034179687,-9.988609326171874,4.220977526855468,-0.09816226806640624,-8.652644799804687,0.1205026208220764,0.2746578979174681,0.020996980140185764,2.7856536315917966,-1.216254443359375,-9.241618408203124,1.0870726868451885,1.6411806343642792,0.45377310992582265,4.459624077708764,1.0013078758569134,9.819475880772199,0
Yuksel_Atmaca_2020_DrivingBehaviorDataset,,Sudden Right Turn,TURN,harsh,253,2.357091534423828,-1.7405846069335937,-9.39296615600586,0.10322240662058914,0.2781754960514027,0.028914155706418275,-2.60708315198456,-18.123700429504996,-2.594569243481514,-15.554711646510471,26.90821955279404,-10.341676699116135,32.99928148193359,-24.36818449707031,-131.50152618408202,0.7996633544921875,-5.817910034179687,-10.36210478515625,3.670311145019531,-0.09816226806640624,-8.652644799804687,0.10322240662058914,0.2781754960514027,0.028914155706418275,2.6850971618652344,-1.1192892761230469,-9.320627062988281,1.0061143145218665,1.6516566617649373,0.5324950751493888,4.470950106836825,1.0033371668785873,9.839376427569897,0
Yuksel_Atmaca_2020_DrivingBehaviorDataset,,Sudden Right Turn,TURN,harsh,254,2.270900274658203,-1.6747440612792968,-9.48531393432617,0.10387958907748562,0.2936773537900578,0.030346683968374644,-0.0383750339230509,-17.396992754307778,0.2414556565140691,-16.374279524512268,24.656418393755665,-11.801821839635977,31.792603845214842,-23.446416857910155,-132.7943950805664,0.7996633544921875,-5.817910034179687,-10.36210478515625,3.670311145019531,-0.09816226806640624,-8.652644799804687,0.10387958907748562,0.29367735379005877,0.030346683968373662,2.3223756103515623,-1.0869675537109373,-9.526528405761718,1.0093120291697375,1.6970536295430618,0.5455266339405017,4.4832047187652,1.009122087719864,9.896107121538003,0
Yuksel_Atmaca_2020_DrivingBehaviorDataset,,Sudden Right Turn,TURN,harsh,255,2.1700017761230463,-1.640883209228515,-9.455728442382812,0.08740172430769727,0.29473550541664506,0.03492218964283232,0.667448130817249,-17.975872898809445,1.357177012189176,-14.571509551650518,26.12897658654545,-11.926384474846165,30.380024865722653,-22.972364929199216,-132.38019819335938,0.7996633544921875,-5.817910034179687,-10.36210478515625,3.5601778686523438,-0.09816226806640624,-8.559270935058594,0.08740172430769727,0.29473550541664506,0.03492218964283232,2.110488763427734,-1.0869675537109373,-9.526528405761718,0.9258067399204235,1.7001082154363434,0.5852091002888473,4.494625761878407,1.0033313492782547,9.839319376399596,0
Yuksel_Atmaca_2020_DrivingBehaviorDataset,,Sudden Right Turn,TURN,harsh,256,2.1068974609374997,-1.6569585632324215,-9.502928417968748,0.0858978297770018,0.2909762974077684,0.04313041857022329,2.8348724853770304,-18.13687309139997,-0.9631742776798331,-13.227944451072577,26.679760793527723,-10.475078549910902,29.496564453125,-23.197419885253904,-133.04099785156248,0.7996633544921875,-5.817910034179687,-10.601524951171875,3.5601778686523438,-0.09816226806640624,-8.559270935058594,0.0858978297770018,0.2909762974077694,0.04313041857022427,1.8842367065429686,-1.0869675537109373,-9.526528405761718,0.9178071433491031,1.6892313953315874,0.6503575318789606,4.542296272788904,1.0068383612218759,9.873711415076508,0
Yuksel_Atmaca_2020_DrivingBehaviorDataset,,Sudden Right Turn,TURN,harsh,257,1.8134367431640617,-1.6997121643066397,-9.477789300537108,0.1151733581125733,0.29623699441494755,0.04332068044531637,-4.4117636567562695,-16.912243984576946,-2.2393065915492043,4.607762142804012,22.1265546176058,-10.366981198825753,25.388114404296875,-23.795970300292968,-132.68905020751953,-0.5482721801757812,-5.817910034179687,-10.601524951171875,3.3494881225585935,-0.09816226806640624,-8.559270935058594,0.1151733581125733,0.29623699441494855,0.04332068044531735,1.7405846069335937,-1.0869675537109373,-9.354145886230468,1.0627628203577086,1.7044331964847899,0.6517904194517382,4.878524833032777,0.9991453180406498,9.798268433163337,0
Yuksel_Atmaca_2020_DrivingBehaviorDataset,,Sudden Right Turn,TURN,harsh,258,1.7657237243652342,-1.9900946228027334,-9.44102120361328,0.12269930547005843,0.31447315241545437,0.04750584111718005,-3.303590122214873,-12.829444857450767,-2.4756340448582064,-0.29185787620676756,5.069131068922035,-12.345224331089879,24.72013214111328,-27.86132471923828,-132.17429685058593,-0.5482721801757812,-5.817910034179687,-10.601524951171875,3.3494881225585935,-0.17477672119140625,-8.559270935058594,0.12269930547005843,0.31447315241545437,0.04750584111717907,1.7405846069335937,-1.2102689392089843,-9.354145886230468,1.09693625338392,1.756111653664145,0.6825490142046883,4.620986563268179,1.0002118620339397,9.808727656815135,0
Yuksel_Atmaca_2020_DrivingBehaviorDataset,,Sudden Right Turn,TURN,harsh,259,1.7493063415527337,-2.294329248046875,-9.666418188476563,0.12237187043875407,0.3686660877452442,0.08100553571994244,-2.807609617180351,-8.555571901825337,-9.329550869291658,-0.3433819634706456,-8.215088556508382,11.097338987056373,24.49028878173828,-32.12060947265625,-135.32985463867186,-0.5482721801757812,-5.817910034179687,-11.808202587890625,3.3494881225585935,-0.17477672119140625,-8.559270935058594,0.12237187043875407,0.3686660877452451,0.0810055357199444,1.70467158203125,-1.284489190673828,-9.526528405761718,1.095471635067843,1.9014150755126842,0.8912872358942391,4.72035263867923,1.0286690743265674,10.087797577744631,0
Yuksel_Atmaca_2020_DrivingBehaviorDataset,,Sudden Right Turn,TURN,harsh,260,1.8455874511718744,-2.3028799682617183,-9.739954382324218,0.12195418458535065,0.36845443943463746,0.07343482105135739,-5.43810029987305,-8.409142397560903,-9.049412643761759,1.856058650128521,-8.38954041220508,14.830073970689707,25.838224316406247,-32.24031955566406,-136.35936135253905,-0.5482721801757812,-5.817910034179687,-11.808202587890625,3.3494881225585935,-0.17477672119140625,-8.559270935058594,0.12195418458535065,0.3684544394346385,0.07343482105135836,1.7693150268554687,-1.284489190673828,-9.686939916992188,1.0936004774431733,1.9008692034124022,0.8486162783398085,4.729022196895663,1.0377893953149775,10.177237373565625,0
Yuksel_Atmaca_2020_DrivingBehaviorDataset,,Sudden Right Turn,TURN,harsh,261,2.0658540039062494,-1.958970001220702,-9.73927032470703,0.15660248397130222,0.2718008063072192,0.07340784311799035,-3.5957147794981097,-11.390530194842473,-9.080744256999452,2.6859062586561677,-0.269159812706163,14.908028736190804,28.9219560546875,-27.425580017089842,-136.34978454589842,-0.5482721801757812,-5.082890124511718,-11.808202587890625,4.2137949218749995,-0.17477672119140625,-8.559270935058594,0.15660248397130222,0.2718008063072192,0.0734078431179884,2.031480108642578,-1.2102689392089843,-9.686939916992188,1.2392520927709476,1.6326222395804544,0.8484603848813581,4.568699306438083,1.034691437812566,10.146856788624598,0
Yuksel_Atmaca_2020_DrivingBehaviorDataset,,Sudden Right Turn,TURN,harsh,262,2.210874218749999,-1.651315087890624,-9.72781235961914,0.1462968106508247,0.2019879622986677,0.07388360860794879,-6.891672975739247,-15.951105957684259,-9.427697568259271,10.446814353157858,19.482247234950076,14.9210390676261,30.9522390625,-23.118411230468748,-136.18937303466797,-0.5482721801757812,-5.082890124511718,-11.808202587890625,4.2137949218749995,-0.17477672119140625,-8.559270935058594,0.1462968106508247,0.2019879622986687,0.07388360860794682,2.3546973327636715,-1.0869675537109373,-9.606734161376952,1.1977819576905129,1.4074179373861333,0.8512054336968992,4.869971209828005,1.0310997002666638,10.111633875620079,0
Yuksel_Atmaca_2020_DrivingBehaviorDataset,,Sudden Right Turn,TURN,harsh,263,2.204717700195312,-1.6641411682128902,-9.787496386718749,0.14508650348003077,0.2007881668869118,0.07221911829389144,-6.907706395116566,-15.811210330396891,-7.567165264400149,10.910513877045851,19.353984455317967,13.831581474568877,30.86604780273437,-23.297976354980467,-137.0249494140625,-0.5482721801757812,-5.082890124511718,-11.808202587890625,4.2137949218749995,-0.17477672119140625,-8.559270935058594,0.14508650348003077,0.2007881668869118,0.07221911829388948,2.3546973327636715,-1.1552023010253905,-9.83178911743164,1.1928170686875863,1.4032317259816842,0.841562603979512,4.832189075261279,1.037032996872594,10.169819638780622,0
Yuksel_Atmaca_2020_DrivingBehaviorDataset,,Sudden Right Turn,TURN,harsh,264,2.164700329589843,-1.643790454101562,-9.802545654296873,0.13731119330341932,0.20304956967005353,0.07320717868025582,-7.0509868979644805,-15.969722731702422,-6.894053190061405,14.070579546086009,19.378773201418433,11.816569258793614,30.30580461425781,-23.013066357421874,-137.23563916015624,-0.5482721801757812,-5.082890124511718,-11.808202587890625,4.2137949218749995,-0.17477672119140625,-8.559270935058594,0.13731119330341932,0.20304956967005353,0.07320717868025386,2.3546973327636715,-1.0187328063964842,-9.83178911743164,1.1604149317416526,1.4111116406595308,0.8472999343825754,4.817705482595623,1.0372968929576738,10.172407575323371,0
Yuksel_Atmaca_2020_DrivingBehaviorDataset,,Sudden Right Turn,TURN,harsh,265,2.224213342285156,-1.6819266662597656,-9.874713732910156,0.1491225950117294,0.1980755613798129,0.07471158386468747,-6.765009572226474,-15.819978884564263,-4.2204531091956285,9.61237224456335,19.691674378545674,7.559004209827488,31.138986791992185,-23.546973327636717,-138.24599226074218,-0.5482721801757812,-5.082890124511718,-11.808202587890625,4.2137949218749995,-0.17477672119140625,-8.559270935058594,0.1491225950117294,0.1980755613798129,0.07471158386468747,2.3546973327636715,-1.1552023010253905,-9.981426721191406,1.2092944622265402,1.3937208127904777,0.8559616544604352,4.794956472060436,1.0463201359292054,10.26089536101014,0
Yuksel_Atmaca_2020_DrivingBehaviorDataset,,Sudden Right Turn,TURN,harsh,266,2.1270771606445305,-1.68551796875,-9.885829669189452,0.14343831875736876,0.1975434890889198,0.07270521247834051,-4.787062946010924,-15.817668625309334,-4.400570239276969,10.300166494134006,19.75821936704782,8.950850351992894,29.779080249023437,-23.5972515625,-138.40161536865233,-0.5482721801757812,-5.082890124511718,-11.808202587890625,4.2137949218749995,-0.17477672119140625,-8.559270935058594,0.14343831875736876,0.19754348908892078,0.07270521247833855,2.031480108642578,-1.1563994018554686,-9.981426721191406,1.186022507645598,1.391847641544815,0.8443900591259376,4.732351349881829,1.0453710482263772,10.2515879900892,0
Yuksel_Atmaca_2020_DrivingBehaviorDataset,,Sudden Right Turn,TURN,harsh,267,2.0687612487792966,-1.7893237121582026,-9.803400726318358,0.1563712477540733,0.19802500987133148,0.07378263405733111,-3.876229425788609,-13.455265448049406,-7.042202354668779,3.6480220047316916,13.56436293341188,10.806757640416693,28.962657482910153,-25.05053197021484,-137.24761016845702,-0.5482721801757812,-5.082890124511718,-11.808202587890625,4.2137949218749995,-0.17477672119140625,-8.559270935058594,0.15637124775407427,0.19802500987133148,0.07378263405733308,2.031480108642578,-1.3000515014648437,-9.83178911743164,1.2383368268720312,1.393542953430104,0.8506235761359712,4.660007959758782,1.0378492991096477,10.177824829113625,0
Yuksel_Atmaca_2020_DrivingBehaviorDataset,,Sudden Right Turn,TURN,harsh,268,1.9351989990234373,-2.126393103027343,-9.793652905273436,0.193361228544895,0.24069674897606494,0.07316296056279908,-3.3626916775372084,-10.66247906706775,-7.477942374789887,-4.567347640612391,-1.7520994485858172,12.057338477517844,27.092785986328124,-29.76950344238281,-137.11114067382812,-0.5482721801757812,-5.082890124511718,-11.808202587890625,4.2137949218749995,-0.6847416748046875,-8.559270935058594,0.193361228544895,0.24069674897606594,0.07316296056279713,2.031480108642578,-1.3287819213867187,-9.83178911743164,1.377035181798127,1.5363686970731132,0.8470440054702912,4.355102083728021,1.0408209969220965,10.206967229466075,0
Yuksel_Atmaca_2020_DrivingBehaviorDataset,,Sudden Right Turn,TURN,harsh,269,1.6193353942871087,-2.4243001953124996,-9.89797169189453,0.31341763434902903,0.31191740110929134,0.06041697900937317,-6.631987157315498,-7.456058599238414,-8.934560219135946,1.2390574583972973,-10.368260659516308,18.992645846054966,22.670695520019528,-33.940202734375,-138.57160368652342,-2.1643583007812497,-5.449202978515625,-11.808202587890625,4.2137949218749995,-0.6847416748046875,-8.683769421386717,0.3134176343490301,0.3119174011092923,0.06041697900937023,1.7836802368164062,-1.7908628417968748,-9.967061511230469,1.753162013017883,1.7489610577678512,0.769732529650559,5.20724081466837,1.0521836985605895,10.318397267489203,0
Yuksel_Atmaca_2020_DrivingBehaviorDataset,,Sudden Right Turn,TURN,harsh,270,1.7474251831054681,-2.7801811706542967,-9.958339776611329,0.342069930672187,0.3576924311595464,0.07494781099958957,-7.111504577038512,-4.774640816399533,-8.747111921839874,-1.114810977131453,-15.181922874506263,7.564125938063004,24.46395256347656,-38.92253638916016,-139.41675687255858,-2.1643583007812497,-5.679046337890624,-11.808202587890625,4.2137949218749995,-0.6847416748046875,-8.683769421386717,0.342069930672187,0.3576924311595464,0.07494781099958957,2.1068974609374997,-2.365471240234375,-9.967061511230469,1.831545818598706,1.8729026883505648,0.8573137994568439,5.208402989706072,1.069251262727466,10.485772895626303,0
Yuksel_Atmaca_2020_DrivingBehaviorDataset,,Sudden Right Turn,TURN,harsh,271,1.8703845397949208,-2.7712884216308593,-9.925505010986328,0.3016569254621855,0.35827862311177433,0.08137935031503533,-8.985721374878379,-4.9210717573419975,-7.5587747567972015,8.565844378667004,-15.12877451988953,4.8484819002973625,26.185383557128905,-38.79803790283203,-138.9570701538086,-2.1643583007812497,-5.679046337890624,-11.808202587890625,4.2137949218749995,-0.6847416748046875,-8.683769421386717,0.3016569254621865,0.35827862311177533,0.08137935031503336,2.1068974609374997,-2.3295582153320313,-9.967061511230469,1.7199546180302985,1.8744367312179668,0.8933413713507992,5.317777360442359,1.0679989252852895,10.473491660648985,0
Yuksel_Atmaca_2020_DrivingBehaviorDataset,,Sudden Right Turn,TURN,harsh,272,1.8507178833007811,-2.560256646728515,-9.981939764404295,0.3071028548868795,0.35732745826095325,0.07053499189833204,-8.584219180198136,-7.954200736825688,-9.822549362522983,6.7004967710879235,-11.094947218204178,9.0004427317218,25.910050366210935,-35.84359305419922,-139.74715670166015,-2.1643583007812497,-5.679046337890624,-11.808202587890625,4.2137949218749995,-0.6847416748046875,-8.820238916015624,0.30710285488688044,0.35732745826095325,0.0705349918983291,2.1068974609374997,-1.7908628417968748,-9.967061511230469,1.7354106752801843,1.8719469326224991,0.8316922377296524,5.402121972163349,1.0676345586725025,10.469918444805696,0
Yuksel_Atmaca_2020_DrivingBehaviorDataset,,Sudden Right Turn,TURN,harsh,273,1.8527700561523432,-2.2481553588867187,-9.834867376708985,0.3070559903626258,0.32346685993121155,0.042423086062185957,-8.626621020043457,-11.834368708349457,-9.012600142752051,6.769540304750027,-0.26201907361586807,20.526758411929183,25.93878078613281,-31.47417502441406,-137.68814327392576,-2.1643583007812497,-5.679046337890624,-11.44667813720703,4.2137949218749995,-0.6847416748046875,-8.820238916015624,0.3070559903626258,0.3234668599312125,0.04242308606218694,2.1068974609374997,-1.3287819213867187,-9.83178911743164,1.7352782566175502,1.781046400839806,0.6450026022674274,5.5232478736290345,1.0459503916609214,10.257269408381575,0
Yuksel_Atmaca_2020_DrivingBehaviorDataset,,Sudden Right Turn,TURN,harsh,274,1.8038599365234367,-2.1440075866699217,-9.822041296386718,0.30403768633053757,0.3390064867765856,0.04289929476105119,-7.81972957529381,-12.540612321655223,-9.48361654585778,6.3555509883537775,0.48301527513384646,20.261477021997532,25.254039111328122,-30.016106213378904,-137.50857814941406,-2.1643583007812497,-5.679046337890624,-11.44667813720703,4.2137949218749995,-0.6847416748046875,-8.820238916015624,0.30403768633053857,0.3390064867765856,0.04289929476105119,1.7645266235351562,-1.265335577392578,-9.83178911743164,1.7267284606021231,1.82332607164698,0.6486126494052282,5.557220511736073,1.041525053612944,10.213871667013377,0
Yuksel_Atmaca_2020_DrivingBehaviorDataset,,Sudden Right Turn,TURN,harsh,275,1.6335295898437499,-2.1241699157714833,-9.80442681274414,0.2553005851809791,0.34453889011270683,0.042984972181113835,-9.56183768556798,-12.416105456985196,-10.372380949745148,11.608077663352658,0.23530453488065856,21.50013632735668,22.869414257812497,-29.73837882080078,-137.26197537841796,-2.1643583007812497,-5.679046337890624,-11.44667813720703,3.5984850952148437,-0.6847416748046875,-8.820238916015624,0.2553005851809791,0.34453889011270683,0.04298497218111286,1.7645266235351562,-1.265335577392578,-9.708487731933593,1.5822905812982184,1.8381437122063617,0.6492600229799419,5.455097452749557,1.0364415948821732,10.164019966451264,0
Yuksel_Atmaca_2020_DrivingBehaviorDataset,,Sudden Right Turn,TURN,harsh,276,1.556744122314452,-2.1387061401367187,-9.824264483642578,0.24354079161687542,0.34024501479268016,0.042064767720492675,-8.963727879711161,-12.53678582887261,-9.784018448418612,13.390048962951449,0.43662342535815213,22.285135405330205,21.794417712402343,-29.94188596191406,-137.5397027709961,-2.1643583007812497,-5.679046337890624,-11.44667813720703,3.5984850952148437,-0.7134720947265625,-8.820238916015624,0.24354079161687542,0.3402450147926811,0.042064767720491704,1.7621324218749999,-1.265335577392578,-9.745597857666015,1.545418811879043,1.8266537094689415,0.6422728815434811,5.386356655687889,1.0374763780952654,10.174167723247935,0
Yuksel_Atmaca_2020_DrivingBehaviorDataset,,Sudden Right Turn,TURN,harsh,277,1.4671325744628905,-2.0957815246582023,-9.808018115234374,0.22542259141837087,0.3505787483755207,0.041641583507337154,-8.89956239439002,-12.462967106054837,-10.768349999218298,17.408747827776143,0.1123294420721055,24.924429803120354,20.53985604248047,-29.34094134521484,-137.31225361328123,-2.1643583007812497,-5.679046337890624,-11.44667813720703,3.5984850952148437,-0.7134720947265625,-8.820238916015624,0.22542259141837187,0.35057874837552166,0.0416415835073352,1.7621324218749999,-1.121683477783203,-9.745597857666015,1.486822267835997,1.8541852881405378,0.63903398571767,5.358425082647182,1.0336019666629581,10.136172726375296,0
Yuksel_Atmaca_2020_DrivingBehaviorDataset,,Sudden Right Turn,TURN,harsh,278,1.3959905822753902,-2.0742337097167964,-9.773644219970704,0.21198994438086471,0.3564011259554666,0.04037438180205842,-8.73202943138202,-12.365769816900116,-12.942108147552812,21.186134239271805,-0.11701176641517579,32.31301098030756,19.543868151855467,-29.039271936035153,-136.83101907958982,-2.1643583007812497,-5.679046337890624,-11.44667813720703,3.5984850952148437,-0.7038952880859375,-8.820238916015624,0.21198994438086566,0.3564011259554675,0.04037438180205842,1.7621324218749999,-1.121683477783203,-9.730035546875,1.4418429831512927,1.869518949315889,0.6292355928419482,5.335709956654998,1.02872818944245,10.088377298995802,0
Yuksel_Atmaca_2020_DrivingBehaviorDataset,,Sudden Right Turn,TURN,harsh,279,1.2737152832031249,-2.034900396728515,-9.731403662109374,0.1764357741672253,0.3649875598154385,0.03675147337821838,-11.951370495179404,-12.419678758822474,-16.12660282718296,32.3585385790394,-0.26427854678287543,50.707974369384466,17.83201396484375,-28.488605554199218,-136.23965126953124,-2.1643583007812497,-5.679046337890624,-11.44667813720703,3.5984850952148437,-0.7038952880859375,-8.820238916015624,0.1764357741672263,0.3649875598154385,0.0367514733782174,1.7621324218749999,-0.9612719665527343,-9.730035546875,1.3153873515953498,1.8919051914575624,0.6003406003299268,5.295499611396547,1.0220761009237496,10.023142595123888,0
Yuksel_Atmaca_2020_DrivingBehaviorDataset,,Sudden Right Turn,TURN,harsh,280,1.2879094787597647,-2.007367077636718,-9.764751470947266,0.1782460352479256,0.37212063780656135,0.033980213347650286,-12.05909527062517,-12.349325189026564,-17.108620996334192,31.70401564439325,-0.4907331522524065,58.65416891984516,18.03073270263672,-28.103139086914062,-136.7065205932617,-2.1643583007812497,-5.679046337890624,-11.44667813720703,3.5984850952148437,-0.6488286499023437,-8.820238916015624,0.17824603524792657,0.3721206378065623,0.03398021334764931,1.7645266235351562,-0.8379705810546875,-9.730035546875,1.3221181798780632,1.9103028170281613,0.5772625565769279,5.313027265364955,1.0249979445781958,10.051796093197764,0
Yuksel_Atmaca_2020_DrivingBehaviorDataset,,Sudden Right Turn,TURN,harsh,281,1.3621297302246085,-1.884920764160156,-9.805452899169921,0.17619984892824492,0.3806749550791884,0.031369109103196506,-14.09184140077038,-13.86979141894276,-17.654683969961617,37.32488983383656,2.4722289114593536,66.56771519990203,19.06981622314453,-26.388890698242186,-137.2763405883789,-2.1643583007812497,-5.679046337890624,-11.44667813720703,3.5984850952148437,-0.6488286499023437,-8.820238916015624,0.17619984892824492,0.3806749550791884,0.03136910910319749,1.7645266235351562,-0.7864952453613281,-9.745597857666015,1.3145076068597623,1.9321351009252254,0.5546403102794393,5.433702879623903,1.027615087533796,10.077461498163299,0
Yuksel_Atmaca_2020_DrivingBehaviorDataset,,Sudden Right Turn,TURN,harsh,282,1.5117673339843742,-1.5835933837890617,-9.773473205566406,0.1570258448256886,0.3111718209573854,0.03132406558944491,-19.10333603191757,-19.96169445911282,-19.558980009096718,65.0327958811525,28.10036387047131,72.72255101875812,21.16474267578125,-22.170307373046874,-136.82862487792968,-2.1643583007812497,-5.679046337890624,-11.44667813720703,3.5984850952148437,-0.6488286499023437,-8.820238916015624,0.1570258448256896,0.3111718209573854,0.03132406558944491,1.7800889343261719,-0.7781155395507812,-9.730035546875,1.2409260659522998,1.7468695251768949,0.5542419578241413,5.752064787978895,1.0213158463585221,10.015687044691802,0
Yuksel_Atmaca_2020_DrivingBehaviorDataset,,Sudden Right Turn,TURN,harsh,283,1.7898367553710934,-1.2473790649414063,-9.75021524658203,0.042900823510609316,0.18709934189044475,0.030838360015702386,10.794389937273024,-30.856741178475627,-21.393759774596965,56.94897537792423,100.77089118254474,80.947244042703,25.057714575195313,-17.463306909179686,-136.50301345214842,0.46208092041015625,-5.679046337890624,-11.44667813720703,3.5984850952148437,-0.6488286499023437,-8.820238916015624,0.042900823510610295,0.18709934189044475,0.030838360015703364,1.7800889343261719,-0.7565677246093749,-9.706093530273437,0.6486242062090556,1.354554451157257,0.5499281800817252,5.078274310690241,1.018829528366633,9.99130459435664,0
Yuksel_Atmaca_2020_DrivingBehaviorDataset,,Sudden Right Turn,TURN,harsh,284,1.6677324707031247,-0.8808951965332025,-9.627084875488281,0.015681437636796813,0.022130669980208954,0.0066044678683458095,-26.424728323653408,-30.92265552130204,26.82876439397921,73.33655204566813,103.67791448540575,85.13323157159172,23.348254589843748,-12.332532751464843,-134.77918825683594,0.46208092041015625,-2.4133552734375,-9.847351428222655,1.9608511596679685,-0.5482721801757812,-8.820238916015624,0.015681437636796813,0.022130669980209936,0.0066044678683458095,1.7800889343261719,-0.7338228088378905,-9.706093530273437,0.3921509535891761,0.46586235602528203,0.2544949995994289,2.110220355874409,1.0003518495496497,9.810100465386073,0
Yuksel_Atmaca_2020_DrivingBehaviorDataset,,Sudden Left Turn,TURN,harsh,0,3.333327261352539,-1.3479355346679687,-9.595960253906249,0.07240175515587104,0.03598589529792371,0.02634946742455156,-6.73870447707776,1.5147583621464624,19.070184128144646,8.256046035350009,12.457060295218058,37.43593112754078,13.333309045410155,-5.391742138671875,-38.383841015624995,2.224213342285156,-2.0566192260742184,-9.909600671386718,4.2305543334960936,-0.6081272216796875,-8.836998327636719,0.07240175515587104,0.03598589529792371,0.02634946742455156,3.4392706848144527,-1.3634978454589843,-9.81862100830078,0.842626057156628,0.5940547787227982,0.5083306057271973,1.53410339643791,1.044950197852064,10.247460857765944,0
Yuksel_Atmaca_2020_DrivingBehaviorDataset,,Sudden Left Turn,TURN,harsh,1,3.3825281054687495,-1.3378798876953124,-9.640492404785155,0.05553554164350014,0.027040976304112993,0.020773206533194054,-9.393081806895193,0.49958262906667605,21.39386714378412,17.546629227582393,17.51535770905986,47.196897381259696,16.91264052734375,-6.6893994384765625,-48.202462023925776,2.224213342285156,-2.0566192260742184,-9.909600671386718,4.2305543334960936,-0.6081272216796875,-8.836998327636719,0.05553554164350014,0.027040976304112993,0.020773206533193075,3.5793314819335937,-1.2976572998046874,-9.81862100830078,0.7379821267877914,0.5149576587184016,0.451348607894987,1.58739874517356,1.050706168402993,10.303907646369211,0
Yuksel_Atmaca_2020_DrivingBehaviorDataset,,Sudden Left Turn,TURN,harsh,2,3.130817704264323,-1.2469800313313797,-9.49021634724935,0.08319281834403588,0.026688197859624552,0.03043545079002658,-4.761478403391254,-4.008534979772895,9.405230897575855,-12.305190426745813,2.8532839864492883,-17.54505209049156,18.784906225585935,-7.481880187988281,-56.94129808349609,1.8722656982421875,-2.0566192260742184,-9.909600671386718,4.2305543334960936,-0.6081272216796875,-8.738836059570312,0.08319281834403588,0.026688197859624552,0.03043545079002756,3.414131567382812,-1.2976572998046874,-9.804255798339844,0.9032401961901091,0.5115875443558919,0.5463239089496503,1.6745271315326027,1.026936676446981,10.070808558078786,0
Yuksel_Atmaca_2020_DrivingBehaviorDataset,,Sudden Left Turn,TURN,harsh,3,2.685610205078125,-1.312364538574218,-9.591855908203124,0.2108097122530138,0.02529176114797562,0.03273687212566518,-10.989488924005316,0.28813842137275475,9.507955952933907,9.823390539523903,-4.622246016804717,-8.060312435213316,18.799271435546874,-9.18655177001953,-67.14299135742188,0.0143652099609375,-2.0566192260742184,-10.20169327392578,4.2305543334960936,-0.6081272216796875,-8.738836059570312,0.2108097122530138,0.02529176114797562,0.03273687212566518,3.248931652832031,-1.2976572998046874,-9.81862100830078,1.4378237251714896,0.4980235430798404,0.5666030771458587,2.9012252111764596,1.024490070126351,10.04681554620458,0
Yuksel_Atmaca_2020_DrivingBehaviorDataset,,Sudden Left Turn,TURN,harsh,4,2.6785131072998047,-1.285087741088867,-9.61481459197998,0.18073512857705257,0.022285606820881133,0.02849017098732236,-11.091941640344043,-1.8173823015032327,11.186799552596554,14.268436575474098,-1.8737975465083805,-1.2209867100527274,21.428104858398438,-10.280701928710936,-76.91851673583984,0.0143652099609375,-2.0566192260742184,-10.20169327392578,4.2305543334960936,-0.6081272216796875,-8.738836059570312,0.18073512857705257,0.022285606820881133,0.02849017098732236,2.938882537841797,-1.2976572998046874,-9.804255798339844,1.331317448492342,0.46749026313923997,0.5285765179355117,2.908656604080551,1.026173730815143,10.063326617298323,0
Yuksel_Atmaca_2020_DrivingBehaviorDataset,,Sudden Left Turn,TURN,harsh,5,2.757854290093316,-1.2660006334092881,-9.606069105360243,0.16392046108113317,0.01983425654835085,0.02499909196562296,-12.924135411925946,-3.3713529052007623,10.821685427888953,19.520881093763943,1.5124666291575768,1.377026099332828,24.82068861083984,-11.394005700683593,-86.45462194824218,0.0143652099609375,-2.0566192260742184,-10.20169327392578,4.2305543334960936,-0.6081272216796875,-8.738836059570312,0.16392046108113317,0.01983425654835085,0.02499909196562198,3.248931652832031,-1.2976572998046874,-9.789890588378906,1.2678764094584696,0.4410301712807103,0.49513366399859177,2.9839408921061352,1.027260116570245,10.073980422163594,0
Yuksel_Atmaca_2020_DrivingBehaviorDataset,,Sudden Left Turn,TURN,harsh,6,2.5799917089843745,-1.042435402832031,-9.526049565429688,0.17796589860028636,0.0685973067585619,0.028750787262384718,-8.212776657509846,16.831281632108745,6.655506248114083,-0.08920163453687466,41.21266247150713,-11.989681815824795,25.79991708984375,-10.424354028320312,-95.26049565429688,0.0143652099609375,-2.0566192260742184,-10.20169327392578,4.2305543334960936,0.9696516723632812,-8.738836059570312,0.17796589860028636,0.0685973067585619,0.028750787262386678,2.938882537841797,-1.2054805358886718,-9.782707983398437,1.3210788316782998,0.8201888674713029,0.5309886137260238,3.354197196717374,1.0119811306219566,9.924144754613812,0
Yuksel_Atmaca_2020_DrivingBehaviorDataset,,Sudden Left Turn,TURN,harsh,7,2.4490506436434654,-0.7300138516512776,-9.66343320978338,0.1794012777122037,0.17122241362295293,0.04704674279299647,-5.1130884067689015,17.260569438553176,-3.0202686915531354,-7.340945395193685,28.07360084149035,4.6683842162061895,26.939557080078124,-8.030152368164062,-106.29776530761718,0.0143652099609375,-2.0566192260742184,-11.037269653320312,4.2305543334960936,2.39420166015625,-8.738836059570312,0.1794012777122037,0.17122241362295293,0.04704674279299647,2.6288334228515624,-1.1133037719726562,-9.789890588378906,1.3263956951364044,1.2958079651536096,0.6792429169383649,4.192355220970052,1.0192710641340073,9.995634581089762,0
Yuksel_Atmaca_2020_DrivingBehaviorDataset,,Sudden Left Turn,TURN,harsh,8,2.388814706420898,-0.26416024983723924,-9.694721072387695,0.16753195762180426,0.4212147987168837,0.04396764355010548,-3.5886813186738213,18.008166940349554,-1.5002791415559662,-7.559308362029369,29.42576729557599,4.7726625125328965,28.66577647705078,-3.1699229980468746,-116.33665286865234,0.0143652099609375,-2.0566192260742184,-11.037269653320312,4.2305543334960936,4.860229370117187,-8.738836059570312,0.16753195762180426,0.4212147987168837,0.04396764355010548,2.426523382568359,-1.1037269653320312,-9.804255798339844,1.2817672457243825,2.0324138618492387,0.6566393923765516,5.805154268449704,1.0185113846654668,9.9881846704296,0
Yuksel_Atmaca_2020_DrivingBehaviorDataset,,Sudden Left Turn,TURN,harsh,9,2.321823102276141,0.24807612586388136,-9.522660849233773,0.15952022775675223,0.7339407398760691,0.0795486106276892,-1.9487289069102334,15.111628543646082,8.264093578032462,-8.181948637616099,12.959078412167138,16.21690857971495,30.183700329589843,3.2249896362304686,-123.79459104003905,0.0143652099609375,-2.0566192260742184,-11.037269653320312,4.2305543334960936,6.394912634277343,-7.4579381713867186,0.15952022775675223,0.7339407398760701,0.0795486106276892,2.224213342285156,-1.0941501586914062,-9.789890588378906,1.2507433955575198,2.6828156769904377,0.8832357456602571,6.882662328081207,0.9998080810791525,9.804767918314871,1
Yuksel_Atmaca_2020_DrivingBehaviorDataset,,Sudden Left Turn,TURN,harsh,10,2.417117590332031,0.23052741699218732,-9.503270446777343,0.16021355743270624,0.6779234003910645,0.07396624779884475,-3.3179377246357946,15.744778300816678,7.6459125348593595,-8.603108677874372,16.461452087124716,17.534197898878787,33.83964626464844,3.227383837890625,-133.0457862548828,0.0143652099609375,-2.0566192260742184,-11.037269653320312,4.2305543334960936,6.394912634277343,-7.4579381713867186,0.16021355743270624,0.6779234003910645,0.07396624779884574,2.426523382568359,-0.9433154541015625,-9.782707983398437,1.2534585286308644,2.578402124270967,0.851681339455407,6.925044998064439,1.0001942472683782,9.80855491497444,1
Yuksel_Atmaca_2020_DrivingBehaviorDataset,,Sudden Left Turn,TURN,harsh,11,2.3940306457519522,0.26267812499999915,-9.485997991943359,0.16195262246257977,0.6686080998512409,0.07285071346564923,-2.6930765530019705,15.765378499778203,7.211982481971041,-9.49134693982753,16.771214993821115,18.332328105987806,33.51642904052734,3.67749375,-132.803971887207,0.0143652099609375,-2.0566192260742184,-11.037269653320312,4.2305543334960936,6.394912634277343,-7.4579381713867186,0.16195262246257977,0.6686080998512409,0.07285071346564923,2.2649147705078123,-0.8200140686035156,-9.721655841064452,1.2602431055445844,2.5606260215826473,0.8452345527768663,6.883322911125601,0.9979919411772188,9.786957669945572,1
Yuksel_Atmaca_2020_DrivingBehaviorDataset,,Sudden Left Turn,TURN,harsh,12,2.3892422424316395,0.2296723449707024,-9.40220093383789,0.16108627109561946,0.6824288983284277,0.07728228865391959,-2.6442428420933304,15.46496521040129,4.199407612740591,-9.31535973394968,16.006870171239456,10.19579696003133,33.44939139404297,3.2154128295898436,-131.63081307373045,0.0143652099609375,-2.0566192260742184,-11.037269653320312,4.2305543334960936,6.394912634277343,-7.4579381713867186,0.16108627109561946,0.6824288983284277,0.0772822886539186,2.2649147705078123,-0.8200140686035156,-9.60194575805664,1.256867805475125,2.586956001905034,0.8705632406826965,6.886972225419596,0.989506312154753,9.703742076092407,1
Yuksel_Atmaca_2020_DrivingBehaviorDataset,,Sudden Left Turn,TURN,harsh,13,2.3160480773925776,0.2580607360839842,-9.362696606445311,0.13913406977962892,0.6693244314270514,0.0756478980055235,-4.2869274359647305,15.81377152840788,2.8840202605813134,-8.619768029797783,16.755359438794162,11.282451799153751,32.42467308349609,3.612850305175781,-131.07775249023436,0.0143652099609375,-1.8914193115234375,-11.037269653320312,3.6559459350585937,6.394912634277343,-7.4579381713867186,0.13913406977962892,0.6693244314270524,0.07564789800552155,2.2649147705078123,-0.8200140686035156,-9.415198028564452,1.1680920877244252,2.5619973527414315,0.8613085736110225,6.8254523614566835,0.9838584422551567,9.648355392741532,1
Yuksel_Atmaca_2020_DrivingBehaviorDataset,,Sudden Left Turn,TURN,harsh,14,2.3352016906738275,0.22898828735351506,-9.41861831665039,0.1451836015585519,0.6760618491203737,0.0736556450709681,-3.6969644817102436,15.892627696635598,5.031083260389132,-8.747403471790664,16.699279897803912,15.20068593014318,32.692823669433594,3.2058360229492187,-131.86065643310545,0.0143652099609375,-1.8914193115234375,-11.037269653320312,3.897760302734375,6.394912634277343,-7.4579381713867186,0.1451836015585519,0.6760618491203737,0.07365564507097005,2.2649147705078123,-0.9313444458007812,-9.578003741455078,1.1932161439672935,2.574859594750035,0.8498912470047141,6.87380328888069,0.9897866560750952,9.706491310798832,1
Yuksel_Atmaca_2020_DrivingBehaviorDataset,,Sudden Left Turn,TURN,harsh,15,2.3391350219726563,0.1964955505371091,-9.386125579833985,0.14628046973118358,0.68846386202333,0.07230828999865471,-3.631316881661967,15.682538891319105,3.941817672428043,-8.85114461915833,16.076188626677748,16.159112782137115,32.74789030761718,2.750937707519531,-131.40575811767576,0.0143652099609375,-1.8914193115234375,-11.037269653320312,3.897760302734375,6.394912634277343,-7.4579381713867186,0.14628046973118358,0.68846386202333,0.07230828999865471,2.2649147705078123,-0.9313444458007812,-9.449913952636718,1.1977150614771932,2.5983695142360124,0.8420819984510486,6.895131304401562,0.9865959437473831,9.675201111750274,1
Yuksel_Atmaca_2020_DrivingBehaviorDataset,,Sudden Left Turn,TURN,harsh,16,2.334859661865233,0.15630716552734358,-9.480012487792967,0.14674495587566666,0.6994989126773972,0.07154482411925632,-3.514383213492123,15.704012293927729,7.018859046008225,-9.085705781191045,15.809662259919907,20.481440344347885,32.68803526611328,2.1883003173828124,-132.72017482910155,0.0143652099609375,-1.8914193115234375,-11.037269653320312,3.897760302734375,6.394912634277343,-7.4579381713867186,0.14674495587566666,0.6994989126773982,0.07154482411925533,2.2649147705078123,-1.054645831298828,-9.578003741455078,1.1996151139170055,2.619110729237655,0.8376246471117614,6.956556420895745,0.995708047593811,9.764560324935845,1
Yuksel_Atmaca_2020_DrivingBehaviorDataset,,Sudden Left Turn,TURN,harsh,17,2.493732043457031,0.0896115478515618,-9.518661743164063,0.10180848992100029,0.7331097563656468,0.07980337331570052,-0.5660763433029795,14.78816415828346,5.376718893914034,-15.082636406982282,14.105083065064028,14.622565480157228,34.912248608398436,1.254561669921875,-133.26126440429687,0.9792284790039062,-2.6384102294921874,-11.037269653320312,3.897760302734375,6.394912634277343,-7.4579381713867186,0.10180848992100126,0.7331097563656468,0.07980337331570052,2.433705987548828,-1.054645831298828,-9.578003741455078,0.999199793676813,2.681296476009913,0.8846489421948238,6.8041990326931305,1.0034321068401741,9.840307470544193,1
Yuksel_Atmaca_2020_DrivingBehaviorDataset,,Sudden Left Turn,TURN,harsh,18,2.5807783752441398,0.028730419921875,-9.506519720458984,0.11520840694434349,0.7542297269770724,0.07932884752601253,-1.4715032037356266,14.6431438506664,4.973396188211683,-16.844458543594875,13.321278303203693,14.850291855886272,36.13089725341796,0.40222587890625,-133.09127608642578,0.9792284790039062,-2.6384102294921874,-11.037269653320312,3.897760302734375,6.394912634277343,-7.4579381713867186,0.11520840694434349,0.7542297269770724,0.07932884752601352,2.710236279296875,-1.064222637939453,-9.570821136474608,1.062924514704947,2.7196446370913447,0.8820148766267969,6.876767003448809,1.0044859968594089,9.850642601101322,1
Yuksel_Atmaca_2020_DrivingBehaviorDataset,,Sudden Left Turn,TURN,harsh,19,2.568636352539062,0.040701428222656245,-9.41040962524414,0.11325398092636653,0.7514316656543651,0.0918913148993476,-1.3177678191438371,14.598469878249915,2.8459453200236355,-16.47231069955507,13.33106781340567,3.3717026248962476,35.960908935546875,0.5698199951171875,-131.74573475341796,0.9792284790039062,-2.6384102294921874,-11.037269653320312,3.897760302734375,6.394912634277343,-7.4579381713867186,0.11325398092636653,0.7514316656543651,0.0918913148993476,2.710236279296875,-0.9804255798339843,-9.484629876708984,1.0538700830992187,2.714595244965515,0.9492870815815914,6.834790575996797,0.9947087760690704,9.754760818837749,1
Yuksel_Atmaca_2020_DrivingBehaviorDataset,,Sudden Left Turn,TURN,harsh,20,2.6715870239257806,0.03488693847656222,-9.367998052978514,0.09244653040308132,0.7502936208050976,0.10009039702266573,-1.4232244040988813,14.696768835323264,2.3904910930034564,-15.433067455869336,13.652228657086766,-1.404135902589646,37.402218334960935,0.488417138671875,-131.1519727416992,1.139639990234375,-2.6384102294921874,-11.037269653320312,3.897760302734375,6.394912634277343,-7.4579381713867186,0.09244653040308132,0.7502936208050976,0.10009039702266377,2.8012159423828122,-0.9804255798339843,-9.484629876708984,0.9521506012062295,2.7125388359373437,0.9907328055345259,6.815065466783761,0.9933626180338387,9.741559518141543,1
Yuksel_Atmaca_2020_DrivingBehaviorDataset,,Sudden Left Turn,TURN,harsh,21,2.7851405883789058,0.12449848632812499,-9.367656024169921,0.07264801604793594,0.8081924281271599,0.09996516802528607,-1.4285006802169689,13.396778390428763,2.4193177550329676,-15.337794624729613,6.808585425623712,-1.4285714455659353,38.99196823730468,1.7429788085937499,-131.1471843383789,1.5179238525390624,-2.6384102294921874,-11.03248125,3.897760302734375,6.394912634277343,-7.4579381713867186,0.07264801604793594,0.8081924281271599,0.09996516802528704,2.9556419494628905,-0.9804255798339843,-9.484629876708984,0.844057857363163,2.815254921901961,0.9901128294367185,6.676148149916477,0.9966414731324701,9.773714102494537,1
Yuksel_Atmaca_2020_DrivingBehaviorDataset,,Sudden Left Turn,TURN,harsh,22,2.78873189086914,0.1262086303710929,-9.356540087890625,0.07183119167032155,0.8099753483570538,0.09850281951198135,-1.359799891080159,13.395390329562956,2.2384542632780846,-15.334764526771492,6.763578651633607,-0.6648735805505074,39.04224647216797,1.7669208251953124,-130.99156123046873,1.5179238525390624,-2.6384102294921874,-11.03248125,3.897760302734375,6.394912634277343,-7.4579381713867186,0.07183119167032057,0.8099753483570538,0.09850281951198135,2.9556419494628905,-0.9804255798339843,-9.484629876708984,0.839299324313893,2.818358520480618,0.9828441763408787,6.672053072048131,0.9956618792055589,9.764107567711195,1
Yuksel_Atmaca_2020_DrivingBehaviorDataset,,Sudden Left Turn,TURN,harsh,23,2.8576506958007806,-0.20384916992187443,-9.628452990722655,0.059376157493315776,0.5110712158877111,0.09066939115891083,-0.9101144672759536,12.855134498176398,-1.7491283800630169,-14.50026897191635,8.800750945010142,-4.2453881131104225,40.00710974121093,-2.85388837890625,-134.79834187011718,1.7764976318359373,-2.6384102294921874,-11.264718811035156,3.897760302734375,4.88417138671875,-8.190563879394531,0.059376157493315776,0.5110712158877111,0.09066939115891083,2.9556419494628905,-0.9804255798339843,-9.612719665527344,0.7630735186610976,2.238726544106097,0.9429543916905709,5.452908486967398,1.0243699235402401,10.045637310685896,0
Yuksel_Atmaca_2020_DrivingBehaviorDataset,,Sudden Left Turn,TURN,harsh,24,2.8569666381835934,-0.15955643920898382,-9.688650061035156,0.0592568893345495,0.5158783014268827,0.09085479379433807,-0.9180039400592741,12.042834217809519,0.2865950937678036,-14.479511672696143,6.630717422823416,-4.622585754909271,39.99753293457031,-2.233790148925781,-135.64110085449218,1.7764976318359373,-2.6384102294921874,-11.264718811035156,3.897760302734375,4.88417138671875,-8.190563879394531,0.0592568893345495,0.5158783014268827,0.09085479379433807,2.9556419494628905,-0.9804255798339843,-9.643844287109374,0.7623067452100022,2.249230522798395,0.9439179856127597,5.393569908737826,1.030153922474577,10.10235896383531,0
Yuksel_Atmaca_2020_DrivingBehaviorDataset,,Sudden Left Turn,TURN,harsh,25,2.863807214355468,-0.18435352783203124,-9.70045005493164,0.05788743805014178,0.5205030739463288,0.09099950150194043,-0.7744648757972379,12.199625455449677,0.711523843731279,-14.410050119486371,6.608681465266467,-4.693068849516761,40.09330100097656,-2.5809493896484375,-135.80630076904296,1.7764976318359373,-2.6384102294921874,-11.264718811035156,3.897760302734375,4.88417138671875,-8.190563879394531,0.05788743805014079,0.5205030739463288,0.09099950150194043,2.9556419494628905,-1.1049240661621094,-9.726444244384766,0.7534466433360905,2.259290036740694,0.944669392646977,5.414713628529439,1.0315482135111205,10.11603228802883,0
Yuksel_Atmaca_2020_DrivingBehaviorDataset,,Sudden Left Turn,TURN,harsh,26,2.91134921875,-0.1622926696777342,-9.732258734130859,0.06443553488437886,0.5129266971233939,0.0848728899133874,-1.1036022261952743,12.308116842448793,0.8135672772308954,-16.088337535839244,7.0353861000133175,-1.8216995251180017,40.758889062499996,-2.272097375488281,-136.251622277832,1.7764976318359373,-2.6384102294921874,-11.264718811035156,3.897760302734375,4.88417138671875,-8.190563879394531,0.06443553488437886,0.5129266971233939,0.08487288991338936,2.967612957763672,-1.1049240661621094,-9.726444244384766,0.7949193280917877,2.242786791994534,0.9123150365247408,5.397361449999758,1.0359993202404914,10.159682733836414,0
Yuksel_Atmaca_2020_DrivingBehaviorDataset,,Sudden Left Turn,TURN,harsh,27,2.9664158569335934,-0.18093323974609346,-9.726444244384766,0.07232613076292468,0.5195510869108712,0.08548045866615411,-1.4315179910675442,12.197921127138786,0.6512469259601399,-17.373858421903012,6.655126813427774,-2.2943397037296887,41.52982199707031,-2.5330653564453125,-136.17021942138672,1.7764976318359373,-2.6384102294921874,-11.264718811035156,3.976768957519531,4.88417138671875,-8.190563879394531,0.07232613076292468,0.5195510869108712,0.08548045866615508,2.9759926635742184,-1.1049240661621094,-9.726444244384766,0.8421858763041825,2.2572229988316383,0.9155746501397083,5.425631659250245,1.0370873713863247,10.1703528706057,0
Yuksel_Atmaca_2020_DrivingBehaviorDataset,,Sudden Left Turn,TURN,harsh,28,2.947946301269531,-0.19820569458007795,-9.745939886474607,0.06903513121100559,0.5231416218146672,0.08556686513274708,-1.559736541697988,12.283915130984798,1.374207885485882,-17.06478248023497,6.59337223362826,-2.2475310257246424,41.27124821777343,-2.7748797241210936,-136.44315841064451,1.7764976318359373,-2.6384102294921874,-11.264718811035156,3.976768957519531,4.88417138671875,-8.190563879394531,0.06903513121100559,0.5231416218146682,0.08556686513274905,2.9759926635742184,-1.22583125,-9.858125335693359,0.8228021448017799,2.265009224168594,0.9160372797840024,5.442613646496477,1.0384747916840795,10.183958815868678,0
Yuksel_Atmaca_2020_DrivingBehaviorDataset,,Sudden Left Turn,TURN,harsh,29,2.803097100830078,-0.11406660766601506,-9.683519628906248,0.07714971138135746,0.5045244583151652,0.09636919899491196,0.7917321234951238,11.967117938724463,0.7876290581215789,-16.737047512144994,7.03176492179441,-7.088632719072671,39.24335941162109,-1.5969325073242187,-135.5692748046875,1.6065093139648436,-2.6384102294921874,-11.264718811035156,3.976768957519531,4.88417138671875,-8.190563879394531,0.07714971138135746,0.5045244583151652,0.09636919899491098,2.606088507080078,-1.0702081420898437,-9.858125335693359,0.8698161973187145,2.2243414259363194,0.9721414533510284,5.377210822885002,1.0280485186038222,10.081712004966171,0
Yuksel_Atmaca_2020_DrivingBehaviorDataset,,Sudden Left Turn,TURN,harsh,30,2.789244934082031,-0.1677651306152341,-9.63255733642578,0.08043767591577305,0.523277796145012,0.09593851555860917,0.4121966625398275,11.688923325802847,-0.9242892192251724,-16.46047068818761,5.954795857280254,-6.813535051845558,39.04942907714844,-2.3487118286132813,-134.85580270996093,1.6065093139648436,-2.6384102294921874,-11.264718811035156,3.976768957519531,4.88417138671875,-8.190563879394531,0.08043767591577305,0.523277796145012,0.09593851555860917,2.606088507080078,-1.0702081420898437,-9.719261639404296,0.8881577193941489,2.2653039971636226,0.9699667229358124,5.440241443227761,1.0227412685749582,10.029665661470613,0
Yuksel_Atmaca_2020_DrivingBehaviorDataset,,Sudden Left Turn,TURN,harsh,31,2.793862322998046,-0.13031297607421805,-9.526699420166015,0.07990966958483746,0.5049575537071777,0.0861236768308752,0.3034469066582308,12.36867194236924,-3.4492036043975483,-16.26113560924889,6.8942361148131095,-0.9825367532695611,39.11407252197265,-1.8243816650390623,-133.3737918823242,1.6065093139648436,-2.114080065917969,-11.264718811035156,3.976768957519531,4.88417138671875,-8.190563879394531,0.07990966958483746,0.5049575537071777,0.08612367683087421,2.606088507080078,-1.0702081420898437,-9.472658868408203,0.8852379122214287,2.2252959340416942,0.9190129244975241,5.4383427618891895,1.01245367962286,9.92877887727352,0
Yuksel_Atmaca_2020_DrivingBehaviorDataset,,Sudden Left Turn,TURN,harsh,32,2.684071075439453,-0.0528434509277341,-9.557482012939452,0.07171161519231606,0.48262366923219874,0.08800943437344613,2.9641709185091205,12.492863836137596,-2.3460945605853962,-13.437853745947901,8.00102701543862,-2.955785243859678,37.57699505615234,-0.7398083129882812,-133.80474818115235,1.6065093139648436,-2.114080065917969,-11.264718811035156,3.976768957519531,4.88417138671875,-8.190563879394531,0.07171161519231703,0.48262366923219874,0.0880094343734471,2.4516625,-0.9038111267089843,-9.586383447265625,0.8386004478449411,2.1755278453460303,0.9290197627598514,5.381434827836153,1.0123090756893598,9.927360797109058,0
Yuksel_Atmaca_2020_DrivingBehaviorDataset,,Sudden Left Turn,TURN,harsh,33,2.6271232788085936,0.3654577819824213,-9.688137017822266,0.06960580442822902,0.650390367136895,0.07315469054155527,5.198804595065011,8.964087634116991,-1.5982500301405418,-10.645293253613872,-5.314698458081315,0.9560357320009527,36.77972590332031,5.116408947753906,-135.6339182495117,1.6065093139648436,-2.114080065917969,-11.264718811035156,3.976768957519531,4.910507604980468,-8.212111694335936,0.06960580442822803,0.650390367136895,0.07315469054155624,2.422932080078125,-0.718260498046875,-9.858125335693359,0.8261959585934145,2.5255000878802267,0.8469961310415496,4.996461898412521,1.0242709786132673,10.044666992417799,0
Yuksel_Atmaca_2020_DrivingBehaviorDataset,,Sudden Left Turn,TURN,harsh,34,2.5857377929687497,0.6428431457519531,-9.776209436035154,0.07392870993155694,0.792083611850899,0.05567682764988741,5.739565067160574,6.713308427077115,-5.2786886961587545,-11.54532959279051,-12.931804438671138,5.1517798107661665,36.200329101562495,8.999804040527343,-136.86693210449218,1.6065093139648436,-2.114080065917969,-11.264718811035156,3.976768957519531,4.910507604980468,-8.489839086914062,0.07392870993155694,0.792083611850899,0.055676827649886435,2.3678654418945313,-0.718260498046875,-9.858125335693359,0.8514651979090532,2.787057005545028,0.7389202676018325,4.72901552088557,1.0332576535260636,10.13279616795137,0
Yuksel_Atmaca_2020_DrivingBehaviorDataset,,Sudden Left Turn,TURN,harsh,35,2.4685929260253903,0.7254431030273437,-9.544313903808593,0.08982361046614501,0.8563557728671106,0.06846313479038221,5.023676870493153,6.618859928516738,1.9195987476071372,-10.26021564922831,-13.8920894830661,15.226155035735529,34.56030096435547,10.156203442382813,-133.62039465332032,1.0893617553710937,-2.114080065917969,-11.264718811035156,3.976768957519531,4.910507604980468,-7.785943798828124,0.08982361046614501,0.8563557728671106,0.0684631347903832,2.3068132995605466,-0.718260498046875,-9.639055883789062,0.9385460615110081,2.8979270763749816,0.8193863562399113,4.783432371589526,1.007994230162052,9.885046617218686,0
Yuksel_Atmaca_2020_DrivingBehaviorDataset,,Sudden Left Turn,TURN,harsh,36,2.5770160583496087,0.565031591796875,-9.499337115478514,0.09012496682852408,0.7465729398544015,0.06800279168566671,1.96880867252986,7.284287148893217,0.1493067800304931,-12.567667378978438,-10.756867143844907,15.599386481335623,36.078224816894526,7.9104422851562495,-132.9907196166992,1.0893617553710937,-2.114080065917969,-11.264718811035156,3.976768957519531,4.910507604980468,-7.785943798828124,0.09012496682852408,0.7465729398544015,0.06800279168566768,2.3678654418945313,-0.718260498046875,-9.392453112792968,0.9401191445497504,2.7058047824303895,0.8166269509906344,4.920655407293921,1.005326822005631,9.85888827902152,0
Yuksel_Atmaca_2020_DrivingBehaviorDataset,,Sudden Left Turn,TURN,harsh,37,2.6717580383300774,0.36973314208984304,-9.460003802490235,0.1009784463560351,0.7491623461324434,0.054960630963741555,0.05308951395362562,9.489357341569375,6.615381035922492,-15.729731678379736,-7.626765525295286,10.544616740360611,37.404612536621094,5.176263989257812,-132.44005323486329,1.0893617553710937,-2.114080065917969,-10.714052429199219,3.976768957519531,4.910507604980468,-7.785943798828124,0.1009784463560351,0.7491623461324434,0.054960630963742534,2.3678654418945313,-0.9109937316894531,-9.392453112792968,0.9951182246132424,2.710493114121437,0.7341523490669968,5.091668451011244,1.0030953391564366,9.837004907738468,0
Yuksel_Atmaca_2020_DrivingBehaviorDataset,,Sudden Left Turn,TURN,harsh,38,2.4908247985839838,0.5747794128417966,-9.322508221435545,0.108983981077373,0.8205673378420554,0.06280527442911533,2.368166489713547,6.966602853447501,3.717297958364309,-14.206676618999827,-14.099811872929983,1.0885253601324398,34.87154718017578,8.046911779785155,-130.51511510009766,1.0893617553710937,-2.114080065917969,-10.714052429199219,3.976768957519531,4.910507604980468,-7.785943798828124,0.108983981077373,0.8205673378420564,0.06280527442911435,2.3068132995605466,-0.9109937316894531,-9.300276348876952,1.0338122450582699,2.836726402677707,0.7847989197751746,4.834004470871291,0.9857219522177566,9.666630182716261,0
Yuksel_Atmaca_2020_DrivingBehaviorDataset,,Sudden Left Turn,TURN,harsh,39,2.4817610351562496,0.592906939697265,-9.307287939453126,0.1100847803202956,0.8139914794297168,0.06142953792856175,2.5389219775120013,6.911289774247897,3.3705806513164154,-14.468081154528623,-14.048471547527575,2.2486067055642427,34.7446544921875,8.300697155761718,-130.30203115234374,1.0893617553710937,-2.114080065917969,-10.714052429199219,3.976768957519531,4.910507604980468,-7.785943798828124,0.1100847803202956,0.8139914794297168,0.06142953792856273,2.3068132995605466,-0.9014169250488281,-9.300276348876952,1.039020168682027,2.825337066926606,0.7761558980817853,4.815725509930664,0.9840989773145515,9.650714235881747,0
Yuksel_Atmaca_2020_DrivingBehaviorDataset,,Sudden Left Turn,TURN,harsh,40,2.34221328125,0.6443822753906243,-9.354829943847655,0.09602727295939688,0.7931791953600367,0.062095597410201764,5.439805429490146,6.844283976434046,5.245508811624028,-9.401285566404617,-13.869129547074667,2.8817156155802635,32.7909859375,9.02135185546875,-130.96761921386718,1.0893617553710937,-2.114080065917969,-10.714052429199219,3.976768957519531,4.910507604980468,-7.785943798828124,0.09602727295939688,0.7931791953600367,0.062095597410201764,2.098517755126953,-0.86191259765625,-9.392453112792968,0.9704153009754497,2.788983821426274,0.7803523501231726,4.830424548901187,0.9855652673054507,9.665093628620998,0
Yuksel_Atmaca_2020_DrivingBehaviorDataset,,Sudden Left Turn,TURN,harsh,41,2.296552435302733,0.6838866027832025,-9.361328491210937,0.08261148391858841,0.7731562406575445,0.061953295234991435,4.479302569781914,6.98733823667648,5.544692756174658,-9.73536199241818,-13.747873827383287,3.3125476782997247,32.15173409423828,9.574412438964844,-131.0585988769531,1.0893617553710937,-2.114080065917969,-10.714052429199219,3.8091748413085935,4.910507604980468,-7.785943798828124,0.08261148391858841,0.7731562406575445,0.061953295234991435,2.098517755126953,-0.86191259765625,-9.392453112792968,0.9000788347529503,2.753556363585883,0.779457685006848,4.757540180425182,0.9853663187350806,9.663142609623378,0
Yuksel_Atmaca_2020_DrivingBehaviorDataset,,Sudden Left Turn,TURN,harsh,42,2.272952447509765,0.6835445739746093,-9.318232861328125,0.07644733446274755,0.7733022041237115,0.0595738415117441,4.092314571829296,6.987336979865166,4.239405438514821,-9.207721498032532,-13.749237182733095,4.7693507803134665,31.821334265136716,9.56962403564453,-130.45526005859375,1.0893617553710937,-2.114080065917969,-10.714052429199219,3.8091748413085935,4.910507604980468,-7.785943798828124,0.07644733446274755,0.7733022041237125,0.0595738415117441,2.098517755126953,-0.86191259765625,-9.32182416381836,0.8658477074573264,2.7538162720250248,0.7643427325886946,4.751326707326742,0.9805355348583646,9.615768802918781,0
Yuksel_Atmaca_2020_DrivingBehaviorDataset,,Sudden Left Turn,TURN,harsh,43,2.400016149902343,0.599576501464843,-9.381166162109373,0.08089771391290859,0.8065705790061214,0.053777850919961755,0.9104085950655246,7.093122281016393,6.6187354882924225,-12.329014335904573,-13.98502664481653,14.802154420628472,33.60022609863281,8.394071020507813,-131.33632626953124,1.0893617553710937,-2.114080065917969,-10.714052429199219,3.8091748413085935,4.910507604980468,-7.785943798828124,0.08089771391290859,0.8065705790061214,0.053777850919961755,2.3068132995605466,-0.9014169250488281,-9.355342987060546,0.8906938678042114,2.8124287312944274,0.726209722961794,4.807763470173719,0.9893131357064666,9.70184766227582,0
Yuksel_Atmaca_2020_DrivingBehaviorDataset,,Sudden Left Turn,TURN,harsh,44,2.5438392639160154,0.6501967651367184,-9.346108209228515,0.08574061587028767,0.7801386790073828,0.055851121157750705,-1.9173324961730238,7.321307681747249,4.953523867741492,-12.505933616418332,-13.888877072030851,9.80989557855941,35.613749694824214,9.102754711914063,-130.8455149291992,1.0893617553710937,-2.114080065917969,-10.714052429199219,3.8091748413085935,4.910507604980468,-7.785943798828124,0.08574061587028767,0.7801386790073828,0.05585112115775169,2.3678654418945313,-0.9014169250488281,-9.337386474609374,0.9169668536126904,2.7659622153037007,0.7400759402261811,4.764437664870136,0.9899318269577169,9.707914950834894,0
Yuksel_Atmaca_2020_DrivingBehaviorDataset,,Sudden Left Turn,TURN,harsh,45,2.424129180908203,0.7485300476074213,-9.390742968749999,0.11252520738461831,0.7342425501528835,0.05785871297441952,-2.679880777741973,7.60040757913163,6.409647537897301,-12.648446787820841,-13.734049916502896,8.630873738330417,33.93780853271484,10.479420666503906,-131.4704015625,0.6272808349609375,-1.7501614135742187,-10.714052429199219,3.8091748413085935,4.910507604980468,-7.785943798828124,0.11252520738461831,0.7342425501528835,0.05785871297441952,2.3678654418945313,-0.86191259765625,-9.408015423583985,1.0504738573607466,2.6833672325003857,0.753259681378604,4.808960546957344,0.9919210671149035,9.727422732822369,0
Yuksel_Atmaca_2020_DrivingBehaviorDataset,,Sudden Left Turn,TURN,harsh,46,2.30168286743164,0.7497271484374993,-9.327296624755858,0.13698779532714514,0.7338211773152534,0.054607040183703805,-1.806176551328197,7.597521316479008,4.643480058335346,-15.448550722164944,-13.731456877042373,10.694970621510745,32.22356014404296,10.496180078124999,-130.582152746582,0.5961562133789062,-1.7501614135742187,-10.714052429199219,3.8091748413085935,4.910507604980468,-7.785943798828124,0.13698779532714514,0.7338211773152534,0.05460704018370479,2.1595698974609374,-0.853532891845703,-9.337386474609374,1.1590476103443499,2.6825971461474847,0.7317869434593159,4.753596923302358,0.9826292372513408,9.636301009490861,0
Yuksel_Atmaca_2020_DrivingBehaviorDataset,,Sudden Left Turn,TURN,harsh,47,2.352816174316405,0.2973940490722648,-9.320285034179687,0.14210900036050678,0.612557374103138,0.05361089605230615,-2.881623004027518,11.455618751517973,4.723531757707039,-16.209118893343064,-4.22039995177873,11.794355087401588,32.939426440429685,4.163516687011718,-130.4839904785156,0.5961562133789062,-1.7501614135742187,-10.714052429199219,3.8091748413085935,4.805162731933594,-7.785943798828124,0.14210900036050678,0.612557374103138,0.05361089605230518,2.517503045654297,-0.9014169250488281,-9.337386474609374,1.180513967890836,2.450945893476341,0.725081577321713,5.075434537361945,0.9806887099762115,9.617270937688213,0
Yuksel_Atmaca_2020_DrivingBehaviorDataset,,Sudden Left Turn,TURN,harsh,48,2.420366864013671,-0.16844918823242144,-9.314983587646482,0.14103195454558476,0.46458425744577053,0.05350565963055052,-4.771815058465287,16.079838235164207,4.490472263068925,-14.714858552246053,12.969154572010424,11.803803417083707,33.8851360961914,-2.3582886352539063,-130.40977022705079,0.5961562133789062,-1.7501614135742187,-10.714052429199219,3.8091748413085935,4.805162731933594,-7.785943798828124,0.14103195454558476,0.46458425744577053,0.05350565963055052,2.9640216552734375,-0.9504980590820312,-9.337386474609374,1.1760318945693864,2.134482421637754,0.7243695721218155,5.513848266510104,0.9815554898316946,9.625771144357987,0
Yuksel_Atmaca_2020_DrivingBehaviorDataset,,Sudden Left Turn,TURN,harsh,49,2.4930479858398433,-0.29004042968749943,-9.487537121582031,0.1273264417703333,0.3528691074738129,0.03806437377562726,-6.330648944955514,14.504427514034582,0.969645712276075,-10.06658485478255,5.028988798871806,12.247640917935387,34.90267180175781,-4.060566015625,-132.82551970214843,0.5961562133789062,-1.7501614135742187,-10.714052429199219,3.8091748413085935,3.4931402221679684,-8.169016064453125,0.1273264417703333,0.35286910747381384,0.03806437377562824,2.9640216552734375,-0.9504980590820312,-9.370905297851563,1.11742823044124,1.860232198626847,0.6109697137230063,4.432736403069315,1.0007400170918836,9.813907088614119,0
Yuksel_Atmaca_2020_DrivingBehaviorDataset,,Sudden Left Turn,TURN,harsh,50,2.365813269042968,-0.13151007690429617,-9.53080376586914,0.12804328399988293,0.4907108443185681,0.03851371373751911,-3.272723767470687,15.63924325334846,3.1300567086763076,-13.223406005297763,10.341044435552405,11.962871509876031,33.12138576660156,-1.8411410766601561,-133.43125272216795,0.5961562133789062,-1.7501614135742187,-10.714052429199219,3.8091748413085935,4.857835168457031,-8.169016064453125,0.12804328399988293,0.4907108443185681,0.03851371373751911,2.446874096679687,-0.9504980590820312,-9.495403784179686,1.1205693512841821,2.1936794436372633,0.6145653023268156,5.466234335975654,1.0014557481652813,9.820926012745057,0
Yuksel_Atmaca_2020_DrivingBehaviorDataset,,Sudden Left Turn,TURN,harsh,51,2.3405031372070306,0.1292868896484375,-9.467699450683593,0.12093431593087972,0.5403498402623028,0.027799205895111697,-3.936550800889317,11.291469782572522,11.010432015831023,-13.317969345006697,-3.5634925668044284,17.43977552041196,32.76704392089844,1.8100164550781248,-132.5477923095703,0.5961562133789062,-1.7501614135742187,-10.20169327392578,3.632003918457031,4.857835168457031,-8.169016064453125,0.12093431593087972,0.5403498402623028,0.027799205895111697,2.446874096679687,-0.9014169250488281,-9.495403784179686,1.0890181400342072,2.3019604169073618,0.5221274580897874,5.2046607529562765,0.9945866938503739,9.753563601247768,0
Yuksel_Atmaca_2020_DrivingBehaviorDataset,,Sudden Left Turn,TURN,harsh,52,2.469961041259765,-0.010260864257812358,-9.45743858642578,0.10996705696938071,0.4650514991934481,0.030876231895500414,-7.232676405660708,13.202159474602443,13.04572236594353,-6.979388661498919,5.519813371322007,25.059398413217252,34.57945457763672,-0.143652099609375,-132.40414020996093,0.5961562133789062,-1.7501614135742187,-10.20169327392578,3.632003918457031,4.857835168457031,-8.02536396484375,0.10996705696938071,0.4650514991934481,0.030876231895501392,2.8562825805664063,-0.9014169250488281,-9.495403784179686,1.0384644621886596,2.13555549788935,0.5502657535391636,5.409282876546847,0.9967378200231478,9.774658942730003,0
Yuksel_Atmaca_2020_DrivingBehaviorDataset,,Sudden Left Turn,TURN,harsh,53,2.476459588623046,-0.01744346923828111,-9.463937133789063,0.10917084822918334,0.46659328808555145,0.031168402913900654,-7.460672641142549,13.225903740411203,13.203734498511144,-6.343682698923098,5.497878085588999,24.766602270576087,34.670434240722656,-0.2442085693359375,-132.49511987304686,0.5961562133789062,-1.7501614135742187,-10.20169327392578,3.632003918457031,4.857835168457031,-8.02536396484375,0.10917084822918334,0.4665932880855524,0.031168402913900654,2.8562825805664063,-0.9516951599121093,-9.540893615722656,1.0346981679633542,2.1390925806528767,0.5528631100332193,5.419720965191116,0.9975475808452671,9.782599983696239,0
Yuksel_Atmaca_2020_DrivingBehaviorDataset,,Sudden Left Turn,TURN,harsh,54,2.4785117614746093,-0.027362304687499298,-9.46410814819336,0.10891424954292839,0.46857340416174614,0.03117834942100029,-7.533012111214643,13.269828715380076,13.205408266329947,-6.1368980529288555,5.490985856745729,24.75132727073714,34.69916466064453,-0.38307226562499996,-132.49751407470703,0.5961562133789062,-1.7501614135742187,-10.20169327392578,3.632003918457031,4.857835168457031,-8.02536396484375,0.10891424954292839,0.46857340416174614,0.031178349421001273,2.8562825805664063,-1.0211270080566406,-9.540893615722656,1.0334814586049232,2.1436266871642538,0.552951318245525,5.429401586380097,0.9976197620792586,9.78330783979456,0
Yuksel_Atmaca_2020_DrivingBehaviorDataset,,Sudden Left Turn,TURN,harsh,55,2.4617523498535157,-0.013510137939452565,-9.486682049560548,0.1061533278418267,0.464771394376915,0.031111367066434668,-7.5884738753808065,13.291717478382033,14.610418251634096,-5.615304327934972,5.639073014588483,28.120013103865777,34.46453289794922,-0.18914193115234373,-132.81354869384765,0.5961562133789062,-1.7501614135742187,-10.20169327392578,3.632003918457031,4.857835168457031,-8.02536396484375,0.1061533278418267,0.464771394376915,0.03111136706643369,2.8562825805664063,-1.0211270080566406,-9.665392102050781,1.020298256628941,2.1349122686111426,0.5523570293225606,5.417186039199726,0.999413156775047,9.800895033888015,0
Yuksel_Atmaca_2020_DrivingBehaviorDataset,,Sudden Left Turn,TURN,harsh,56,2.474578430175781,-0.015904339599608814,-9.525502319335937,0.10877428224361754,0.46543595080226596,0.0315816020800525,-7.363309839239859,13.287201607490141,16.43254856765872,-6.028369176719111,5.612236026217841,32.133054019305554,34.64409802246094,-0.22266075439453123,-133.3570324707031,0.5961562133789062,-1.7501614135742187,-10.20169327392578,3.632003918457031,4.857835168457031,-8.02536396484375,0.10877428224361853,0.46543595080226596,0.03158160208005152,2.8562825805664063,-1.0211270080566406,-9.720458740234374,1.0328171740266427,2.136438032552091,0.5565156943324605,5.434355702341059,1.0035737266293614,9.841696286249828,0
Yuksel_Atmaca_2020_DrivingBehaviorDataset,,Sudden Left Turn,TURN,harsh,57,2.4629494506835936,-0.02633621826171875,-9.482235675048827,0.10664102143232546,0.469564778979925,0.035723167696250474,-7.472418169572714,13.151670068908212,12.995483314962433,-5.637187242366065,5.396505268696135,14.46693579276494,34.48129230957031,-0.3687070556640625,-132.75129945068358,0.5961562133789062,-1.89620771484375,-10.20169327392578,3.632003918457031,4.857835168457031,-8.02536396484375,0.10664102143232546,0.469564778979925,0.03572316769625146,2.8562825805664063,-1.0211270080566406,-9.720458740234374,1.0226393170758308,2.1458931566560997,0.5918822539056597,5.427939047712726,0.9990076365971543,9.796918239435483,0
Yuksel_Atmaca_2020_DrivingBehaviorDataset,,Sudden Left Turn,TURN,harsh,58,2.5096363830566406,-0.016246368408202982,-9.496942913818359,0.12174009862576443,0.4666699728611564,0.0339864054256889,-4.586532278110077,13.17691148100148,14.074280543527006,-4.471390066903067,5.519787663136913,20.44914623774884,35.13490936279297,-0.22744915771484372,-132.95720079345702,0.5961562133789062,-1.89620771484375,-10.20169327392578,4.285620971679688,4.857835168457031,-8.02536396484375,0.12174009862576443,0.4666699728611564,0.03398640542568988,2.8562825805664063,-1.0211270080566406,-9.720458740234374,1.0926401686686984,2.139268353750615,0.5773151503016793,5.439082807866204,1.0016627432880263,9.822955941465523,0
Yuksel_Atmaca_2020_DrivingBehaviorDataset,,Sudden Left Turn,TURN,harsh,59,2.6565377563476558,-0.0017101440429679094,-9.530974780273437,0.09181523391558502,0.4646692218775932,0.03854524901463419,-5.486315900813956,13.049760917310394,11.324807829589968,4.489203308811941,5.391955277021101,15.16139113917126,37.191528588867186,-0.023942016601562498,-133.43364692382812,0.5961562133789062,-1.89620771484375,-10.36210478515625,4.285620971679688,4.857835168457031,-8.02536396484375,0.09181523391558502,0.4646692218775932,0.03854524901463419,2.8562825805664063,-1.0211270080566406,-9.720458740234374,0.9488940213102188,2.1346775926883894,0.6148168558598284,5.488826529813622,1.0089352543605923,9.894274912175302,0
Yuksel_Atmaca_2020_DrivingBehaviorDataset,,Sudden Left Turn,TURN,harsh,60,2.759659442138671,-0.01915361328125,-9.542432745361326,0.06033143647897615,0.4683349449240236,0.03776952102218623,1.530146826348389,13.114829449887907,12.145782538039558,-4.129409202814445,5.34742885144835,18.401437073824184,38.635232189941405,-0.26815058593749996,-133.5940584350586,1.5131354492187499,-1.89620771484375,-10.36210478515625,4.285620971679688,4.857835168457031,-8.02536396484375,0.06033143647897615,0.4683349449240236,0.03776952102218623,2.8562825805664063,-1.0654197387695312,-9.720458740234374,0.769187416398994,2.143081166834141,0.6085987786154596,5.33057931670295,1.0129334964297751,9.933484272763055,0
Yuksel_Atmaca_2020_DrivingBehaviorDataset,,Sudden Left Turn,TURN,harsh,61,2.755555096435546,-0.022915930175780967,-9.485826977539062,0.06001155526901636,0.4695144844041418,0.0376302602877979,1.6841154254526896,13.09685957416772,9.49619564969366,-3.7596675238311055,5.2913844393480725,13.251694281070654,38.577771350097656,-0.32082302246093747,-132.80157768554687,1.5131354492187499,-1.89620771484375,-10.36210478515625,4.285620971679688,4.857835168457031,-8.02536396484375,0.06001155526901636,0.4695144844041418,0.0376302602877979,2.8562825805664063,-1.0654197387695312,-9.665392102050781,0.7671455653778501,2.145778231430704,0.6074757542909333,5.319378260740919,1.0072738091589089,9.877981700588213,0
Yuksel_Atmaca_2020_DrivingBehaviorDataset,,Sudden Left Turn,TURN,harsh,62,2.760001470947265,0.034715924072265626,-9.454018298339845,0.06007034147049289,0.4523931220553233,0.03987756067743543,1.4843348756049228,13.319841302016172,7.584751312122506,-3.8757826475248383,6.047522066623215,6.0994728078365075,38.64002059326172,0.4860229370117187,-132.3562561767578,1.5131354492187499,-1.89620771484375,-10.36210478515625,4.285620971679688,4.857835168457031,-8.02536396484375,0.06007034147049289,0.45239312205532434,0.039877560677436405,2.887407202148437,-1.0211270080566406,-9.665392102050781,0.7675212141573781,2.1062908180979774,0.6253521251402164,5.256524261447567,1.0042898925890262,9.848719475158173,0
Yuksel_Atmaca_2020_DrivingBehaviorDataset,,Sudden Left Turn,TURN,harsh,63,2.802071014404296,-0.020521728515624716,-9.429905267333984,0.056562439334277244,0.41952626232458917,0.03674795661190207,0.2764282370109646,14.078833943072123,8.614296022208402,-0.6481603097482447,10.870276398581257,9.206606845059675,39.22899420166016,-0.28730419921875,-132.0186737426758,1.5131354492187499,-1.89620771484375,-10.36210478515625,4.285620971679688,4.857835168457031,-8.02536396484375,0.056562439334277244,0.41952626232458917,0.036747956611903054,2.887407202148437,-1.0211270080566406,-9.665392102050781,0.7447738218395538,2.028336071864187,0.6003118762011357,5.288858360778199,1.003139243436179,9.837435461643405,0
Yuksel_Atmaca_2020_DrivingBehaviorDataset,,Sudden Left Turn,TURN,harsh,64,2.8578217102050774,0.048055047607421596,-9.374154571533204,0.04521713923479514,0.49971580869819077,0.035927108025894425,3.496560684607963,16.493063357798974,6.1925550686755395,1.566600327070194,23.4289605626626,7.191460242322543,40.00950394287109,0.6727706665039062,-131.23816400146484,1.9225439331054686,-1.89620771484375,-10.36210478515625,4.285620971679688,5.817910034179687,-8.02536396484375,0.04521713923479416,0.49971580869819077,0.035927108025894425,2.887407202148437,-1.0211270080566406,-9.464279162597656,0.6659043913933157,2.213715888584196,0.593569350558249,6.095003970288616,0.9993438859708694,9.800215719356228,1
Yuksel_Atmaca_2020_DrivingBehaviorDataset,,Sudden Left Turn,TURN,harsh,65,2.782233343505859,0.17375063476562472,-9.295316931152344,0.04346257152820938,0.5952362401577143,0.03689688443908205,6.720193861840179,15.073027544727376,2.9049118031944308,7.244062345012807,12.378601999879864,2.3861067105118017,38.95126680908203,2.43250888671875,-130.1344370361328,1.9225439331054686,-1.89620771484375,-10.36210478515625,4.285620971679688,5.817910034179687,-8.02536396484375,0.04346257152820938,0.5952362401577143,0.03689688443908303,2.7724855224609373,-1.0211270080566406,-9.21887349243164,0.6528569729099332,2.4160450067295205,0.6015270831679458,5.977415011790316,0.9895657790997062,9.704325247608136,0
Yuksel_Atmaca_2020_DrivingBehaviorDataset,,Sudden Left Turn,TURN,harsh,66,2.8848419860839836,-0.008037677001952705,-9.652737036132812,0.06172663241980091,0.5878859127231506,0.11957981812953809,6.7807585020036,17.694362038915774,-25.22886636056815,-1.5021825720468924,20.35216954247034,77.70049586893008,40.387787805175776,-0.11252747802734374,-135.13831850585936,1.9225439331054686,-1.89620771484375,-13.029245434570312,4.3622354248046875,5.817910034179687,-8.726865051269531,0.06172663241980091,0.5878859127231516,0.11957981812953908,2.7724855224609373,-1.0235212097167967,-9.464279162597656,0.778030513424536,2.4010812951681775,1.0829023148280956,6.893849945488845,1.0273240298357862,10.074607197189112,1
Yuksel_Atmaca_2020_DrivingBehaviorDataset,,Sudden Left Turn,TURN,harsh,67,2.910836175537109,-0.011115936279296313,-9.66761528930664,0.05741607253264911,0.5885981301641228,0.12008583744477691,7.646261949641532,17.69709951529294,-24.61184753115238,0.18787961499459832,20.342665998559816,74.87647592036492,40.75170645751953,-0.15562310791015624,-135.34661405029297,1.9225439331054686,-1.89620771484375,-13.029245434570312,4.3622354248046875,5.817910034179687,-8.726865051269531,0.05741607253264911,0.5885981301641228,0.12008583744477691,2.7724855224609373,-1.045069024658203,-9.464279162597656,0.7503727924853775,2.4025352969673515,1.085191124999569,6.883651703754717,1.0295391226836093,10.096329837465216,1
Yuksel_Atmaca_2020_DrivingBehaviorDataset,,Sudden Left Turn,TURN,harsh,68,2.9084419738769527,-0.006498547363280409,-9.650342834472657,0.05794394076225786,0.5876249301227232,0.12027494954604363,7.442312294608185,17.68637342586638,-25.09561644791836,0.13536260013807555,20.34085542431518,76.677067419594,40.71818763427734,-0.0909796630859375,-135.10479968261717,1.889025109863281,-1.89620771484375,-13.029245434570312,4.3622354248046875,5.817910034179687,-8.726865051269531,0.05794394076225786,0.5876249301227241,0.12027494954604363,2.7724855224609373,-1.045069024658203,-9.39843861694336,0.7538142653705899,2.4005482750796765,1.0860452725212282,6.8887033252752605,1.0277818493273088,10.079096872705652,1
Yuksel_Atmaca_2020_DrivingBehaviorDataset,,Sudden Left Turn,TURN,harsh,69,2.961627453613281,-0.05010722045898367,-9.59920952758789,0.06425352376057512,0.6015138928448924,0.1243494428812319,5.514066253233484,17.44645054880412,-25.19122928168735,-7.0140307159605,19.65163335966344,75.7186633147909,41.462784350585935,-0.7015010864257812,-134.38893338623046,1.889025109863281,-1.89620771484375,-13.029245434570312,4.3622354248046875,5.817910034179687,-8.726865051269531,0.06425352376057512,0.6015138928448924,0.12434944288123091,2.7724855224609373,-1.045069024658203,-9.21887349243164,0.7937958294087009,2.428751987599261,1.1042877632353019,6.939774889208641,1.0243889180367771,10.04582358306536,1
Yuksel_Atmaca_2020_DrivingBehaviorDataset,,Sudden Left Turn,TURN,harsh,70,2.9800970092773436,-0.06669561767578082,-9.632728350830078,0.06687716632072721,0.6064432462320869,0.12767438324265812,4.9701775912277615,17.38911229010873,-23.39536533366306,-9.192512464117174,19.44456797585439,66.16800382705824,41.72135812988281,-0.9337386474609375,-134.8581969116211,1.889025109863281,-1.89620771484375,-13.029245434570312,4.3622354248046875,5.817910034179687,-8.726865051269531,0.06687716632072721,0.606443246232088,0.12767438324265715,2.7724855224609373,-1.045069024658203,-9.21887349243164,0.8098400848927901,2.438683386719544,1.1189539715406567,6.9336295385364375,1.02822027409793,10.083396350982465,1
Yuksel_Atmaca_2020_DrivingBehaviorDataset,,Sudden Left Turn,TURN,harsh,71,2.9889897583007805,0.014707238769530688,-9.677705139160155,0.06746369228546437,0.5831940229594703,0.12199231339784589,4.5877472183306915,17.643340281379214,-24.066654360099392,-9.929983944063428,20.30184833074215,70.03721583710937,41.84585661621094,0.2059013427734375,-135.48787194824217,1.889025109863281,-1.7836802368164062,-13.029245434570312,4.3622354248046875,5.817910034179687,-8.726865051269531,0.06746369228546338,0.5831940229594703,0.12199231339784784,2.7724855224609373,-0.9744400756835937,-9.351751684570312,0.8133835613972343,2.391480642877022,1.0937714204453337,6.840744747246897,1.0328484634337363,10.128783383932449,1
Yuksel_Atmaca_2020_DrivingBehaviorDataset,,Sudden Left Turn,TURN,harsh,72,2.93375210571289,0.03300578002929674,-9.737389166259765,0.056088976603630776,0.5785613112196323,0.11891328653406692,4.219470582469883,17.657719975603488,-23.283904808962152,-7.259867808417753,20.430627900427115,68.25052794772706,41.07252947998047,0.46208092041015625,-136.3234483276367,1.889025109863281,-1.7836802368164062,-13.029245434570312,4.3622354248046875,5.817910034179687,-8.726865051269531,0.056088976603631754,0.5785613112196323,0.11891328653406594,2.7724855224609373,-0.9720458740234375,-9.441534246826171,0.7416501617406993,2.381963115304687,1.0798800773184507,6.807495832817398,1.0370305256892458,10.169795404750442,1
Yuksel_Atmaca_2020_DrivingBehaviorDataset,,Sudden Left Turn,TURN,harsh,73,2.857992724609375,0.037965197753905826,-9.69600368041992,0.06843999800085908,0.5779789186596869,0.1156800454528286,2.736957004958785,17.616769059078873,-25.42374072180063,-8.818260778783019,20.34562155382369,79.35895920983182,40.011898144531244,0.5315127685546874,-135.7440515258789,1.6232687255859375,-1.7836802368164062,-13.029245434570312,4.3622354248046875,5.817910034179687,-8.726865051269531,0.06843999800086005,0.5779789186596869,0.1156800454528286,2.7724855224609373,-0.9720458740234375,-9.441534246826171,0.8192478906870222,2.380763945181046,1.0650979850417437,6.839664392704331,1.0307815405729903,10.108513794860116,1
Yuksel_Atmaca_2020_DrivingBehaviorDataset,,Sudden Left Turn,TURN,harsh,74,2.9647057128906247,-0.03779418334960923,-9.812806518554687,0.06552206472754413,0.6049303526336183,0.12521985057317395,-0.2134069826715928,16.96993334885655,-20.23660726371424,-8.396731443625933,18.806528066695382,51.44247087035105,41.50587998046875,-0.5291185668945312,-137.3792912597656,1.6232687255859375,-2.1499930908203124,-13.029245434570312,4.3622354248046875,5.817910034179687,-8.726865051269531,0.06552206472754413,0.6049303526336183,0.12521985057317297,2.9664158569335934,-0.9720458740234375,-9.635464581298828,0.8015933857389149,2.435639596215842,1.1081458602654282,6.825528586075422,1.045306509770039,10.250955084036352,1
Yuksel_Atmaca_2020_DrivingBehaviorDataset,,Sudden Left Turn,TURN,harsh,75,2.888433288574218,-0.036939111328124295,-9.883435467529296,0.0718332182269828,0.6046615207392431,0.1217353582174729,1.668613041436412,16.973682071642035,-19.124417598747804,-11.301776466163101,18.8194432490298,49.30541506144716,40.43806604003906,-0.51714755859375,-138.36809654541014,1.6232687255859375,-2.1499930908203124,-13.029245434570312,4.3622354248046875,5.817910034179687,-8.726865051269531,0.0718332182269828,0.6046615207392431,0.1217353582174729,2.7724855224609373,-0.9720458740234375,-9.823409411621093,0.8393111637084553,2.4350983352541435,1.0926188954358167,6.807897737344888,1.0499943522506703,10.296927114499034,1
Yuksel_Atmaca_2020_DrivingBehaviorDataset,,Sudden Left Turn,TURN,harsh,76,2.8201985412597645,0.08978256225585937,-9.885316625976563,0.07906957673969159,0.6023602163079838,0.1213446631440725,2.8421264741156826,15.36541441297125,-19.20547180686772,-13.314701455847798,14.623726373193783,49.61015420140672,39.48277957763672,1.2569558715820313,-138.39443276367186,1.6232687255859375,-2.1499930908203124,-13.029245434570312,4.3622354248046875,5.817910034179687,-8.726865051269531,0.07906957673969159,0.6023602163079838,0.12134466314407447,2.546233465576172,-0.968454571533203,-9.823409411621093,0.8805723506528563,2.4304600007522623,1.0908641715730898,6.713688288737206,1.0482814870442665,10.280129644922654,1
Yuksel_Atmaca_2020_DrivingBehaviorDataset,,Sudden Left Turn,TURN,harsh,77,2.8198565124511714,0.2840549255371088,-9.932174572753906,0.07907908324954564,0.7518077926437439,0.1242609648947512,2.85464759954293,13.428577340452563,-17.24282911941608,-13.314444726635617,2.9834023688702396,41.531833569370384,39.4779911743164,3.976768957519531,-139.05044401855469,1.6232687255859375,-2.1499930908203124,-13.029245434570312,4.3622354248046875,5.817910034179687,-8.726865051269531,0.07907908324954564,0.7518077926437439,0.12426096489475318,2.5438392639160154,-0.968454571533203,-9.836577520751952,0.880625284527511,2.7152745514459076,1.1038948280452856,6.526433405454666,1.0532260214852078,10.328618963597913,1
Yuksel_Atmaca_2020_DrivingBehaviorDataset,,Sudden Left Turn,TURN,harsh,78,2.8489289611816395,0.2026520690917963,-9.952354272460937,0.07692573030121065,0.662330081034967,0.12106013587346189,2.019442083012854,12.837658905197394,-17.591661340140828,-12.566874404948866,0.7783243014722586,43.60482381059236,39.88500545654296,2.8371289672851563,-139.33295981445312,1.6232687255859375,-2.1499930908203124,-13.029245434570312,4.3622354248046875,5.049371301269531,-8.726865051269531,0.07692573030120968,0.662330081034967,0.12106013587346386,2.6958710693359373,-0.968454571533203,-9.836577520751952,0.8685526541657482,2.548575933571838,1.089584499460005,5.937006231415932,1.0558215712657906,10.354072611853663,0
Yuksel_Atmaca_2020_DrivingBehaviorDataset,,Sudden Left Turn,TURN,harsh,79,2.821737670898437,0.000855072021484375,-10.03598031616211,0.08068260985750336,0.5321822356062432,0.10853538943196499,2.3225421090950737,15.417921398275949,-19.409157360429557,-13.707343457770802,14.408672801074385,51.857592633150134,39.50432739257812,0.011971008300781249,-140.5037244262695,1.6232687255859375,-2.1499930908203124,-13.029245434570312,4.3622354248046875,5.049371301269531,-8.904035974121093,0.08068260985750336,0.5321822356062432,0.10853538943196694,2.6958710693359373,-0.968454571533203,-9.894038360595703,0.8895089184258317,2.284496644954414,1.0316824011162544,6.067972109020474,1.0630662815502232,10.425118949964496,1
Yuksel_Atmaca_2020_DrivingBehaviorDataset,,Sudden Left Turn,TURN,harsh,80,2.633450811767577,0.06926083374023367,-9.869925329589844,0.06758866756180114,0.5237419964518676,0.03873354214292258,3.012931736185832,14.832834250222493,-0.8316976102148491,-16.228673224390676,13.526575292085258,-6.453203709059662,36.86831136474609,0.9696516723632812,-138.1789546142578,1.6232687255859375,-2.1499930908203124,-10.943895788574219,3.8474820678710935,5.049371301269531,-8.904035974121093,0.06758866756180114,0.5237419964518686,0.03873354214292258,2.507926239013672,-0.8463502868652343,-9.894038360595703,0.814136602017709,2.266308551257907,0.6163167132699685,5.237249727324663,1.0416853377232411,10.215443517183623,0
Yuksel_Atmaca_2020_DrivingBehaviorDataset,,Sudden Left Turn,TURN,harsh,81,2.5946305419921876,0.06635358886718666,-9.848890557861328,0.07237194186311459,0.5244908107441196,0.03913766194983097,3.434465663795092,14.83237689807147,-1.9296846128801832,-17.069612515608824,13.496019291322375,-6.8156094601872255,36.324827587890624,0.928950244140625,-137.8844678100586,1.6232687255859375,-2.1499930908203124,-10.943895788574219,3.8474820678710935,5.049371301269531,-8.904035974121093,0.07237194186311459,0.5244908107441206,0.03913766194983097,2.3535002319335936,-0.8463502868652343,-9.836577520751952,0.8424525527719147,2.2679280873043197,0.619523488303969,5.253488262412051,1.0385956336569007,10.185143870801445,0
Yuksel_Atmaca_2020_DrivingBehaviorDataset,,Sudden Left Turn,TURN,harsh,82,2.570517510986327,0.07815358276367132,-9.816055792236329,0.07693887240875141,0.5220914993349168,0.04327777268462261,3.033633446218532,14.787688112224814,-1.783038736466825,-17.081027081745965,13.520421398641808,-9.278748883243003,35.987245153808594,1.0941501586914062,-137.42478109130857,1.5514426757812498,-2.1499930908203124,-10.943895788574219,3.8474820678710935,5.049371301269531,-8.904035974121093,0.07693887240875141,0.5220914993349168,0.04327777268462458,2.3535002319335936,-0.7637503295898437,-9.836577520751952,0.8686268434185591,2.2627347617325295,0.6514675506099088,5.2550610978052354,1.0347412668598506,10.147345444651153,0
Yuksel_Atmaca_2020_DrivingBehaviorDataset,,Sudden Left Turn,TURN,harsh,83,2.528105938720702,0.09234777832031221,-9.90395719604492,0.06761195851094437,0.516574881301476,0.03670101500784028,2.5975691268524255,14.951830222710425,-0.4391971177514678,-17.18977272907027,13.897329105506092,-6.87577214560634,35.39348314208984,1.2928688964843749,-138.6554007446289,1.5514426757812498,-2.1499930908203124,-10.943895788574219,3.746925598144531,5.049371301269531,-8.951920007324219,0.06761195851094437,0.516574881301476,0.0367010150078393,2.3535002319335936,-0.7637503295898437,-9.894038360595703,0.8142768650350767,2.250748555417758,0.5999283364091342,5.209517813147558,1.042348585322349,10.221947754251415,0
Yuksel_Atmaca_2020_DrivingBehaviorDataset,,Sudden Left Turn,TURN,harsh,84,2.461923364257812,0.08567821655273423,-9.742690612792966,0.056148581778085634,0.5190112102892528,0.0597213594207393,2.6562638096060764,14.888500298274296,5.188300586645488,-16.134720412177767,13.73377854944445,5.546753791216196,34.46692709960937,1.199495031738281,-136.39766857910155,1.5514426757812498,-2.1499930908203124,-10.943895788574219,3.5338416503906247,5.049371301269531,-8.044517578125,0.056148581778085634,0.5190112102892538,0.0597213594207393,2.3535002319335936,-0.7637503295898437,-9.836577520751952,0.742044129074591,2.2560499297185577,0.7652884876720658,5.354535414682087,1.0247434001832696,10.049299865407258,0
Yuksel_Atmaca_2020_DrivingBehaviorDataset,,Sudden Left Turn,TURN,harsh,85,2.481590020751953,0.07319416503906222,-9.618534155273437,0.0605241616963188,0.5215430475844786,0.0912128166634291,3.1703325362392034,14.935109584792055,7.614607554075348,-15.550382034418773,13.708781013530455,2.1686821093909403,34.74226029052734,1.024718310546875,-134.65947817382812,1.5514426757812498,-2.1499930908203124,-10.943895788574219,3.622427111816406,5.049371301269531,-7.656656909179687,0.0605241616963188,0.5215430475844786,0.09121281666343009,2.3535002319335936,-0.8511386901855468,-9.836577520751952,0.7704149987501604,2.2615459596467034,0.9457759610671179,5.469260506524778,1.01296293686176,9.933772984775379,0
Yuksel_Atmaca_2020_DrivingBehaviorDataset,,Sudden Left Turn,TURN,harsh,86,2.5017697204589835,0.03300578002929674,-9.568255920410156,0.06567368392474361,0.5333283096023476,0.09181901082625682,3.9333858786479894,14.814638546558868,5.822609878045937,-14.14180662383081,13.11082401736272,-0.25783696415234786,35.02477608642578,0.46208092041015625,-133.9555828857422,1.5514426757812498,-2.1499930908203124,-10.943895788574219,3.794809631347656,5.049371301269531,-7.656656909179687,0.06567368392474361,0.5333283096023476,0.09181901082625682,2.3535002319335936,-0.8511386901855468,-9.70369932861328,0.8025203003417343,2.2869551957486753,0.9489135379576583,5.521782867297128,1.008496047999836,9.88996776911759,0
Yuksel_Atmaca_2020_DrivingBehaviorDataset,,Sudden Left Turn,TURN,harsh,87,2.5474305664062498,0.012997094726561798,-9.633754437255858,0.059840023787663135,0.5360860421263247,0.10102850969238916,3.7744266368826382,14.974662336750322,6.023190325782315,-12.955741290548222,13.308620640482637,-3.0098954745790536,35.6640279296875,0.181959326171875,-134.87256212158204,1.5514426757812498,-2.1499930908203124,-10.943895788574219,3.794809631347656,5.049371301269531,-7.656656909179687,0.059840023787663135,0.5360860421263247,0.10102850969238916,2.4768016174316405,-0.8511386901855468,-9.76116016845703,0.7660484118365429,2.292860262863424,0.9953648750959972,5.552471009875722,1.016134778064457,9.964878121305807,0
Yuksel_Atmaca_2020_DrivingBehaviorDataset,,Sudden Left Turn,TURN,harsh,88,2.555297229003906,-0.03728114013671847,-9.595105181884765,0.06163265607357009,0.5635800633618455,0.09203977061269249,3.9354852117801045,13.715934753745287,7.370781007152316,-12.959632506679,11.807629491749298,-1.525489201966276,35.774161206054686,-0.5219359619140624,-134.33147254638672,1.5514426757812498,-2.85388837890625,-10.704475622558594,3.794809631347656,5.049371301269531,-7.656656909179687,0.06163265607357009,0.5635800633618465,0.09203977061269347,2.4768016174316405,-0.8511386901855468,-9.76116016845703,0.7774380275519571,2.350921612552713,0.9500535861092122,5.582831339130839,1.0125375191987933,9.929601062650846,0
Yuksel_Atmaca_2020_DrivingBehaviorDataset,,Sudden Left Turn,TURN,harsh,89,2.626610235595703,0.023257958984374157,-9.494890740966795,0.060444730952496015,0.5498573521540706,0.09487034676842875,1.3521800505406398,13.52759380731798,4.272409263477152,-13.603953947033427,12.154721289268194,-6.354897534314061,36.77254329833984,0.32561142578124996,-132.92847037353513,1.5514426757812498,-2.85388837890625,-10.704475622558594,3.794809631347656,5.049371301269531,-7.656656909179687,0.060444730952496015,0.5498573521540716,0.09487034676842972,2.6958710693359373,-0.7577648254394531,-9.49300958251953,0.7699092938751296,2.322123726785833,0.9645518576710237,5.4777375601664975,1.004576119449178,9.851526401796281,0
Yuksel_Atmaca_2020_DrivingBehaviorDataset,,Sudden Left Turn,TURN,harsh,90,2.662181231689452,0.03232172241210937,-9.635806610107421,0.056526096204037334,0.5515821702657976,0.10641397321808664,0.6655282408212042,13.350666971722521,5.817935682142043,-11.653603096168867,11.572234986668459,-5.679015961709997,37.27053724365234,0.4525041137695312,-134.9012925415039,1.5514426757812498,-2.85388837890625,-10.924742175292968,3.794809631347656,5.049371301269531,-7.656656909179687,0.056526096204037334,0.5515821702657986,0.10641397321808763,2.6958710693359373,-0.7577648254394531,-9.76116016845703,0.7445345131955455,2.3257629479457043,1.021550091997041,5.510958819217222,1.0193950671890672,9.996850635649665,0
Yuksel_Atmaca_2020_DrivingBehaviorDataset,,Sudden Left Turn,TURN,harsh,91,2.564018963623046,-0.005301446533202284,-9.710710919189452,0.06965913402151575,0.5121459557316619,0.1289719190646806,0.7877752861583417,12.703422562353943,2.609274864352666,-12.92551639253302,9.7831063155562,-5.342867632302546,35.896265490722655,-0.07422025146484375,-135.94995286865233,1.3168109130859373,-2.85388837890625,-11.568782421875,3.794809631347656,4.678270043945313,-7.656656909179687,0.06965913402151575,0.5121459557316619,0.1289719190646816,2.546233465576172,-0.7577648254394531,-9.76116016845703,0.8265123995755292,2.2410792348276996,1.1246254799246136,5.26407709895903,1.0241531748171557,10.043511731820658,0
Yuksel_Atmaca_2020_DrivingBehaviorDataset,,Sudden Left Turn,TURN,harsh,92,2.679453686523437,-0.02702027587890611,-9.919519506835936,0.09214644585756118,0.49047811146836956,0.17519387712111903,1.8416842755653962,12.331024103748176,0.4847397801916473,-12.261810374484162,8.847464652997637,-4.274449115543629,37.51235161132812,-0.37828386230468747,-138.87327309570313,1.3168109130859373,-2.85388837890625,-12.284648718261717,4.316745593261719,4.522646936035156,-7.656656909179687,0.09214644585756118,0.49047811146836956,0.17519387712111803,2.606088507080078,-0.7577648254394531,-10.016142645263672,0.9506039886667081,2.193159176127281,1.3107497988059416,5.382753265177226,1.0477655761004772,10.275070286865743,0
Yuksel_Atmaca_2020_DrivingBehaviorDataset,,Sudden Left Turn,TURN,harsh,93,2.729389892578125,-0.2120578613281247,-9.675994995117188,0.08842898941223344,0.4721925838497962,0.2610274865700643,0.43501240437378674,15.541883784392084,3.679681187419229,-10.786846210604363,18.741960376547407,-2.470148719041212,38.21145849609375,-2.96881005859375,-135.46392993164062,1.3168109130859373,-2.85388837890625,-12.284648718261717,4.316745593261719,4.522646936035156,-6.488286499023437,0.08842898941223344,0.4721925838497962,0.2610274865700643,2.767697119140625,-0.8511386901855468,-9.879673150634765,0.9312315227801775,2.151889263510232,1.5999391242082697,5.924408248486582,1.025407766897684,10.055815077247173,0
Yuksel_Atmaca_2020_DrivingBehaviorDataset,,Sudden Left Turn,TURN,harsh,94,2.718444970703124,-0.2026520690917963,-9.409896582031248,0.09101147135404405,0.4726580334918999,0.3020056826958294,0.25393533644404337,15.370873382179653,1.1788818930802623,-11.118781879836607,18.263234939890115,-7.530656284378237,38.05822958984375,-2.8371289672851563,-131.7385521484375,1.3168109130859373,-2.85388837890625,-12.284648718261717,4.316745593261719,4.522646936035156,-6.488286499023437,0.09101147135404405,0.4726580334918999,0.3020056826958284,2.767697119140625,-0.8511386901855468,-9.405621221923827,0.9447315203559894,2.1529495823505354,1.7209485838365572,5.7809014041979525,0.998994925680342,9.796793587923124,0
Yuksel_Atmaca_2020_DrivingBehaviorDataset,,Sudden Left Turn,TURN,harsh,95,2.7116043945312494,-0.19051004638671845,-9.423235705566407,0.09248626504494573,0.47040808348380525,0.30288897877427223,0.21016369104974375,15.319135352195788,1.4299603203379267,-11.419865316657821,18.301401784016896,-7.648158976904364,37.9624615234375,-2.6671406494140624,-131.9252998779297,1.3168109130859373,-2.85388837890625,-12.284648718261717,4.316745593261719,4.522646936035156,-6.488286499023437,0.09248626504494573,0.4704080834838062,0.30288897877427223,2.767697119140625,-0.8511386901855468,-9.498995086669922,0.9523552021714478,2.1478192270059573,1.7234634326543514,5.779641325705356,1.0000835950612839,9.807469787507738,0
Yuksel_Atmaca_2020_DrivingBehaviorDataset,,Sudden Left Turn,TURN,harsh,96,2.876633294677734,-0.2657563842773437,-9.42734005126953,0.08931573160050006,0.48808351156253005,0.30255722727362966,-2.5880663538231676,15.32543379671884,1.51011317191592,-10.056697150020465,17.452848494512896,-7.564743283832038,40.27286612548828,-3.7205893798828122,-131.98276071777343,1.3168109130859373,-2.85388837890625,-12.284648718261717,4.316745593261719,4.522646936035156,-6.488286499023437,0.08931573160050006,0.488083511562531,0.3025572272736287,2.9173347229003905,-0.9433154541015625,-9.498995086669922,0.9358889460294122,2.1877989324123663,1.7225193272770372,5.830942291179433,1.0054442504263885,9.860039858443942,0
Yuksel_Atmaca_2020_DrivingBehaviorDataset,,Sudden Left Turn,TURN,harsh,97,2.9323839904785154,-0.2214636535644531,-9.357053131103516,0.09837019406453842,0.4780509352192279,0.29869097146747103,-2.7985586026129017,15.277577316327026,0.19492965843257845,-12.051129062799106,17.89442557349691,-7.016208847855823,41.05337586669921,-3.1004911499023438,-130.9987438354492,1.3168109130859373,-2.85388837890625,-12.284648718261717,4.316745593261719,4.522646936035156,-6.488286499023437,0.09837019406453842,0.4780509352192279,0.29869097146747203,2.9173347229003905,-0.9433154541015625,-9.16859525756836,0.9821822965330889,2.165197035807052,1.7114782544167737,5.804091451441392,1.0001662592655833,9.808280446426831,0
Yuksel_Atmaca_2020_DrivingBehaviorDataset,,Sudden Left Turn,TURN,harsh,98,3.0151549621582023,-0.2059013427734375,-9.381337176513671,0.1061144282312339,0.473613537293672,0.2925323974511953,-4.337312048139755,15.340863998598609,0.45032730722216485,-13.020485101270838,18.22637025217541,-5.998438577740385,42.21216947021484,-2.882618798828125,-131.3387204711914,1.3168109130859373,-2.85388837890625,-12.284648718261717,4.316745593261719,4.522646936035156,-6.488286499023437,0.1061144282312339,0.473613537293672,0.2925323974511943,3.318363500976562,-0.9433154541015625,-9.16859525756836,1.0201112966798465,2.1551246357231855,1.6937422576840775,5.802823385429742,1.0050442286933148,9.856116985315294,0
Yuksel_Atmaca_2020_DrivingBehaviorDataset,,Sudden Left Turn,TURN,harsh,99,2.9848854125976563,-0.1836694702148429,-9.576806640625,0.10338523450677144,0.47077693606615023,0.2730361098179454,-3.665768771041709,15.152139453955222,3.3819425329635857,-12.545244640220462,18.02284286990846,-1.7555950315525906,41.78839577636718,-2.5713725830078125,-134.07529296875,1.3168109130859373,-2.85388837890625,-12.284648718261717,4.316745593261719,4.522646936035156,-6.488286499023437,0.10338523450677144,0.47077693606615023,0.2730361098179444,3.106476654052734,-0.8499415893554687,-9.498995086669922,1.0069075478790668,2.14866112732397,1.6363280741789379,5.871187555915559,1.0230681238181465,10.032871016441225,0
Yuksel_Atmaca_2020_DrivingBehaviorDataset,,Sudden Left Turn,TURN,harsh,100,2.749227563476562,-0.15493905029296792,-9.688479046630858,0.14074670465175837,0.46324901353854386,0.28126767144604087,-3.983526678951138,15.214121879571369,5.224589415056755,-8.346862398467083,18.554214133214767,-2.039019476431082,38.48918588867187,-2.1691467041015624,-135.638706652832,0.4955997436523437,-2.85388837890625,-12.284648718261717,4.316745593261719,4.522646936035156,-6.488286499023437,0.14074670465175837,0.46324901353854386,0.28126767144604387,2.864662286376953,-0.8499415893554687,-10.102333905029296,1.1748419771072078,2.1314128972626962,1.6608111301970325,6.099170546192407,1.0270769021793702,10.07218370275732,1
Yuksel_Atmaca_2020_DrivingBehaviorDataset,,Sudden Left Turn,TURN,harsh,101,2.7690652343749997,-0.24266943969726518,-9.580226928710937,0.13918794535490153,0.4855984488651148,0.27395504246170566,-4.574898740865367,15.065232200970094,3.3970466841754434,-7.324683193146691,17.222046146820116,-1.9071309624177464,38.76691328125,-3.3973721557617185,-134.1231770019531,0.4955997436523437,-2.85388837890625,-12.284648718261717,4.316745593261719,4.522646936035156,-6.488286499023437,0.13918794535490153,0.4855984488651157,0.2739550424617066,2.864662286376953,-0.9600748657226562,-9.497797985839844,1.1683182204838913,2.182222268368437,1.6390793809810125,6.118576723312907,1.0172013404022027,9.97533752485526,1
Yuksel_Atmaca_2020_DrivingBehaviorDataset,,Sudden Left Turn,TURN,harsh,102,2.7977956542968747,-0.17563179321289019,-9.627426904296874,0.14588710576937738,0.45356772842762483,0.28566284890587407,-4.3611320993710985,16.82882781519727,3.6503777966780437,-8.313590004272749,19.89053722999176,-3.6207740262540806,39.16913916015625,-2.4588451049804685,-134.78397666015624,0.4955997436523437,-1.9728221679687499,-12.284648718261717,4.316745593261719,4.522646936035156,-6.488286499023437,0.14588710576937738,0.45356772842762483,0.285662848905875,2.864662286376953,-0.9600748657226562,-9.497797985839844,1.1961035848927402,2.1090234621702937,1.673737009575519,6.1014860085649065,1.0224955156815745,10.027255648858711,1
Yuksel_Atmaca_2020_DrivingBehaviorDataset,,Sudden Left Turn,TURN,harsh,103,2.640633416748046,0.076614453125,-9.70643555908203,0.17367561362924444,0.5200448087848146,0.27873950186509316,-2.297661046210854,12.121335058277445,5.279403589402286,-13.419260442573467,1.7750622544384853,-0.8573914944795932,36.968867834472654,1.0726023437499999,-135.89009782714842,0.4955997436523437,-1.9728221679687499,-12.284648718261717,4.316745593261719,4.522646936035156,-6.488286499023437,0.17367561362924444,0.5200448087848146,0.27873950186509316,2.627636322021484,-0.9600748657226562,-9.816226806640625,1.3050578364184604,2.258295247320333,1.6533301956854596,5.89278013085188,1.025784363921202,10.059508232447856,0
Yuksel_Atmaca_2020_DrivingBehaviorDataset,,Sudden Left Turn,TURN,harsh,104,2.7507666931152333,0.2436955261230467,-9.739954382324218,0.1849727131544398,0.592229681161619,0.28931233380574345,-4.119499991625889,9.647110126228851,5.123722973708617,-14.06168391614659,-7.547838060777977,-2.098772133071365,38.510733703613276,3.411737365722656,-136.35936135253905,0.4955997436523437,-1.9728221679687499,-12.284648718261717,4.316745593261719,4.522646936035156,-6.488286499023437,0.18497271315443883,0.592229681161619,0.28931233380574445,2.9568390502929685,-0.9600748657226562,-9.816226806640625,1.3468343095778286,2.409935518382928,1.6843944901109427,5.828254212165797,1.0323478028437414,10.123873580757577,0
Yuksel_Atmaca_2020_DrivingBehaviorDataset,,Sudden Left Turn,TURN,harsh,105,2.8815927124023433,0.19068106079101507,-9.462569018554685,0.16820424144405516,0.5464194802365621,0.28773912204458096,-7.008911562280683,9.251800693856676,2.1885448243923156,-8.053415536955349,-8.651185620243357,-5.245318160989536,40.34229797363281,2.6695348510742187,-132.4759662597656,0.4955997436523437,-1.9728221679687499,-12.284648718261717,4.316745593261719,4.374206433105469,-6.488286499023437,0.16820424144405516,0.5464194802365621,0.2877391220445819,3.1735143005371094,-0.9600748657226562,-9.497797985839844,1.2843364529426662,2.3148530397979656,1.6798085787370227,5.660494986634329,1.0088500820945348,9.893439657572369,0
Yuksel_Atmaca_2020_DrivingBehaviorDataset,,Sudden Left Turn,TURN,harsh,106,2.6661145629882808,-0.28268681030273407,-9.290699542236327,0.16656937868182395,0.43136676487269304,0.22338167221901414,-4.1802424262953,12.357557822077693,5.275692599806677,-13.08190216665392,1.2469256637154553,-4.334419822262245,37.32560388183594,-3.957615344238281,-130.06979359130858,0.4955997436523437,-2.252943762207031,-11.394005700683593,4.046200805664062,3.7804444213867185,-6.488286499023437,0.16656937868182395,0.43136676487269304,0.22338167221901511,2.931699932861328,-0.9648632690429687,-9.497797985839844,1.2780796522322524,2.056760288594369,1.480076307447223,5.392002304492914,0.9860459462652648,9.669807478942257,0
Yuksel_Atmaca_2020_DrivingBehaviorDataset,,Sudden Left Turn,TURN,harsh,107,2.4692769836425774,-0.2679795715332024,-9.632215307617185,0.21976742563878077,0.42947201468566254,0.1796852533950237,-3.6432319034136964,12.214770520244084,5.156953446287551,-14.025834231104957,1.0975905443195535,-3.0971029571781306,34.569877770996094,-3.7517140014648436,-134.85101430664062,-0.040701428222656245,-2.252943762207031,-11.394005700683593,4.046200805664062,3.7804444213867185,-6.979097839355468,0.21976742563878077,0.42947201468566254,0.17968525339502567,2.844311572265625,-0.9600748657226562,-9.816226806640625,1.4680538902371914,2.052238225162263,1.3274450610877753,5.452408711282993,1.0143419821121007,9.94729679887963,0
Yuksel_Atmaca_2020_DrivingBehaviorDataset,,Sudden Left Turn,TURN,harsh,108,2.4980074035644524,-0.21582017822265567,-9.865307940673828,0.2152901678166706,0.4373858469151533,0.12142522760343133,-4.264271654283268,11.141324333580426,3.9323010242118337,-12.7667277819987,-1.7939508244698994,-3.5094586509413808,34.972103649902344,-3.0214824951171875,-138.1143111694336,-0.040701428222656245,-2.252943762207031,-11.394005700683593,4.046200805664062,3.7804444213867185,-7.685387329101562,0.2152901678166706,0.4373858469151533,0.12142522760343036,2.844311572265625,-0.9600748657226562,-9.849745629882811,1.453022823020807,2.071060094649715,1.0912262406472752,5.21221902412423,1.037963518684664,10.178944940508961,0
Yuksel_Atmaca_2020_DrivingBehaviorDataset,,Sudden Left Turn,TURN,harsh,109,2.493732043457031,-0.20436221313476519,-9.864794897460937,0.21607919207627937,0.4357123832265918,0.12143167340250693,-4.17650124326956,11.036259121369243,3.9158994128784257,-12.97765223662966,-1.8666849724784145,-3.5231427786944,34.912248608398436,-2.8610709838867185,-138.10712856445312,-0.040701428222656245,-2.252943762207031,-11.394005700683593,4.046200805664062,3.7804444213867185,-7.685387329101562,0.21607919207627937,0.4357123832265918,0.12143167340251086,2.844311572265625,-0.8798691101074219,-9.849745629882811,1.4556830042886555,2.067094299486372,1.091255203869716,5.201139710286478,1.0377817865689827,10.177162757256713,0
Yuksel_Atmaca_2020_DrivingBehaviorDataset,,Sudden Left Turn,TURN,harsh,110,2.437468304443359,-0.16502890014648366,-9.906351397705077,0.20369225148776354,0.4239259810698712,0.11678887705424737,-3.9333697837683466,11.151961090067157,5.151558749001539,-11.905657844301473,-1.4441010994181476,-0.1397900786458481,34.12455626220703,-2.310404602050781,-138.6889195678711,-0.040701428222656245,-2.252943762207031,-11.394005700683593,4.046200805664062,3.7804444213867185,-7.685387329101562,0.20369225148776354,0.4239259810698712,0.11678887705424638,2.807201446533203,-0.8798691101074219,-9.849745629882811,1.4133430645290896,2.038944266589663,1.0701904695726014,5.161469398229545,1.0404318196292341,10.203150703967028,0
Yuksel_Atmaca_2020_DrivingBehaviorDataset,,Sudden Left Turn,TURN,harsh,111,2.375732104492187,-0.1918781616210932,-9.927215155029296,0.18748255701065045,0.42967168672084805,0.11394738125881108,-4.188946385961622,11.264686070843322,5.775672503448958,-10.698708528873468,-1.5172192954122714,2.0713940342348858,33.26024946289062,-2.6862942626953124,-138.98101217041014,-0.040701428222656245,-2.252943762207031,-11.394005700683593,4.046200805664062,3.7804444213867185,-7.685387329101562,0.18748255701065045,0.42967168672084805,0.11394738125881304,2.807201446533203,-0.978031378173828,-9.849745629882811,1.3559409344468125,2.052715237577049,1.0570913330558243,5.16181070193459,1.0410624415893783,10.209334992812476,0
Yuksel_Atmaca_2020_DrivingBehaviorDataset,,Sudden Left Turn,TURN,harsh,112,2.3610248657226554,-0.19393033447265623,-10.040426690673828,0.1826119994599081,0.4302235781577916,0.09388533103454658,-4.491941478667827,11.264163380951778,8.1347136426862,-10.567659542836845,-1.5343504916829305,16.77835539675169,33.05434812011718,-2.7150246826171873,-140.5659736694336,-0.040701428222656245,-2.252943762207031,-11.394005700683593,4.046200805664062,3.7804444213867185,-7.685387329101562,0.1826119994599081,0.4302235781577916,0.09388533103454462,2.807201446533203,-0.978031378173828,-9.923965881347655,1.3382122270041887,2.054033118706002,0.9595314385625539,5.206741234745131,1.0519509069476503,10.316114361618174,0
Yuksel_Atmaca_2020_DrivingBehaviorDataset,,Sudden Left Turn,TURN,harsh,113,2.360340808105468,-0.273965075683593,-10.017681774902343,0.18248682184907047,0.4468594051507799,0.09286145101831543,-4.486339012758811,11.606465143980104,7.495807917119948,-10.551300118840983,-1.5354407102475263,16.93547453158117,33.04477131347656,-3.835511059570312,-140.2475448486328,-0.040701428222656245,-2.252943762207031,-11.394005700683593,4.046200805664062,3.7804444213867185,-7.685387329101562,0.18248682184907047,0.4468594051507799,0.09286145101831444,2.807201446533203,-1.2174515441894531,-9.923965881347655,1.3377534868151877,2.0933690036689416,0.9542849410049163,5.257645630173136,1.0498631562189653,10.295640520934715,0
Yuksel_Atmaca_2020_DrivingBehaviorDataset,,Sudden Left Turn,TURN,harsh,114,2.464830609130859,-0.181959326171875,-9.894038360595703,0.15527920670451992,0.44101574069674127,0.09480034545465094,-5.6230269610124175,10.39298248753076,4.203204598102427,-4.536095656558848,-3.3009682736985,11.223184345830298,34.50762852783203,-2.5474305664062498,-138.51653704833984,-0.040701428222656245,-2.252943762207031,-11.394005700683593,4.046200805664062,3.7804444213867185,-7.685387329101562,0.15527920670451992,0.44101574069674127,0.09480034545465094,2.807201446533203,-1.0342951171875,-9.849745629882811,1.2340051995145247,2.0796362695201545,0.964195938465236,5.182323188280655,1.0399130444900089,10.198063257747945,0
Yuksel_Atmaca_2020_DrivingBehaviorDataset,,Sudden Left Turn,TURN,harsh,115,2.479879876708984,-0.17648686523437415,-9.96141803588867,0.1558518069169838,0.43890601492065556,0.09077639399297223,-5.999199175059425,10.44705800701973,6.553239298282376,-4.391199063439744,-3.22767452358831,17.34839909349966,34.71831827392578,-2.47081611328125,-139.4598525024414,-0.040701428222656245,-2.252943762207031,-11.394005700683593,4.046200805664062,3.7804444213867185,-7.685387329101562,0.1558518069169838,0.43890601492065556,0.09077639399296929,2.912546319580078,-1.0342951171875,-9.923965881347655,1.2362783352879894,2.074656036846025,0.943510638069944,5.214494328316943,1.0469402129666234,10.266976239489138,0
Yuksel_Atmaca_2020_DrivingBehaviorDataset,,Sudden Left Turn,TURN,harsh,116,2.3976219482421866,-0.20042888183593666,-9.879673150634765,0.13721370019087412,0.44886806644980676,0.08052757987872886,-6.950261453319696,10.143721286031592,6.355654904381139,-1.8667709972027557,-3.540299349841619,25.420894315653737,33.56670727539062,-2.806004345703125,-138.3154241088867,-0.040701428222656245,-2.252943762207031,-11.394005700683593,3.9336733276367184,3.7804444213867185,-7.685387329101562,0.13721370019087412,0.44886806644980676,0.08052757987872886,2.8227637573242186,-1.0342951171875,-9.898826763916015,1.1600029021415572,2.098068641358047,0.8886539209488347,5.1582616656299445,1.036889967626589,10.16841700102529,0
Yuksel_Atmaca_2020_DrivingBehaviorDataset,,Sudden Left Turn,TURN,harsh,117,2.5171610168457024,-0.16434484252929632,-9.944829638671873,0.1160370919776649,0.47542623923501104,0.08574886019826149,-9.921047240903935,10.238824042699832,7.517373247458309,11.449804395013333,-3.915376952286838,21.313142353492243,35.24025423583984,-2.300827795410156,-139.22761494140624,-0.040701428222656245,-2.252943762207031,-11.394005700683593,3.9336733276367184,3.7804444213867185,-7.685387329101562,0.1160370919776649,0.47542623923501104,0.08574886019825854,2.8227637573242186,-1.0342951171875,-9.944316595458984,1.0667404314277993,2.159244944186282,0.9170109377009954,5.216234482351666,1.0462047096707843,10.259763416092996,0
Yuksel_Atmaca_2020_DrivingBehaviorDataset,,Sudden Left Turn,TURN,harsh,118,2.407027740478515,-0.030953607177733673,-9.745084814453124,0.09908937438164678,0.6022290778585347,0.07913171270122933,-11.33347511558236,12.03113087196609,7.6197896241331335,16.493463068811522,2.28683307581575,15.084295568647843,33.69838836669922,-0.4333505004882812,-136.43118740234374,-0.040701428222656245,-2.252943762207031,-11.269507214355468,3.77326181640625,5.164292980957031,-7.685387329101562,0.09908937438164678,0.6022290778585347,0.07913171270122835,2.6192566162109374,-1.0342951171875,-9.898826763916015,0.9857661047529402,2.4301954214386554,0.8809182767779925,6.101173569568398,1.0235910061328357,10.037998740292574,1
Yuksel_Atmaca_2020_DrivingBehaviorDataset,,Sudden Left Turn,TURN,harsh,119,2.442256707763671,-0.1262086303710929,-9.99220062866211,0.10659723046548028,0.5354443013246237,0.054521301742128304,-10.126738962929782,12.841522167974249,-0.447194002328557,13.144418795939,8.080344336956879,2.2888727682300787,34.1915939086914,-1.7669208251953124,-139.89080880126951,-0.040701428222656245,-2.252943762207031,-11.269507214355468,3.77326181640625,5.164292980957031,-8.597578161621094,0.10659723046548028,0.5354443013246237,0.05452130174212634,2.6192566162109374,-1.0342951171875,-9.944316595458984,1.0224293277015815,2.2914874770735985,0.7312122289249755,6.008282635670675,1.0489932241882978,10.28710940198617,1
Yuksel_Atmaca_2020_DrivingBehaviorDataset,,Sudden Left Turn,TURN,harsh,120,2.410277014160155,0.1323651489257811,-10.007591925048828,0.11607979098054026,0.5101152592420575,0.05447505385634813,-9.714938083980988,10.84118908853388,0.2694393272845138,7.851206571655451,3.903032007793013,2.3459262331768502,33.743878198242186,1.8531120849609375,-140.1062869506836,-0.040701428222656245,-2.250549560546875,-11.269507214355468,3.77326181640625,5.164292980957031,-8.597578161621094,0.11607979098054026,0.5101152592420575,0.05447505385634911,2.6192566162109374,-0.7769184387207031,-10.022128149414062,1.0669366814480228,2.2366317996143494,0.7309020364593136,5.771978156997099,1.0497573636201172,10.294603049945222,0
Yuksel_Atmaca_2020_DrivingBehaviorDataset,,Sudden Left Turn,TURN,harsh,121,2.593604455566406,0.3362143188476555,-9.84871954345703,0.06537278682956264,0.5295323826991585,0.04647593924082171,-5.746458589690356,7.7860452250917795,0.4005335927452224,2.6959410713620238,-3.0067390664329356,1.8586606869294269,36.31046237792969,4.707000463867187,-137.88207360839843,0.852335791015625,-2.250549560546875,-11.145008728027342,3.77326181640625,5.164292980957031,-8.597578161621094,0.06537278682956264,0.5295323826991585,0.04647593924082171,2.6384102294921874,-0.33399113159179683,-9.944316595458984,0.8006797362005211,2.278802040721552,0.6751098203670356,5.293649570919507,1.0390958284585212,10.190049106152754,0
Yuksel_Atmaca_2020_DrivingBehaviorDataset,,Sudden Left Turn,TURN,harsh,122,2.442256707763671,0.4719997558593744,-9.745768872070311,0.11862929882212273,0.5701037901296055,0.05270541383532293,-11.719342805301867,5.885367178530161,-1.7518259191640222,13.422056886690704,-8.689278214445112,-2.1872445414651356,34.1915939086914,6.60799658203125,-136.44076420898438,-0.143652099609375,-2.250549560546875,-11.145008728027342,3.77326181640625,5.164292980957031,-8.597578161621094,0.11862929882212273,0.5701037901296055,0.05270541383532293,2.6384102294921874,-0.33399113159179683,-9.861716638183593,1.07858982625184,2.364489021643895,0.7189322267002487,5.537365099471544,1.0256510894024748,10.058201255888777,0
Yuksel_Atmaca_2020_DrivingBehaviorDataset,,Sudden Left Turn,TURN,harsh,123,2.5205813049316403,0.4547273010253899,-9.697884838867187,0.11333979965941231,0.5753356753462776,0.05536363953672959,-14.678822493475703,5.9628803276535045,-3.356655582292615,23.307047539132544,-8.884133823510052,-4.147569213990237,35.28813826904297,6.366182214355469,-135.7703877441406,-0.143652099609375,-2.250549560546875,-11.145008728027342,3.77326181640625,5.164292980957031,-8.597578161621094,0.11333979965941231,0.5753356753462776,0.05536363953672861,2.7365724975585937,-0.45489831542968745,-9.79348189086914,1.0542692949763726,2.3753137899306216,0.7368390839680444,5.601099541879273,1.022816929107088,10.030407637828025,0
Yuksel_Atmaca_2020_DrivingBehaviorDataset,,Sudden Left Turn,TURN,harsh,124,2.528105938720702,0.424286737060546,-9.704383386230466,0.11433549094693032,0.5882143754852497,0.05538096964726043,-14.645088654081526,5.895798284381121,-3.05296130575429,22.902927929566683,-9.28274771359269,-4.3226140149627055,35.39348314208984,5.9400143188476555,-135.86136740722657,-0.143652099609375,-2.250549560546875,-11.145008728027342,3.77326181640625,5.164292980957031,-8.597578161621094,0.11433549094692935,0.5882143754852497,0.05538096964726043,2.7365724975585937,-0.45489831542968745,-9.83897172241211,1.0588900520331244,2.401751965826703,0.7369543988547124,5.628618976532912,1.0235146976112692,10.037250409329552,0
Yuksel_Atmaca_2020_DrivingBehaviorDataset,,Sudden Left Turn,TURN,harsh,125,2.5662421508789057,0.4073563110351557,-9.597499383544921,0.12178755088356731,0.5951867934598366,0.07783247148841488,-13.602364683442042,5.875380414274722,1.0932440921245123,19.65733475997008,-9.499810844934952,-3.251643460633727,35.927390112304685,5.702988354492187,-134.3649913696289,-0.143652099609375,-2.250549560546875,-11.145008728027342,3.77326181640625,5.164292980957031,-7.9463553100585935,0.12178755088356731,0.5951867934598366,0.07783247148841586,2.7365724975585937,-0.45489831542968745,-9.83897172241211,1.0928530943692039,2.4159446533567177,0.8736565724138281,5.718238372251185,1.013905283569974,9.943014249121486,0
Yuksel_Atmaca_2020_DrivingBehaviorDataset,,Sudden Left Turn,TURN,harsh,126,2.5436682495117178,0.4184722473144529,-9.653592108154296,0.11653070786687006,0.5908732306717679,0.0869066663837208,-14.565479858665547,5.872775158844692,1.338783932690745,21.855040503680083,-9.358782299284519,-7.03350337957487,35.61135549316406,5.858611462402344,-135.15028951416014,-0.143652099609375,-2.250549560546875,-11.145008728027342,3.7038299682617186,5.164292980957031,-7.9463553100585935,0.11653070786687006,0.5908732306717679,0.08690666638371983,2.7365724975585937,-0.45489831542968745,-9.83897172241211,1.0690069533462558,2.40717406258195,0.9231810547730667,5.714819557907681,1.018885865554049,9.991857073435614,0
Yuksel_Atmaca_2020_DrivingBehaviorDataset,,Sudden Left Turn,TURN,harsh,127,2.5257117370605457,0.398463562011718,-9.687794989013671,0.11444565084152487,0.60093281064171,0.09174085511095319,-14.537224874226542,5.735227105434897,1.7977398862293703,22.530353944540728,-9.574792686659165,-9.018595843622236,35.35996431884765,5.578489868164062,-135.6291298461914,-0.143652099609375,-2.250549560546875,-11.145008728027342,3.7038299682617186,5.164292980957031,-7.9463553100585935,0.11444565084152487,0.60093281064171,0.0917408551109522,2.7365724975585937,-0.45489831542968745,-9.83897172241211,1.0594000386185758,2.427578576993859,0.9485095976181906,5.73334505314698,1.0217096693045553,10.019549128485517,0
Yuksel_Atmaca_2020_DrivingBehaviorDataset,,Sudden Left Turn,TURN,harsh,128,2.459529162597656,0.39863457641601563,-9.666589202880859,0.12894421850809684,0.6009226521651327,0.09549790488515827,-12.08319027512179,5.732986862429685,1.5244968816534863,9.21041081762572,-9.576052856407323,-10.539225775312712,34.43340827636719,5.580884069824219,-135.33224884033203,-0.143652099609375,-2.250549560546875,-11.145008728027342,3.7038299682617186,5.164292980957031,-7.9463553100585935,0.12894421850809584,0.6009226521651327,0.09549790488515827,2.7365724975585937,-0.4537012145996093,-9.83897172241211,1.1245047000490604,2.4275580583902006,0.9677368076817403,5.696249411559561,1.0179359682174165,9.982541762719327,0
Yuksel_Atmaca_2020_DrivingBehaviorDataset,,Sudden Left Turn,TURN,harsh,129,2.514082757568359,0.41522297363281174,-9.633925451660156,0.13668446058298464,0.5929546264061554,0.093714673124369,-12.037889011634858,5.82058298665151,0.496047131038177,7.760774189972623,-9.380820068294152,-9.762029538988127,35.19715860595703,5.813121630859374,-134.87495632324217,-0.143652099609375,-2.250549560546875,-11.145008728027342,3.7038299682617186,5.164292980957031,-7.9463553100585935,0.13668446058298464,0.5929546264061554,0.09371467312436801,2.808398547363281,-0.4537012145996093,-9.714473236083984,1.1577636483221139,2.4114100619857104,0.9586589587518015,5.697816554466204,1.0161692930450288,9.96521659764003,0
Yuksel_Atmaca_2020_DrivingBehaviorDataset,,Sudden Left Turn,TURN,harsh,130,2.47184219970703,0.5600721740722648,-9.425287878417969,0.13570158702547683,0.538100282076574,0.14278650619387626,-10.948464029483272,5.922079563926845,3.8818036785088834,6.096106255984299,-7.898565403711869,-2.77218321823065,34.605790795898436,7.841010437011718,-131.95403029785155,-0.143652099609375,-2.020706201171875,-11.145008728027342,3.7038299682617186,5.164292980957031,-6.998251452636718,0.13570158702547683,0.538100282076574,0.14278650619387626,2.6240450195312497,-0.04668693237304687,-9.402029919433593,1.1535935022369863,2.2971637145023496,1.183324676902404,5.824960556121925,0.9952541836965787,9.760109440548053,0
Yuksel_Atmaca_2020_DrivingBehaviorDataset,,Sudden Left Turn,TURN,harsh,131,2.460042205810547,0.6596025573730468,-9.470948724365233,0.13585959100024003,0.6147892199909452,0.15887945045267093,-10.580384880426372,6.64340297675916,2.2350353839743136,5.394949768347694,-7.878317653044664,-3.5024867654885936,34.44059088134765,9.234435803222656,-132.59328214111326,-0.143652099609375,-2.020706201171875,-11.372457885742186,3.7038299682617186,5.164292980957031,-6.998251452636718,0.13585959100024003,0.6147892199909452,0.15887945045267193,2.6240450195312497,-0.04668693237304687,-9.402029919433593,1.1542648994414189,2.4554068306951105,1.24822881026745,5.760702357006394,1.000079900331501,9.807433554585915,0
Yuksel_Atmaca_2020_DrivingBehaviorDataset,,Sudden Left Turn,TURN,harsh,132,2.4215639648437493,0.5881185363769525,-9.43452265625,0.13854991723069723,0.5513600391010822,0.16776090407234093,-9.264304406434666,5.490362358113142,1.9110878565358898,2.0569441655922778,-10.513824909327694,-6.029905902384462,33.9018955078125,8.233659509277343,-132.0833171875,-0.143652099609375,-2.020706201171875,-11.372457885742186,3.7038299682617186,4.814739538574218,-6.998251452636718,0.13854991723069723,0.5513600391010822,0.16776090407233996,2.6240450195312497,-0.04668693237304687,-9.402029919433593,1.1656373989412059,2.3252945893909076,1.2826427678512102,5.511812399846234,0.9950469662026912,9.758077331111622,0
Yuksel_Atmaca_2020_DrivingBehaviorDataset,,Sudden Left Turn,TURN,harsh,133,2.291764031982421,0.433863543701171,-9.279754620361327,0.12782182407184228,0.5223561143213737,0.14381382910826995,-7.728649929015975,7.807574605652053,0.5869734182051712,1.2611837228967433,-5.493052621839709,-1.7674998086070097,32.084696447753906,6.074089611816406,-129.91656468505857,-0.143652099609375,-2.020706201171875,-11.372457885742186,3.7038299682617186,4.814739538574218,-6.998251452636718,0.12782182407184228,0.5223561143213737,0.14381382910826995,2.424129180908203,-0.04668693237304687,-9.089586602783202,1.1195998798830489,2.2633081072866985,1.187573950213048,5.507139268332506,0.9757051930572873,9.568399331495245,0
Yuksel_Atmaca_2020_DrivingBehaviorDataset,,Sudden Left Turn,TURN,harsh,134,2.4402045349121084,0.430956298828125,-9.386296594238281,0.1123499792840616,0.5217722957849493,0.17907104293199602,-11.799744047060504,7.8570572775516245,-1.243682966742055,15.86450629284983,-5.371767605246683,-4.833945058867015,34.16286348876953,6.0333881835937495,-131.40815231933593,-0.143652099609375,-2.020706201171875,-11.585541833496093,3.7038299682617186,4.814739538574218,-6.998251452636718,0.1123499792840616,0.5217722957849493,0.179071042931997,2.6240450195312497,-0.04668693237304687,-9.089586602783202,1.0496556217855662,2.2620429448751582,1.3251743444426738,5.621087990697733,0.989928006479238,9.707877484739617,0
Yuksel_Atmaca_2020_DrivingBehaviorDataset,,Sudden Left Turn,TURN,harsh,135,2.2611524536132803,0.33108388671874983,-9.315325616455077,0.1547490871021373,0.4995125717218101,0.19157706540307154,-8.95369528212494,9.565550220709389,-2.1039647246538378,-0.6304365192082092,-0.6487894469676936,-7.563383528778305,31.656134350585937,4.6351744140625,-130.4145586303711,-0.143652099609375,-2.020706201171875,-11.585541833496093,3.7038299682617186,4.814739538574218,-6.998251452636718,0.1547490871021373,0.4995125717218101,0.19157706540307154,2.522291448974609,-0.04668693237304687,-9.056067779541015,1.2318969660771886,2.213265678014208,1.3706674390365576,5.590624797305794,0.9780653030348734,9.59154410400694,0
Yuksel_Atmaca_2020_DrivingBehaviorDataset,,Sudden Left Turn,TURN,harsh,136,2.229343774414062,0.2984201354980463,-9.409896582031248,0.1729939165812266,0.48393337081750926,0.193663920957309,-10.419043588920468,10.001313951914867,0.06505382985028585,4.095520820919049,1.583056902554502,-8.505708427319014,31.210812841796873,4.177881896972656,-131.7385521484375,-0.5889736083984375,-2.020706201171875,-11.585541833496093,3.7038299682617186,4.814739538574218,-6.998251452636718,0.1729939165812266,0.48393337081750926,0.19366392095730803,2.522291448974609,-0.04668693237304687,-9.402029919433593,1.3024940660292044,2.178477723303025,1.3781125826491798,5.844320837445337,0.9865731011209671,9.674977102107931,0
Yuksel_Atmaca_2020_DrivingBehaviorDataset,,Sudden Left Turn,TURN,harsh,137,2.1741061218261715,0.31175925903320223,-9.45042699584961,0.17137043914921007,0.4802759338506139,0.19355202997865448,-9.161274016496032,9.979325345841167,1.059760922348053,2.568854978134535,1.7672104267832882,-8.382486968626614,30.437485705566406,4.364629626464843,-132.30597794189453,-0.5889736083984375,-2.020706201171875,-11.585541833496093,3.7038299682617186,4.814739538574218,-6.998251452636718,0.1713704391492091,0.4802759338506139,0.19355202997865548,2.3127988037109373,-0.04668693237304687,-9.685742816162108,1.2963679713270453,2.1702299386691997,1.377714416992937,5.824483315131465,0.989358611683198,9.702293629263034,0
Yuksel_Atmaca_2020_DrivingBehaviorDataset,,Sudden Left Turn,TURN,harsh,138,2.0832974731445306,0.36494473876953054,-9.444954534912108,0.16309076687326798,0.4608158094947148,0.19322418385503184,-7.848935046882471,10.318583207286554,0.9316990021574632,2.723597712812658,2.890449329644314,-8.30677001223244,29.166164624023434,5.109226342773437,-132.22936348876954,-0.5889736083984375,-2.020706201171875,-11.585541833496093,3.7038299682617186,4.814739538574218,-6.998251452636718,0.163090766873267,0.4608158094947148,0.19322418385503376,2.1260510742187497,-0.04668693237304687,-9.676166009521484,1.2646636188954476,2.1258079306892586,1.3765471087478156,5.738297871881135,0.9869698276734913,9.678867660554243,0
Yuksel_Atmaca_2020_DrivingBehaviorDataset,,Sudden Left Turn,TURN,harsh,139,2.061407629394531,0.36272155151367186,-9.540893615722656,0.15598380287931427,0.46177146103278943,0.17478697280608585,-8.708001149311603,10.289723098686908,2.284558403901808,3.610165565711174,2.8360092527998884,-3.436084536778329,28.859706811523434,5.078101721191406,-133.57251062011719,-0.5889736083984375,-2.020706201171875,-11.585541833496093,3.5146880371093747,4.814739538574218,-6.998251452636718,0.15598380287931427,0.46177146103278843,0.17478697280608682,2.1260510742187497,-0.04668693237304687,-9.676166009521484,1.2368017466459342,2.1280110663098535,1.3092267438716696,5.771482827857843,0.9960368495471745,9.767784770611799,0
Yuksel_Atmaca_2020_DrivingBehaviorDataset,,Sudden Left Turn,TURN,harsh,140,2.0841525451660154,0.33125490112304645,-9.40869948120117,0.16369515287222763,0.4745110578086506,0.16449158000521918,-7.713175525638334,9.976493700829142,-0.20473883997547063,2.7918214517410767,2.1006016289829375,-0.842359110068059,29.178135632324217,4.637568615722656,-131.7217927368164,-0.5889736083984375,-2.020706201171875,-11.585541833496093,3.775656018066406,4.814739538574218,-6.998251452636718,0.16369515287222666,0.4745110578086506,0.16449158000521918,2.1260510742187497,-0.04668693237304687,-9.479841473388671,1.2670047635721144,2.1571657018085584,1.270083207139669,5.74956499446186,0.9832573467419442,9.642460659426886,0
Yuksel_Atmaca_2020_DrivingBehaviorDataset,,Sudden Left Turn,TURN,harsh,141,2.0969786254882807,0.43129832763671816,-9.284372009277345,0.16633441372880503,0.43712065383012405,0.155294503835073,-7.67191809145872,10.828390999605197,-2.8919269846012505,2.203296882275234,4.17714604795309,3.461769838318187,29.357700756835936,6.038176586914062,-129.98120812988282,-0.5889736083984375,-1.7166425903320313,-11.585541833496093,3.775656018066406,4.814739538574218,-6.998251452636718,0.16633441372880503,0.43712065383012405,0.155294503835073,2.1260510742187497,-0.04668693237304687,-9.133879333496093,1.2771778961419549,2.0704321432694166,1.234065981232049,5.632430986027367,0.9715862349332046,9.52800615080771,0
Yuksel_Atmaca_2020_DrivingBehaviorDataset,,Sudden Left Turn,TURN,harsh,142,2.108949633789062,0.3334780883789061,-9.297027075195311,0.16373868690637364,0.4572696243863838,0.1539602651770284,-7.969423095150493,11.277098596987557,-2.6333286258655497,3.5827356522763716,3.6778047303849126,3.97879421101089,29.525294873046874,4.668693237304687,-130.15837905273438,-0.5889736083984375,-1.7166425903320313,-11.585541833496093,3.775656018066406,4.814739538574218,-6.998251452636718,0.16373868690637364,0.4572696243863838,0.15396026517702938,2.1260510742187497,-0.4213794921875,-9.133879333496093,1.267173229653465,2.1176126090455565,1.2287532032504829,5.713568356868739,0.9727130020101837,9.539055961163166,0
Yuksel_Atmaca_2020_DrivingBehaviorDataset,,Sudden Left Turn,TURN,harsh,143,2.1682916320800776,0.3295447570800776,-9.39946470336914,0.18708743627151522,0.45901727096839573,0.17733615948179507,-5.051765694881886,11.21395995121323,-1.7036045464932983,2.4850303046207887,3.585000983178917,-3.3382416856814725,30.35608284912109,4.613626599121093,-131.59250584716796,-0.5889736083984375,-1.7190367919921874,-11.585541833496093,4.3454760131835934,4.814739538574218,-6.998251452636718,0.18708743627151522,0.45901727096839573,0.17733615948179604,2.1260510742187497,-0.4213794921875,-9.133879333496093,1.3545113535559834,2.121655419794227,1.3187394164057424,5.786649195327662,0.9842243893398812,9.651944107719945,0
Yuksel_Atmaca_2020_DrivingBehaviorDataset,,Sudden Left Turn,TURN,harsh,144,2.1865901733398436,0.18948395996093695,-9.586725476074218,0.1881077256532812,0.5040093821222957,0.1286394963273623,-5.45302385464194,10.654187803160031,-5.583955988506517,2.442521854442473,1.7929564876069424,-5.190394531274466,30.61226242675781,2.6527754394531247,-134.21415666503904,-0.5889736083984375,-2.1835119140624997,-11.585541833496093,4.3454760131835934,4.814739538574218,-8.051700183105469,0.1881077256532812,0.5040093821222957,0.12863949632736327,2.1356278808593747,-0.7350199096679687,-9.45470235595703,1.3581997746199752,2.223205705100096,1.1231751941076438,5.75256554110319,1.0028658097726768,9.834753993407222,0
Yuksel_Atmaca_2020_DrivingBehaviorDataset,,Sudden Left Turn,TURN,harsh,145,2.1920626342773435,-0.2635331970214841,-9.5713341796875,0.18831368290460965,0.33679085334206954,0.12294117870101426,-5.579818593663065,13.001077625662989,-5.246090936801147,2.4764777953492745,13.105412869542818,-5.103421875789061,30.688876879882812,-3.689464758300781,-133.998678515625,-0.5889736083984375,-2.1835119140624997,-11.585541833496093,4.3454760131835934,4.163516687011718,-8.051700183105469,0.18831368290460965,0.33679085334206954,0.12294117870101524,2.1739351074218747,-0.9026140258789062,-9.45470235595703,1.358943110824178,1.8173579784750744,1.0980168988263876,5.60267487290274,1.0016345217040514,9.822679182269036,0
Yuksel_Atmaca_2020_DrivingBehaviorDataset,,Sudden Left Turn,TURN,harsh,146,2.113567022705078,-0.25925783691406235,-9.622125457763671,0.20295348005237468,0.34097395855234175,0.11007261776866784,-3.994831223236465,13.19573316686021,-6.714300988412635,-3.3172567788712146,13.97381857989883,-3.6831343568642367,29.58993831787109,-3.6296097167968746,-134.7097564086914,-0.5889736083984375,-2.1835119140624997,-11.585541833496093,4.3454760131835934,4.223371728515625,-8.051700183105469,0.20295348005237468,0.34097395855234175,0.11007261776866784,2.1739351074218747,-0.9026140258789062,-9.45470235595703,1.4107777093346845,1.8286093816442384,1.0389627698051132,5.59041121458198,1.0049233616694389,9.854931684715602,0
Yuksel_Atmaca_2020_DrivingBehaviorDataset,,Sudden Left Turn,TURN,harsh,147,2.0786800842285147,-0.0030782592773436097,-9.636319653320312,0.20690682640843605,0.4654169602641687,0.10835298969745667,-3.17588435407033,10.495293974591876,-6.545711763914278,-4.993213287134639,-1.3577744646866905,-3.2462326732918747,29.101521179199217,-0.0430956298828125,-134.90847514648436,-0.5889736083984375,-2.1835119140624997,-11.585541833496093,4.3454760131835934,4.223371728515625,-8.051700183105469,0.20690682640843605,0.4654169602641687,0.10835298969745667,2.1739351074218747,-0.9026140258789062,-9.45470235595703,1.4244517644337042,2.1363944470473166,1.0308151368778804,5.36458039652596,1.005233205887782,9.857970218519416,0
Yuksel_Atmaca_2020_DrivingBehaviorDataset,,Sudden Left Turn,TURN,harsh,148,2.001552587890625,-0.005643475341796455,-9.416566143798827,0.20096959670048486,0.4646773313158974,0.08321554554001655,-1.6302872003090267,10.54484042998601,-7.700644316990466,-3.96725318219544,-1.1918471214561224,2.2051565597781817,28.021736230468747,-0.07900865478515624,-131.8319260131836,-0.5889736083984375,-2.1835119140624997,-11.156979736328124,4.3454760131835934,4.223371728515625,-8.051700183105469,0.20096959670048392,0.4646773313158974,0.08321554554001655,1.9285294372558592,-0.9026140258789062,-9.233238702392578,1.4038655546322119,2.134696219875102,0.9033635645021365,5.255895265430794,0.9816746205552038,9.626939417667689,0
Yuksel_Atmaca_2020_DrivingBehaviorDataset,,Sudden Left Turn,TURN,harsh,149,2.0988597839355463,-0.028388391113280828,-9.54722114868164,0.17211989898486688,0.46190725959906165,0.0684196906826803,-1.6019256208021841,10.9801964056308,-9.036003373934804,1.961954791718811,-0.136658132728697,1.9333599427514696,29.384036975097654,-0.39743747558593745,-133.66109608154295,-0.5889736083984375,-2.1835119140624997,-11.156979736328124,4.3454760131835934,4.223371728515625,-8.508992700195313,0.17211989898486688,0.46190725959906165,0.06841969068268128,1.9285294372558592,-0.9026140258789062,-9.45470235595703,1.2991996025938244,2.1283239479334766,0.8191263392379243,5.281404658830264,0.9967977645436763,9.775246797662243,0
Yuksel_Atmaca_2020_DrivingBehaviorDataset,,Sudden Left Turn,TURN,harsh,150,2.191720605468749,0.0042753601074217345,-9.41588208618164,0.12961158834649886,0.4798309778028955,0.0763767935903033,4.998791659125489,10.60396321080955,-9.929647202678872,-6.678850711703278,-2.1905054568489657,5.335288209847955,30.684088476562497,0.05985504150390625,-131.82234920654295,0.7110778930664062,-2.1835119140624997,-11.156979736328124,4.3454760131835934,4.223371728515625,-8.28633194580078,0.12961158834649886,0.4798309778028945,0.07637679359030233,1.9285294372558592,-0.9026140258789062,-9.233238702392578,1.127410964492629,2.169224390991112,0.8654481399034517,5.046866111709506,0.9858208628928705,9.667600165088368,0
Yuksel_Atmaca_2020_DrivingBehaviorDataset,,Sudden Left Turn,TURN,harsh,151,2.1966800231933594,-0.001197100830078125,-9.416053100585938,0.1293821891980673,0.4809004344682272,0.07638755585872203,4.866578562172523,10.639360526310396,-9.921567867845072,-6.689475443317256,-2.1906920373253116,5.312957604653946,30.75352032470703,-0.016759411621093748,-131.82474340820312,0.7110778930664062,-2.1835119140624997,-11.156979736328124,4.3454760131835934,4.223371728515625,-8.28633194580078,0.1293821891980673,0.4809004344682272,0.07638755585872203,1.9632453613281249,-0.9409212524414062,-9.233238702392578,1.1264128220591358,2.171640450368763,0.8655091129860738,5.049270397940086,0.9859525303404544,9.668891381663217,0
Yuksel_Atmaca_2020_DrivingBehaviorDataset,,Sudden Left Turn,TURN,harsh,152,2.2185698669433584,-0.00034202880859375,-9.390229925537108,0.12867922133425094,0.4807222998165161,0.07583033627993782,4.252500678693511,10.634533374691664,-11.032226032479143,-6.842860063457009,-2.1894579414555793,7.6542474129170675,31.05997813720703,-0.0047884033203125,-131.46321895751953,0.7110778930664062,-2.1835119140624997,-11.156979736328124,4.3454760131835934,4.223371728515625,-8.28633194580078,0.12867922133425094,0.4807222998165161,0.07583033627993782,2.1164742675781247,-0.9349357482910156,-9.233238702392578,1.1233486039059872,2.17123820468774,0.8623465470909331,5.048256387373213,0.9838991769890619,9.648754864019782,0
Yuksel_Atmaca_2020_DrivingBehaviorDataset,,Sudden Left Turn,TURN,harsh,153,2.2454191284179683,0.014536224365234095,-9.345595166015626,0.13665967621253003,0.47578197540308337,0.07966194471166585,4.291748218066463,10.687877089122363,-11.495176677262837,-8.317526674676238,-2.0120039940869954,6.871861790807132,31.43586779785156,0.20350714111328125,-130.83833232421875,0.7110778930664062,-2.1835119140624997,-11.156979736328124,4.3454760131835934,4.223371728515625,-8.28633194580078,0.13665967621253003,0.47578197540308337,0.07966194471166682,2.1164742675781247,-0.9349357482910156,-9.04050546875,1.1576586775598472,2.16005261720326,0.8838647012448633,5.0404016984576305,0.9801073204517171,9.611569454107833,0
Yuksel_Atmaca_2020_DrivingBehaviorDataset,,Sudden Left Turn,TURN,harsh,154,2.1915495910644527,-0.008208691406249299,-9.40767339477539,0.12269758402097619,0.48516861009506035,0.07914314941798206,4.654209667812795,10.446949782281603,-9.396896147758625,-4.481672261064393,-2.3348668117779416,3.3715738739845755,30.68169427490234,-0.1149216796875,-131.70742752685547,0.7110778930664062,-2.1835119140624997,-11.156979736328124,4.3454760131835934,4.223371728515625,-8.28633194580078,0.12269758402097619,0.48516861009506035,0.07914314941798206,2.1164742675781247,-0.9349357482910156,-9.248801013183593,1.096928558448229,2.1812562321260485,0.8809819329815244,5.060211908484245,0.9850019247925804,9.659569125767156,0
Yuksel_Atmaca_2020_DrivingBehaviorDataset,,Sudden Left Turn,TURN,harsh,155,2.1828278564453116,-0.047542004394530823,-9.453505255126952,0.12103293954729971,0.4926632726848121,0.07615643526120723,4.838641970883542,10.712519568261959,-8.419758679307408,-3.6275825733773304,-2.29930291789502,3.685544013196909,30.55958999023437,-0.6655880615234374,-132.34907357177732,0.7110778930664062,-2.1835119140624997,-11.156979736328124,4.3454760131835934,4.223371728515625,-8.28633194580078,0.12103293954729971,0.4926632726848121,0.07615643526120822,2.1164742675781247,-1.0570400329589844,-9.387664709472656,1.0894621042567432,2.1980391905228887,0.8641987652469376,5.0812967313381385,0.9893652205576697,9.702358440181872,0
Yuksel_Atmaca_2020_DrivingBehaviorDataset,,Sudden Left Turn,TURN,harsh,156,2.1677785888671868,0.007353619384765344,-9.41211976928711,0.12460646229477992,0.48258581019903574,0.0836395230328794,4.609692849582765,10.321995333909136,-7.360713449380663,-4.344832488364861,-2.3938194966541224,1.0342798647536453,30.348900244140623,0.10295067138671875,-131.76967677001952,0.7110778930664062,-2.1835119140624997,-11.156979736328124,4.3454760131835934,4.223371728515625,-8.28633194580078,0.12460646229477992,0.48258581019903574,0.08363952303288039,2.1164742675781247,-0.9349357482910156,-9.387664709472656,1.1054284072083118,2.175442514889413,0.9056619283984518,5.05585908357581,0.9848965698679562,9.65853594689559,0
Yuksel_Atmaca_2020_DrivingBehaviorDataset,,Sudden Left Turn,TURN,harsh,157,2.035242425537109,0.07712749633788978,-9.240934350585938,0.08629273854666036,0.4630798394147019,0.06185234637764771,1.343034622632152,10.286378316282654,-9.571247912662471,-6.753176633911371,-1.7957045070829862,14.070653237873238,28.49339395751953,1.0797849487304687,-129.37308090820312,0.7110778930664062,-2.1835119140624997,-11.156979736328124,3.77326181640625,4.223371728515625,-8.28633194580078,0.08629273854665939,0.4630798394147019,0.06185234637764771,2.1164742675781247,-0.834379278564453,-9.248801013183593,0.9199144984554836,2.13102367588823,0.7788223883558847,4.887052542804118,0.9649286753611049,9.46271779422998,0
Yuksel_Atmaca_2020_DrivingBehaviorDataset,,Sudden Left Turn,TURN,harsh,158,1.923227990722656,0.2159911926269523,-9.229476385498046,0.09130991153029197,0.42166169742884513,0.06108608635514877,3.985697323736272,10.696650417292211,-10.176568817554703,-7.1331430663141795,-0.6562899614519775,16.116648331001,26.925191870117185,3.0238766967773434,-129.21266939697264,0.7110778930664062,-2.0350714111328125,-11.156979736328124,3.77326181640625,4.223371728515625,-8.28633194580078,0.09130991153029197,0.42166169742884513,0.06108608635514975,1.93451494140625,-0.6069301208496093,-9.248801013183593,0.9462792103330517,2.033491746993477,0.7739831191665186,4.816325682826488,0.9616128935125204,9.430201082164558,0
Yuksel_Atmaca_2020_DrivingBehaviorDataset,,Sudden Left Turn,TURN,harsh,159,1.9463149353027336,0.5652026062011716,-9.135589477539064,0.0944832391178372,0.46203402055765475,0.033923980414867404,3.3602301570910065,6.963813703209876,1.558056364465927,-9.14510741154157,-10.42251554815578,-15.296462179647827,27.24840909423828,7.912836486816405,-127.89825268554686,0.7110778930664062,-2.0350714111328125,-9.880870251464843,3.77326181640625,4.223371728515625,-8.28633194580078,0.0944832391178372,0.46203402055765475,0.033923980414867404,1.93451494140625,-0.3555389465332031,-9.248801013183593,0.96258197411698,2.128615965293348,0.5767847107330984,4.176263232728866,0.9542200674169012,9.357702224133954,0
Yuksel_Atmaca_2020_DrivingBehaviorDataset,,Sudden Left Turn,TURN,harsh,160,2.1357988952636715,0.5747794128417966,-9.254273474121092,0.09612727437741415,0.46985941976389034,0.04525120529899212,1.1098294628926753,7.134153039427118,0.16195236821732437,-11.464279912877092,-9.93027700904378,-9.237836624942268,29.901184533691403,8.046911779785155,-129.55982863769532,0.7110778930664062,-2.0350714111328125,-10.460267053222656,3.77326181640625,4.357447021484375,-8.28633194580078,0.09612727437741415,0.46985941976389034,0.04525120529899212,2.1164742675781247,-0.3555389465332031,-9.387664709472656,0.970920457747839,2.146566299658027,0.6661551864583565,4.29468038024074,0.9702511931615443,9.514913863417657,0
Yuksel_Atmaca_2020_DrivingBehaviorDataset,,Sudden Left Turn,TURN,harsh,161,2.2977495361328115,0.42377369384765623,-9.298566204833982,0.10512081488691816,0.39299816672343435,0.04729997700395491,-1.4668630484018657,7.988996576078771,1.9403097495306854,-12.097316552588673,-4.63436618202235,-10.871170581743918,32.168493505859374,5.932831713867187,-130.17992686767576,0.7110778930664062,-2.0350714111328125,-10.460267053222656,3.77326181640625,4.357447021484375,-8.28633194580078,0.10512081488691816,0.39299816672343435,0.04729997700395491,2.3523031311035156,-0.3555389465332031,-9.457096557617186,1.0153241055499458,1.9631595634839183,0.6810685130629951,4.397824645505838,0.9776657581733897,9.587625907391073,0
Yuksel_Atmaca_2020_DrivingBehaviorDataset,,Sudden Left Turn,TURN,harsh,162,2.158885839843749,0.4699475830078123,-9.293948815917968,0.14628338591731474,0.40483126639815453,0.048131138226160906,-3.85175062614776,7.158751426954214,2.0153012122985174,-9.119603942739545,-7.136151512737254,-11.09220315864601,30.224401757812497,6.579266162109374,-130.11528342285155,-0.09337386474609374,-2.0350714111328125,-10.460267053222656,3.77326181640625,4.357447021484375,-8.28633194580078,0.14628338591731474,0.40483126639815453,0.048131138226160906,2.3523031311035156,-0.3555389465332031,-9.457096557617186,1.1977269999904139,1.992495555483992,0.6870263653496729,4.641726391305742,0.9741312390631751,9.552964115558884,0
Yuksel_Atmaca_2020_DrivingBehaviorDataset,,Sudden Left Turn,TURN,harsh,163,2.234303192138671,0.6850837036132806,-9.352606756591797,0.1415258948123224,0.46657462192498655,0.0606045430911273,-5.9835550245570985,4.560624396353817,-0.9314119146999262,-5.6865063259067234,-13.963569151819614,-8.879447061851799,31.280244689941405,9.591171850585937,-130.93649459228516,-0.09337386474609374,-2.0350714111328125,-10.702081420898438,3.77326181640625,4.357447021484375,-8.28633194580078,0.1415258948123224,0.46657462192498655,0.0606045430911273,2.463633508300781,-0.3555389465332031,-9.457096557617186,1.1780895196721095,2.139049792805364,0.7709264183465304,4.552517401306494,0.9830228439538852,9.640160972660368,0
Yuksel_Atmaca_2020_DrivingBehaviorDataset,,Sudden Left Turn,TURN,harsh,164,2.2553379638671873,0.6643909606933593,-9.325928509521486,0.13512041810750863,0.4579602883855883,0.06786831311113513,-6.072527012401791,4.738917505688082,0.9637698828734118,-4.130095483087404,-13.284606505320362,-6.843986868733298,31.57473149414062,9.30147344970703,-130.56299913330076,-0.09337386474609374,-2.0350714111328125,-10.702081420898438,3.77326181640625,4.357447021484375,-7.912836486816405,0.13512041810750863,0.4579602883855873,0.06786831311113513,2.463633508300781,-0.3555389465332031,-9.457096557617186,1.151120605424995,2.119211235836703,0.8158190931642395,4.599123762918968,0.9807364590478688,9.617739196121782,0
Yuksel_Atmaca_2020_DrivingBehaviorDataset,,Sudden Left Turn,TURN,harsh,165,2.2112162475585935,0.6678112487792962,-9.332256042480468,0.14019647043072206,0.45678186656270997,0.0684504680083348,-4.787149753450028,4.734547072481339,1.140551089957228,-7.292894659319206,-13.244708590171024,-7.251833301177339,30.95702746582031,9.349357482910156,-130.65158459472656,-0.09337386474609374,-2.0350714111328125,-10.702081420898438,3.77326181640625,4.357447021484375,-7.912836486816405,0.14019647043072206,0.45678186656270997,0.0684504680083348,2.463633508300781,-0.3555389465332031,-9.457096557617186,1.17254326860438,2.1164829060796118,0.8193105529003887,4.575947945066584,0.9803416754988655,9.613867692030949,0
Yuksel_Atmaca_2020_DrivingBehaviorDataset,,Sudden Left Turn,TURN,harsh,166,2.34221328125,0.6171909851074217,-9.334821258544922,0.16479285607612995,0.4783521374219879,0.06845331032631417,-4.6495474052859835,4.501163963021967,1.2479170469659382,-8.828451696678444,-13.662905393081962,-7.233964381392783,32.7909859375,8.640673791503906,-130.68749761962889,-0.09337386474609374,-2.0350714111328125,-10.702081420898438,4.048595007324218,4.357447021484375,-7.912836486816405,0.16479285607612995,0.4783521374219879,0.06845331032631516,2.606088507080078,-0.3555389465332031,-9.457096557617186,1.2712457913554656,2.165879033660315,0.8193275631342815,4.684403980702713,0.9834092388561431,9.643950212228596,0
Yuksel_Atmaca_2020_DrivingBehaviorDataset,,Sudden Left Turn,TURN,harsh,167,2.3969378906249994,0.589144622802734,-9.454873370361327,0.18626831876956462,0.49190443801730865,0.07135721507427868,-2.523112711136648,4.273817622865873,4.130763028224804,-7.81690129538721,-13.79878053501258,-6.3008951492848295,33.557130468749996,8.24802471923828,-132.36822718505857,-0.09337386474609374,-2.0350714111328125,-10.702081420898438,4.53940634765625,4.357447021484375,-7.912836486816405,0.18626831876956462,0.4919044380173076,0.07135721507427771,2.606088507080078,-0.3555389465332031,-9.616310968017578,1.3515428991569423,2.196345750805741,0.8365256918996389,4.7728014160513945,0.9964408513990791,9.771746675372778,0
Yuksel_Atmaca_2020_DrivingBehaviorDataset,,Sudden Left Turn,TURN,harsh,168,2.4663697387695307,0.7351909240722653,-9.485655963134766,0.20267440938995385,0.43817932253376785,0.07486164861905881,-2.713136992920956,4.427227976630955,4.53451958947718,-10.024316784672418,-12.828540883892275,-7.722241329315287,34.52917634277343,10.292672937011718,-132.7991834838867,-0.09337386474609374,-1.7932570434570312,-10.702081420898438,4.53940634765625,4.357447021484375,-7.912836486816405,0.20267440938995385,0.4381793225337669,0.07486164861905979,2.606088507080078,-0.1149216796875,-9.625887774658203,1.4098074325396333,2.0729378315149183,0.8568208601744656,4.706037362374498,1.002237117547443,9.828588628796632,0
Yuksel_Atmaca_2020_DrivingBehaviorDataset,,Sudden Left Turn,TURN,harsh,169,2.326650970458984,0.6869648620605462,-9.527725506591796,0.21431676544077108,0.46168735411384915,0.07710228160516536,-0.058674276891714026,3.933107029643951,5.767655285655309,-12.741461798817122,-13.029474447216641,-7.930949500572199,32.57311358642578,9.617508068847656,-133.38815709228516,-0.09337386474609374,-1.8459294799804686,-10.702081420898438,4.53940634765625,4.357447021484375,-7.912836486816405,0.21431676544077108,0.46168735411384915,0.07710228160516536,2.463633508300781,-0.1149216796875,-9.794678991699218,1.4497342886921512,2.1278172598276797,0.8695487852347911,4.683676550729042,1.0025567429670121,9.83172308341745,0
Yuksel_Atmaca_2020_DrivingBehaviorDataset,,Sudden Left Turn,TURN,harsh,170,2.449952355957031,0.5640055053710934,-9.73602105102539,0.19979096933144747,0.5145607087960601,0.08378363658361707,-2.30988264607073,3.489512098469291,5.155352352950479,-9.597280299148634,-13.91343174419869,0.3420035347959576,34.299332983398436,7.896077075195312,-136.30429471435545,-0.09337386474609374,-2.1930887207031247,-11.235988391113281,4.53940634765625,4.357447021484375,-7.912836486816405,0.19979096933144747,0.5145607087960601,0.08378363658361707,2.602497204589844,-0.1149216796875,-9.819818109130859,1.3997428725999082,2.2463563330235234,0.906441834704649,4.917591763887866,1.0253624263997343,10.055370438852954,0
Yuksel_Atmaca_2020_DrivingBehaviorDataset,,Sudden Left Turn,TURN,harsh,171,2.35589443359375,0.48020844726562467,-9.762186254882812,0.21159413634676147,0.5486252956303266,0.07885161751967103,-0.4876055513237881,3.4924937544182497,5.636282536885409,-12.473801695613407,-14.759499240491433,4.218585494256672,32.9825220703125,6.72291826171875,-136.67060756835937,-0.09337386474609374,-2.1930887207031247,-11.235988391113281,4.53940634765625,4.357447021484375,-7.912836486816405,0.21159413634676147,0.5486252956303256,0.078851617519672,2.5761609863281247,-0.1149216796875,-9.819818109130859,1.4404963162760855,2.319520695185352,0.8793578423766377,4.944895218638072,1.0252135686126094,10.053910642634843,0
Yuksel_Atmaca_2020_DrivingBehaviorDataset,,Sudden Left Turn,TURN,harsh,172,2.4564509033203126,0.7668285888671873,-9.771421032714843,0.19588974177332963,0.6206032954330626,0.07835942439528666,-2.202168841931379,1.0108817838717779,6.0216464150070514,-9.022213002119178,-17.870617520377074,5.066818327734154,34.390312646484375,10.735600244140624,-136.7998944580078,-0.09337386474609374,-2.1930887207031247,-11.235988391113281,4.53940634765625,4.357447021484375,-7.912836486816405,0.19588974177332963,0.6206032954330626,0.07835942439528568,2.5761609863281247,0.8846575134277344,-9.819818109130859,1.3860094285975932,2.4669899284672088,0.8766090629499761,4.780008743794064,1.030381965031262,10.104595297373825,0
Yuksel_Atmaca_2020_DrivingBehaviorDataset,,Sudden Left Turn,TURN,harsh,173,2.462778436279296,0.7601590270996094,-9.810925360107422,0.19631622757166559,0.6168660712282245,0.08120458469333401,-2.3430489516103656,1.0055768122066828,6.9277210121756285,-9.08670886876232,-17.818518325648395,3.9013206227845445,34.478898107910155,10.64222637939453,-137.3529550415039,-0.09337386474609374,-2.1930887207031247,-11.235988391113281,4.53940634765625,4.357447021484375,-7.912836486816405,0.19631622757166559,0.6168660712282245,0.081204584693335,2.5761609863281247,0.8846575134277344,-9.920374578857421,1.3875173992118726,2.4595507023459118,0.8923816114661377,4.803866866545463,1.0343832372284147,10.143834373366033,0
Yuksel_Atmaca_2020_DrivingBehaviorDataset,,Sudden Left Turn,TURN,harsh,174,2.421734979248047,0.46105483398437463,-9.769368859863281,0.19020996505285656,0.5082689151754738,0.07774336401682566,-1.698305187101672,2.2747138748938465,6.122145643607814,-7.852883085553091,-16.537430123259153,5.5165385966002205,33.90428970947266,6.45476767578125,-136.77116403808594,-0.09337386474609374,-2.1930887207031247,-11.235988391113281,4.53940634765625,3.77326181640625,-7.912836486816405,0.19020996505285656,0.5082689151754738,0.07774336401682665,2.5761609863281247,0.08978256225585937,-9.83777462158203,1.3657681186005177,2.2325804256522463,0.8731563209045741,4.554470336242495,1.0274264032347398,10.07561113728196,0
Yuksel_Atmaca_2020_DrivingBehaviorDataset,,Sudden Left Turn,TURN,harsh,175,2.308010400390625,0.19427236328124944,-9.843589111328125,0.17916171448139015,0.5337807905664803,0.08605913212528521,0.4453236149434833,4.911813063241934,6.658012867187407,-5.290716287102958,-15.242323830826779,2.078872487653843,32.31214560546875,2.7198130859375,-137.81024755859374,-0.09337386474609374,-2.1930887207031247,-11.235988391113281,4.53940634765625,3.77326181640625,-7.912836486816405,0.17916171448139015,0.5337807905664803,0.0860591321252862,2.418143676757812,-0.43454760131835934,-9.961076007080077,1.3255097990278772,2.2879251276667203,0.9186684864827127,4.722670599510948,1.0311791673443174,10.11241318143715,0
Yuksel_Atmaca_2020_DrivingBehaviorDataset,,Sudden Left Turn,TURN,harsh,176,2.357946606445312,-0.02359998779296833,-9.811951446533202,0.15638432241678174,0.5181588585427166,0.09721086234118022,3.292493339920429,7.885768750286355,7.753922719342299,-8.733032139467559,-10.881182326813054,2.160105169878501,33.01125249023438,-0.33039982910156246,-137.36732025146483,0.6057330200195312,-2.1930887207031247,-11.235988391113281,4.53940634765625,3.77326181640625,-7.912836486816405,0.15638432241678174,0.5181588585427166,0.09721086234117923,2.418143676757812,-0.9959878906249999,-9.961076007080077,1.2383885962929957,2.2541966573766223,0.9763774388924239,4.773003644764077,1.0290288728054038,10.091325995497112,0
Yuksel_Atmaca_2020_DrivingBehaviorDataset,,Sudden Left Turn,TURN,harsh,177,2.324256768798828,-0.1910230895996092,-9.889591986083984,0.15741751624334277,0.43264567307405677,0.12099527642532204,4.1631249296142485,9.249060447346523,3.2527768010224776,-8.552784145752756,-4.73220022918798,1.3192474167834978,32.539594763183594,-2.674323254394531,-138.45428780517577,0.6057330200195312,-2.1930887207031247,-11.789048974609374,4.53940634765625,3.77326181640625,-7.912836486816405,0.15741751624334277,0.43264567307405677,0.12099527642532008,2.205059729003906,-0.9959878906249999,-9.961076007080077,1.2424727303517684,2.059806954510957,1.0892925812454475,4.95277748102847,1.0361174263643023,10.160840959255484,0
Yuksel_Atmaca_2020_DrivingBehaviorDataset,,Sudden Left Turn,TURN,harsh,178,2.3413582092285146,-0.19683757934570228,-9.99767308959961,0.15288201177842345,0.42935274652689626,0.09074766891724606,4.366991595780453,9.287886882533519,0.9658390588562277,-8.040787875600477,-4.459001358779798,7.943752535648735,32.779014929199214,-2.7557261108398436,-139.96742325439453,0.6057330200195312,-2.1930887207031247,-11.789048974609374,4.53940634765625,3.77326181640625,-8.001421948242188,0.15288201177842248,0.42935274652689626,0.09074766891724802,2.205059729003906,-0.9959878906249999,-9.961076007080077,1.2244428858900986,2.051953243065736,0.9433613450779766,4.957632847475342,1.047254858170768,10.270061854880362,0
Yuksel_Atmaca_2020_DrivingBehaviorDataset,,Sudden Left Turn,TURN,harsh,179,2.365471240234375,-0.20196801147460894,-9.994252801513673,0.14872988622830371,0.4301586159365678,0.09091865762827263,4.17207354513009,9.336250833421717,0.8467147159264873,-7.22243704623265,-4.449502982401863,7.757925870426056,33.11659736328125,-2.8275521606445313,-139.9195392211914,0.6057330200195312,-2.1930887207031247,-11.789048974609374,4.53940634765625,3.77326181640625,-8.001421948242188,0.14872988622830371,0.4301586159365678,0.09091865762827459,2.205059729003906,-1.0319009155273438,-9.961076007080077,1.2077010966215118,2.0538780370251644,0.9442496776967007,4.9497293709359305,1.0474889772101919,10.272357778358328,0
Yuksel_Atmaca_2020_DrivingBehaviorDataset,,Sudden Left Turn,TURN,harsh,180,2.1915495910644527,-0.14331007080078081,-10.03580930175781,0.12762006767013792,0.4163897307111664,0.0875635758496248,7.36705432214885,9.105170298935604,2.1495483595294207,1.752728276174114,-4.043881562330451,11.373889020760348,30.68169427490234,-2.0063409912109376,-140.50133022460938,0.6057330200195312,-2.1930887207031247,-11.789048974609374,4.53940634765625,3.77326181640625,-8.001421948242188,0.12762006767013792,0.4163897307111664,0.0875635758496248,1.9883844787597655,-0.8906430175781249,-9.991003527832031,1.118715932047705,2.0207395558751897,0.9266635533491777,4.999069773595733,1.0475860637504193,10.273309872078048,0
Yuksel_Atmaca_2020_DrivingBehaviorDataset,,Sudden Left Turn,TURN,harsh,181,2.1164742675781247,-0.1258666015624997,-9.978177447509765,0.09695293723986609,0.41050295295027583,0.0883872282137117,3.558180147230965,9.190055066699218,0.15843454915247085,-5.013590274284617,-3.775163475943078,10.134762027802346,29.63063974609375,-1.7621324218749999,-139.6944842651367,0.6057330200195312,-2.1930887207031247,-11.789048974609374,3.9935283691406247,3.77326181640625,-8.001421948242188,0.09695293723986609,0.4105029529502749,0.08838722821370876,1.9883844787597655,-0.8906430175781249,-9.90840357055664,0.9750812899360439,2.006404441669181,0.9310116065667341,4.757530538408418,1.040207160361533,10.200947549159428,0
Yuksel_Atmaca_2020_DrivingBehaviorDataset,,Sudden Left Turn,TURN,harsh,182,2.086375732421874,-0.23104046020507812,-9.850258673095702,0.0858378231452054,0.4231657686007705,0.10540046364791433,1.3763270065032944,10.305351950591714,-1.0019667474575902,-9.2842240451778,-2.8980183251311047,1.8846675100011026,29.209260253906248,-3.2345664428710936,-137.90362142333984,0.6057330200195312,-2.1930887207031247,-11.789048974609374,3.5721488769531247,3.77326181640625,-8.001421948242188,0.0858378231452054,0.4231657686007705,0.10540046364791138,1.9883844787597655,-1.0319009155273438,-9.811438403320311,0.9174865058119023,2.0371152605212965,1.016673721915143,4.6905081166893225,1.0270012460501163,10.071441769577373,0
Yuksel_Atmaca_2020_DrivingBehaviorDataset,,Sudden Left Turn,TURN,harsh,183,2.2402886962890616,-0.22043756713867158,-9.85094273071289,0.08425383305732986,0.41956562762569855,0.10543019076115741,-1.5184562520484755,10.370411965882312,-0.9793972723486911,-8.972454816244396,-2.7513098658808155,1.859065766748755,31.364041748046873,-3.086125939941406,-137.91319822998045,0.6057330200195312,-2.1930887207031247,-11.789048974609374,3.5721488769531247,3.77326181640625,-8.001421948242188,0.08425383305732986,0.41956562762569855,0.10543019076115741,2.205059729003906,-1.0319009155273438,-9.811438403320311,0.9089817665672212,2.028431231803425,1.0168170829740784,4.730503444410814,1.0304107899145418,10.10487797291544,0
Yuksel_Atmaca_2020_DrivingBehaviorDataset,,Sudden Left Turn,TURN,harsh,184,2.2349872497558594,-0.09833328247070285,-9.708316717529296,0.08374119130178065,0.38794802927455035,0.09108401951319703,-1.3821736545835834,10.420212575494997,-3.433147953552157,-8.71197066192614,-2.0086266085740454,10.651125226034335,31.28982149658203,-1.3766659545898436,-135.91643404541014,0.6057330200195312,-1.9752163696289062,-11.789048974609374,3.5721488769531247,3.77326181640625,-8.001421948242188,0.08374119130178065,0.38794802927455035,0.091084019513199,2.205059729003906,-0.8906430175781249,-9.666589202880859,0.9062122012418574,1.9505052015529905,0.9451079832268463,4.6875542322639125,1.0159170708420364,9.962743142773055,0
Yuksel_Atmaca_2020_DrivingBehaviorDataset,,Sudden Left Turn,TURN,harsh,185,2.3653002258300773,-0.06960286254882785,-9.682493542480467,0.07759361400501007,0.3776608037218445,0.09563343367209635,-4.542946280204355,10.727475716792902,-3.396959108841965,-4.271811499259532,-1.5371594595188345,7.711824175147807,33.11420316162109,-0.9744400756835937,-135.55490959472655,0.6057330200195312,-1.9752163696289062,-11.789048974609374,3.5721488769531247,3.77326181640625,-8.001421948242188,0.07759361400501007,0.3776608037218445,0.09563343367209834,2.519897247314453,-0.8906430175781249,-9.666589202880859,0.872314974525967,1.9244706599007506,0.9684232609352605,4.722421146102521,1.016397606615255,9.967455588913488,0
Yuksel_Atmaca_2020_DrivingBehaviorDataset,,Sudden Left Turn,TURN,harsh,186,2.473723358154297,-0.4020548645019524,-9.683177600097656,0.0951781649881826,0.2548518554342472,0.09562002178522143,-3.567686262460954,13.924327941770342,-3.373647883453906,-6.484839265220479,11.654260659319498,7.711472017036547,34.632127014160154,-5.628768103027343,-135.5644864013672,0.6057330200195312,-1.9752163696289062,-11.789048974609374,3.9169139160156248,3.268085266113281,-8.001421948242188,0.0951781649881826,0.2548518554342472,0.09562002178522241,2.7257985900878903,-0.9157821350097656,-9.67137760620117,0.9661153925289484,1.5808994111246508,0.9683553514284188,4.625366010134237,1.0199450310071312,10.002243938326082,0
Yuksel_Atmaca_2020_DrivingBehaviorDataset,,Sudden Left Turn,TURN,harsh,187,2.4797088623046877,-0.33775344848632777,-9.841707952880858,0.0956724232091352,0.3125864313752598,0.1563044452523968,-3.717069488269742,16.53741492057211,-8.713173214418015,-6.65929670437688,24.230238748194058,9.300898176686308,34.71592407226562,-4.728548278808593,-137.78391134033203,0.6057330200195312,-1.9752163696289062,-12.61504854736328,3.9169139160156248,4.168305090332031,-8.001421948242188,0.0956724232091352,0.3125864313752598,0.1563044452523958,2.7365724975585937,-0.9157821350097656,-9.67137760620117,0.9686206528171216,1.750835722518305,1.2380722870795577,5.6131779827233625,1.0355128966871223,10.154912548296767,0
Yuksel_Atmaca_2020_DrivingBehaviorDataset,,Sudden Left Turn,TURN,harsh,188,2.454056701660156,0.07541735229492187,-9.81263550415039,0.09462510129580094,0.6023677701293274,0.1572762931854682,-2.9078843102464518,15.548829365784943,-9.412838695795687,-6.479428352626915,15.769967549917776,9.882324537241432,34.356793823242185,1.0558429321289062,-137.37689705810547,0.6057330200195312,-1.9752163696289062,-12.61504854736328,3.9169139160156248,5.954379528808594,-8.001421948242188,0.09462510129580094,0.6023677701293274,0.1572762931854682,2.5570073730468748,-0.9157821350097656,-9.568426934814452,0.963304339044764,2.430475240141065,1.2419152791423698,6.769934679874072,1.03145642093108,10.115132110323772,1
Yuksel_Atmaca_2020_DrivingBehaviorDataset,,Sudden Left Turn,TURN,harsh,189,2.48501030883789,0.30269549560546805,-9.710539904785156,0.09298173727289973,0.5737488557870567,0.14920612383209822,-4.010509945651251,14.091139047029234,-12.524725842594993,-4.81211303715413,12.40028235291556,19.66341353306578,34.790144323730466,4.237736938476562,-135.94755866699217,0.6057330200195312,-1.697488977050781,-12.61504854736328,3.9169139160156248,5.954379528808594,-8.001421948242188,0.09298173727289973,0.5737488557870567,0.14920612383209722,2.5570073730468748,-0.8559270935058593,-9.504980590820312,0.9549027981042274,2.372035880125792,1.2096330990337698,6.626415772817357,1.02257498778415,10.028035003953432,1
Yuksel_Atmaca_2020_DrivingBehaviorDataset,,Sudden Left Turn,TURN,harsh,190,2.346317626953125,0.4733678710937491,-9.742690612792966,0.17768773012848907,0.5622548815814346,0.1386131997544021,-16.702403817468486,12.28164491288826,-14.704957649119756,40.04154471790572,8.980816471994997,22.567546471773948,32.848446777343746,6.6271501953125,-136.39766857910155,-1.3359645263671873,-1.697488977050781,-12.61504854736328,3.9169139160156248,5.954379528808594,-8.413224633789062,0.17768773012848907,0.5622548815814346,0.13861319975440306,2.5570073730468748,-0.6572083557128906,-9.504980590820312,1.320045975966199,2.3481560498528573,1.1659035703571377,7.2007729274680194,1.0230213852005805,10.03241266717727,1
Yuksel_Atmaca_2020_DrivingBehaviorDataset,,Sudden Left Turn,TURN,harsh,191,2.100227899169921,0.46054179077148394,-9.52909362182617,0.2847188299957375,0.56087587561229,0.10774577101549344,-13.693962173434148,12.506003304230324,-21.074517478097253,12.540764165466069,9.577413812411173,63.84023727410425,29.403190588378905,6.4475850708007805,-133.4073107055664,-1.4796166259765624,-1.697488977050781,-12.61504854736328,3.9169139160156248,5.954379528808594,-8.413224633789062,0.2847188299957365,0.560875875612291,0.10774577101549246,2.5570073730468748,-0.6572083557128906,-9.44871685180664,1.670969154167035,2.3452746972525995,1.0279226942377948,7.247113750904473,0.9961259051350059,9.768658107592206,1
Yuksel_Atmaca_2020_DrivingBehaviorDataset,,Sudden Left Turn,TURN,harsh,192,2.0839815307617178,0.2973940490722648,-9.617508068847656,0.28814732386974107,0.5313886861194779,0.11690302904064864,-13.237794193681408,15.519794664606518,-16.85447106262612,10.772620090673177,19.982666612797125,41.843653092387434,29.17574143066406,4.163516687011718,-134.64511296386718,-1.4796166259765624,-1.697488977050781,-12.61504854736328,3.9169139160156248,5.954379528808594,-8.413224633789062,0.28814732386974107,0.5313886861194779,0.11690302904064864,2.5570073730468748,-0.6572083557128906,-9.504980590820312,1.680999688764754,2.2827927761261164,1.0707133555445543,7.327070728537825,1.0039305950948845,9.845195970387248,1
Yuksel_Atmaca_2020_DrivingBehaviorDataset,,Sudden Left Turn,TURN,harsh,193,2.0807322570800775,0.30081433715820255,-9.618021112060548,0.28840916719471016,0.5304679677934594,0.11691770310940576,-13.156889595731043,15.524711462518155,-16.83511585498988,10.547073391609468,20.040183839397724,41.77973539713925,29.13025159912109,4.211400720214844,-134.65229556884765,-1.4796166259765624,-1.697488977050781,-12.61504854736328,3.9169139160156248,5.954379528808594,-8.413224633789062,0.28840916719470916,0.5304679677934594,0.11691770310940675,2.5570073730468748,-0.6572083557128906,-9.504980590820312,1.6817632887746126,2.280814261697285,1.0707805532404229,7.3226400289295155,1.0039222179540306,9.845113818698893,1
Yuksel_Atmaca_2020_DrivingBehaviorDataset,,Sudden Left Turn,TURN,harsh,194,2.0973206542968748,0.29089550170898437,-9.60040662841797,0.28710042589536017,0.5330735993714281,0.11612146546428011,-13.569725441995468,15.515629954828798,-17.55166824948224,11.703483710887879,19.885210811046782,44.41803157492598,29.362489160156247,4.072537023925781,-134.40569279785154,-1.4796166259765624,-1.697488977050781,-12.61504854736328,3.9169139160156248,5.954379528808594,-8.413224633789062,0.28710042589536017,0.5330735993714281,0.11612146546428011,2.5570073730468748,-0.6823474731445313,-9.504980590820312,1.67794320273564,2.2864090214298534,1.0671281878459065,7.345583539221686,1.0024965996613964,9.831133279069432,1
Yuksel_Atmaca_2020_DrivingBehaviorDataset,,Sudden Left Turn,TURN,harsh,195,2.1419554138183585,0.28730419921875,-9.5877515625,0.30358112013649385,0.5345432897366007,0.1165221648546367,-12.425502254179587,15.467047006577964,-17.857895068318285,9.908546741798387,19.758273187460222,44.99748082211818,29.98737579345703,4.0222587890625,-134.22852187499998,-1.4796166259765624,-1.697488977050781,-12.61504854736328,4.113238452148437,5.954379528808594,-8.413224633789062,0.30358112013649385,0.5345432897366007,0.1165221648546367,2.5570073730468748,-0.6823474731445313,-9.439140045166015,1.7254314798874373,2.289558680683995,1.0689677675083225,7.375368049476073,1.002207767731476,9.82830080542388,1
Yuksel_Atmaca_2020_DrivingBehaviorDataset,,Sudden Left Turn,TURN,harsh,196,2.097149639892577,0.32526939697265583,-9.55594288330078,0.29237294501834127,0.5220075305173024,0.12617205600142384,-12.674823938172063,15.721358695385806,-15.148904027913632,11.181007159129106,20.7554991150202,39.027963619773665,29.36009495849609,4.553771557617187,-133.78320036621093,-1.4796166259765624,-1.697488977050781,-12.61504854736328,4.113238452148437,5.954379528808594,-7.967903124999999,0.29237294501834127,0.5220075305173024,0.1261720560014248,2.5570073730468748,-0.6823474731445313,-9.439140045166015,1.6932805855097133,2.2625527947757385,1.1123512003797977,7.337456320885102,0.9981760341903265,9.788763005692566,1
Yuksel_Atmaca_2020_DrivingBehaviorDataset,,Sudden Left Turn,TURN,harsh,197,2.12382788696289,0.280634637451171,-9.461542932128907,0.2998150777178311,0.5446811635231733,0.12858311244662052,-12.415421625320308,14.679814561187218,-17.19301054465829,10.264839490719917,18.86712775292836,43.70233777098843,29.733590417480467,3.928884924316406,-132.46160104980467,-1.4796166259765624,-2.3223756103515623,-12.61504854736328,4.113238452148437,5.954379528808594,-7.967903124999999,0.2998150777178311,0.5446811635231733,0.12858311244662052,2.5570073730468748,-0.6823474731445313,-9.384073406982422,1.7146957549085984,2.311168001739496,1.1229290180927072,7.424337756012493,0.9892308730864763,9.701040941553494,1
Yuksel_Atmaca_2020_DrivingBehaviorDataset,,Sudden Left Turn,TURN,harsh,198,2.0371235839843744,0.22556799926757728,-9.495574798583984,0.3007025072010658,0.5582534020959178,0.12857480388547365,-10.708740439746128,14.737773150343358,-16.171119473724332,6.817061674260835,18.200483523923058,40.95487096817283,28.51973017578125,3.1579519897460937,-132.93804718017577,-1.4796166259765624,-2.3223756103515623,-12.61504854736328,4.113238452148437,5.954379528808594,-7.967903124999999,0.3007025072010658,0.5582534020959178,0.12857480388547365,2.4588451049804685,-0.8918401184082031,-9.439140045166015,1.7172315633726667,2.3397854016263837,1.1228927377641578,7.410658520987276,0.9905780379693446,9.714252116052073,1
Yuksel_Atmaca_2020_DrivingBehaviorDataset,,Sudden Left Turn,TURN,harsh,199,2.06636704711914,0.2582317504882808,-9.50942696533203,0.3080919076757928,0.5473031199624899,0.12646633386795364,-10.621022327348104,14.921424818178437,-16.325934363581165,6.008030947109245,19.023843289411587,42.27676799074798,28.929138659667966,3.6152445068359373,-133.13197751464844,-1.4796166259765624,-2.3223756103515623,-12.61504854736328,4.113238452148437,5.954379528808594,-7.967903124999999,0.3080919076757928,0.5473031199624899,0.12646633386795364,2.4588451049804685,-0.8918401184082031,-9.439140045166015,1.738202953169973,2.316724010619339,1.1136476431197482,7.393577289316925,0.9926703357266671,9.734770547853918,1
Yuksel_Atmaca_2020_DrivingBehaviorDataset,,Sudden Left Turn,TURN,harsh,200,2.03353228149414,0.41710413208007724,-9.53080376586914,0.2962857473945386,0.543582532149897,0.12753621768389783,-11.248874736540772,12.906120562349221,-15.501137205114558,7.206223316359667,14.502230309882886,39.30812795118537,28.469451940917967,5.839457849121094,-133.43125272216795,-1.4796166259765624,-2.3223756103515623,-12.61504854736328,4.113238452148437,5.954379528808594,-7.967903124999999,0.2962857473945376,0.543582532149897,0.12753621768389783,2.4588451049804685,-0.4213794921875,-9.439140045166015,1.704573443617684,2.308835992206416,1.11834835769084,7.246806188760078,0.9946569837194155,9.754252909392006,1
Yuksel_Atmaca_2020_DrivingBehaviorDataset,,Sudden Left Turn,TURN,harsh,201,2.0275467773437494,0.6577213989257804,-9.43383859863281,0.29520494393889635,0.8244758976170644,0.07527503727307751,-11.220129086390953,15.792784982437082,-4.509364119281678,7.292494016143232,20.589344606041966,5.167271587656697,28.3856548828125,9.208099584960937,-132.07374038085936,-1.4796166259765624,-2.3223756103515623,-11.257536206054686,4.113238452148437,7.536946826171874,-7.967903124999999,0.29520494393889635,0.8244758976170644,0.07527503727307751,2.4588451049804685,-0.4213794921875,-9.439140045166015,1.701461596239651,2.8434743820485506,0.859183300742063,7.9340916669631945,0.986234043865793,9.67165208627648,1
Yuksel_Atmaca_2020_DrivingBehaviorDataset,,Sudden Left Turn,TURN,harsh,202,2.0465293762207026,0.5209098754882809,-9.599551556396484,0.2975774123043967,0.6920425073664916,0.11584744995270753,-11.419697342658273,16.86832038831595,-6.503395381566301,7.289614840612119,32.49079668607925,1.3579497987297582,28.65141126708984,7.292738256835937,-134.39372178955077,-1.4796166259765624,-2.3223756103515623,-11.79144317626953,4.113238452148437,7.536946826171874,-7.967903124999999,0.2975774123043957,0.6920425073664916,0.11584744995270753,2.5917232971191404,-0.4213794921875,-9.549273321533203,1.7082849675551524,2.6051139427797794,1.0658683760571595,8.152476249302355,1.00228829215944,9.829090480305371,1
Yuksel_Atmaca_2020_DrivingBehaviorDataset,,Sudden Left Turn,TURN,harsh,203,2.095952539062499,0.44822875366210846,-9.639739941406248,0.3053842449114863,0.6886369447358521,0.11645199653460378,-11.756006815746359,17.93583411671814,-5.203036494239862,6.960887376464167,35.84387470818786,-0.229932475709459,29.343335546874997,6.275202551269531,-134.9563591796875,-1.4796166259765624,-2.3223756103515623,-11.79144317626953,4.113238452148437,7.536946826171874,-7.967903124999999,0.3053842449114863,0.6886369447358521,0.11645199653460477,2.7748797241210936,-0.4213794921875,-9.70369932861328,1.730548007239682,2.5986961142261027,1.0686458589336707,8.2258401137164,1.006984667163322,9.875146186237192,1
Yuksel_Atmaca_2020_DrivingBehaviorDataset,,Sudden Left Turn,TURN,harsh,204,2.1469148315429676,0.687819934082031,-9.691044262695312,0.27067881653996545,0.8141514425163079,0.10682087432145959,-11.024397110273505,13.865960626726,-5.492100593738927,6.601696742246993,13.5889349552116,2.9615399750409943,30.056807641601562,9.629479077148437,-135.67461967773437,-1.4796166259765624,-2.3223756103515623,-11.79144317626953,4.113238452148437,7.536946826171874,-7.967903124999999,0.27067881653996545,0.8141514425163079,0.10682087432146058,2.7748797241210936,-0.4213794921875,-9.70369932861328,1.629249034439381,2.825614666537629,1.023501307847018,8.029566936794957,1.0145980493662066,9.94980796081711,1
Yuksel_Atmaca_2020_DrivingBehaviorDataset,,Sudden Left Turn,TURN,harsh,205,2.4509784423828114,0.8128314636230468,-9.924649938964844,0.1604808830591341,0.8413732853090524,0.13894340965885155,-11.271157313577044,11.970057838608103,-4.569711323511882,13.880053119738934,7.551155823825071,-2.1518258073651504,34.31369819335937,11.379640490722656,-138.9450991455078,-0.622492431640625,-2.3223756103515623,-12.069170568847655,4.113238452148437,7.536946826171874,-7.967903124999999,0.1604808830591341,0.8413732853090524,0.13894340965885352,2.7940333374023436,-0.4213794921875,-9.733626849365233,1.254503826957839,2.872464678351333,1.1672914753098302,7.697981511690483,1.0457271387020284,10.255080044752246,1
Yuksel_Atmaca_2020_DrivingBehaviorDataset,,Sudden Left Turn,TURN,harsh,206,2.528276953125,0.8627676696777339,-9.918322406005858,0.14467510284277027,0.8366748855131176,0.13797338915960367,-13.88726000473158,11.488578341337364,-4.732855442585242,27.771329964644423,6.933794813856574,-1.591277595427093,35.39587734375,12.07874737548828,-138.85651368408202,-0.622492431640625,-2.3223756103515623,-12.069170568847655,4.113238452148437,7.536946826171874,-7.967903124999999,0.14467510284277027,0.8366748855131166,0.1379733891596017,2.7940333374023436,-0.35673604736328124,-9.733626849365233,1.1911247194534496,2.864433236439141,1.1632096701807495,7.687532955933076,1.0474310896042678,10.271790094867692,1
Yuksel_Atmaca_2020_DrivingBehaviorDataset,,Sudden Left Turn,TURN,harsh,207,2.7162217834472653,0.8383126098632806,-9.876252862548828,0.1606113053086849,0.8470106938275002,0.14204065947429442,-14.216482212250416,11.42820396776968,-5.526489051464449,29.728307556290915,6.548499656676594,-2.4708917333469285,38.02710496826172,11.736376538085937,-138.2675400756836,-0.622492431640625,-2.3223756103515623,-12.069170568847655,4.3239281982421875,7.536946826171874,-7.967903124999999,0.16061130530868586,0.8470106938275002,0.14204065947429442,2.877830395507812,-0.3711012573242187,-9.70369932861328,1.2550134888539741,2.882071723712554,1.1802300763976474,7.799205154407025,1.0479835380563167,10.277207763479979,1
Yuksel_Atmaca_2020_DrivingBehaviorDataset,,Sudden Left Turn,TURN,harsh,208,2.893392706298828,0.7675126464843747,-9.784418127441407,0.17155805140584696,0.8822803720987757,0.15780233398125734,-15.64820516423184,11.022074028096847,-5.808370201139193,33.91469175284661,5.289865063394427,-4.981587985332504,40.50749788818359,10.74517705078125,-136.9818537841797,-0.622492431640625,-2.3223756103515623,-12.069170568847655,4.3263223999023435,7.536946826171874,-7.967903124999999,0.17155805140584696,0.8822803720987757,0.15780233398125734,3.0406361083984375,-0.3711012573242187,-9.5384994140625,1.2970773935348467,2.941464739044556,1.2439904575748557,7.962837505237483,1.0433826537876265,10.232088501766427,1
Yuksel_Atmaca_2020_DrivingBehaviorDataset,,Sudden Left Turn,TURN,harsh,209,2.748543505859375,0.7764053955078123,-9.73875728149414,0.16270355644959636,0.8777705352104623,0.16502173493584565,-14.011318958613117,11.072236635283806,-6.183796860586368,31.077242498422425,5.449693240277829,-6.119822209516429,38.479609082031246,10.869675537109375,-136.34260194091797,-0.622492431640625,-2.3223756103515623,-12.069170568847655,4.3263223999023435,7.536946826171874,-7.967903124999999,0.16270355644959636,0.8777705352104623,0.1650217349358476,2.877830395507812,-0.3711012573242187,-9.442731347656249,1.2631614433066096,2.9339373577364736,1.2721282942017418,7.9056707379902695,1.0349023943224038,10.1489255652818,1
Yuksel_Atmaca_2020_DrivingBehaviorDataset,,Sudden Left Turn,TURN,harsh,210,2.7425580017089843,0.6891880493164058,-9.885829669189452,0.16249661321903644,0.9213431734951639,0.13869962227929128,-13.878034209814325,10.63965305552963,-6.7662936013294015,30.890790675711635,4.029697666632974,-5.5316559971111,38.39581202392578,9.648632690429688,-138.40161536865233,-0.622492431640625,-2.3223756103515623,-12.069170568847655,4.3263223999023435,7.536946826171874,-8.406042028808594,0.16249661321903644,0.9213431734951639,0.1386996222792903,2.835931866455078,-0.4333505004882812,-9.80665,1.2623578779508071,3.0058759176580043,1.1662669723631935,7.9361415164491484,1.0485054769221382,10.282326235258486,1
Yuksel_Atmaca_2020_DrivingBehaviorDataset,,Sudden Left Turn,TURN,harsh,211,2.6775725280761713,0.8495995605468745,-9.861887652587889,0.15675326813723006,0.851976522022944,0.14558708866869058,-13.106290922076383,11.037229479715858,-6.068535064946385,31.76728777783395,6.0580593330131265,-6.022383843072375,37.4860153930664,11.89439384765625,-138.06642713623046,-0.622492431640625,-2.152387292480469,-12.069170568847655,4.3263223999023435,7.536946826171874,-8.396465222167969,0.15675326813723006,0.851976522022944,0.14558708866869058,2.7940333374023436,0.05626373901367187,-9.80665,1.239848554049231,2.890507837681175,1.194873057313124,7.777090719660213,1.045634537557283,10.254171937736128,1
Yuksel_Atmaca_2020_DrivingBehaviorDataset,,Sudden Left Turn,TURN,harsh,212,2.730586993408203,0.7868372741699212,-9.967574554443358,0.14620373999235703,0.8866049251830341,0.15813899610810875,-15.135482085627686,10.536417833687487,-3.5218693523491997,44.231442072502254,4.835617854958646,-11.574600539622974,38.22821790771484,11.015721838378905,-139.54604376220703,-0.622492431640625,-2.152387292480469,-12.069170568847655,4.3263223999023435,7.536946826171874,-8.396465222167969,0.14620373999235703,0.8866049251830341,0.15813899610810483,2.7940333374023436,0.05626373901367187,-9.93354268798828,1.1974008964403067,2.94866481471635,1.2453167413086335,7.824565572763373,1.0569089754331353,10.364736403931357,1
Yuksel_Atmaca_2020_DrivingBehaviorDataset,,Sudden Left Turn,TURN,harsh,213,2.599760974121093,0.8914980895996089,-9.996818017578125,0.1512035700188228,0.8598854404145706,0.15254436046068232,-11.590355918471513,10.016612390697999,-3.3381480814608637,31.88770214841959,5.2329827510131715,-10.697717482055346,36.39665363769531,12.48097325439453,-139.95545224609373,-0.622492431640625,-2.152387292480469,-12.069170568847655,4.3263223999023435,7.536946826171874,-8.396465222167969,0.1512035700188228,0.8598854404145706,0.1525443604606843,2.7581203125,0.29927520751953124,-9.93354268798828,1.217702956358854,2.903893171974745,1.2230900018035367,7.670694298308741,1.0572145868799012,10.367733428425783,1
Yuksel_Atmaca_2020_DrivingBehaviorDataset,,Sudden Left Turn,TURN,harsh,214,2.5055320373535155,1.0619994506835935,-9.990319470214843,0.14613359736559411,0.9182999598379313,0.15274621963546967,-9.86494438091962,7.865746790413724,-3.5109485472843756,31.692219521041412,-1.8309822263342046,-10.669257661309796,35.07744852294922,14.867992309570312,-139.8644725830078,-0.622492431640625,-2.152387292480469,-12.069170568847655,4.3263223999023435,7.536946826171874,-8.396465222167969,0.14613359736559411,0.9182999598379313,0.1527462196354677,2.6982652709960937,0.29927520751953124,-9.888052856445311,1.1971136297801095,3.000907579573995,1.2238989806304135,7.485392607222115,1.0558471626043733,10.354323577154178,1
Yuksel_Atmaca_2020_DrivingBehaviorDataset,,Sudden Left Turn,TURN,harsh,215,2.5004016052246087,0.762382214355468,-9.77005291748047,0.1458272051223193,0.6203707713406814,0.16070506968543907,-9.756889888320302,3.13145656089628,-5.770682605890508,31.750583517095087,-14.573245456911295,-6.636921618975244,35.00562247314453,10.673351000976561,-136.78074084472655,-0.622492431640625,-2.152387292480469,-12.069170568847655,4.3263223999023435,4.630386010742187,-8.173804467773436,0.1458272051223193,0.6203707713406814,0.16070506968544102,2.6982652709960937,0.29927520751953124,-9.561244329833984,1.195858002069139,2.466527726332728,1.2553797718741246,5.477213023899899,1.0313116020117419,10.113711921868449,0
Yuksel_Atmaca_2020_DrivingBehaviorDataset,,Sudden Left Turn,TURN,harsh,216,2.3988190490722645,0.5506663818359374,-9.611864593505858,0.15523610624430204,0.5319994504726847,0.12619940969886634,-6.833929196227121,4.538666621569689,-7.924243724091105,20.90115187064939,-9.856744213154927,3.816954765814447,33.583466687011715,7.709329345703124,-134.56610430908202,-0.622492431640625,-2.152387292480469,-12.069170568847655,4.3263223999023435,4.630386010742187,-8.173804467773436,0.15523610624430204,0.5319994504726847,0.12619940969886728,2.4133552734375,0.29927520751953124,-9.446322650146485,1.2338339277636559,2.2841042907402347,1.1124717709332665,5.640105315543404,1.0117594628306574,9.921970936168266,0
Yuksel_Atmaca_2020_DrivingBehaviorDataset,,Sudden Left Turn,TURN,harsh,217,2.295184320068359,0.5388663879394527,-9.530632751464845,0.1537802998798394,0.5331351732926867,0.12923980673138766,-4.390390075276046,4.694023317856013,-9.806975871678938,19.30725207380568,-9.842834515582418,5.523891269286548,32.13258048095703,7.544129431152343,-133.42885852050782,-0.622492431640625,-2.152387292480469,-12.069170568847655,4.3263223999023435,4.630386010742187,-8.173804467773436,0.1537802998798394,0.5331351732926867,0.12923980673138963,2.1535843933105467,0.2166752502441406,-9.242815509033203,1.2280348438935391,2.286541066145703,1.1257928542508975,5.630057255616998,1.0011474314670168,9.81790245879602,0
Yuksel_Atmaca_2020_DrivingBehaviorDataset,,Sudden Left Turn,TURN,harsh,218,2.480392919921875,0.17990715332031193,-9.59972257080078,0.08406620795405798,0.3945144036586467,0.13057883718426383,11.19421139260345,5.697196520640741,-7.722096354158562,8.658741373188988,-6.728524730288156,1.8083821245009428,34.725500878906246,2.518700146484375,-134.39611599121093,1.3168109130859373,-2.152387292480469,-12.069170568847655,4.3263223999023435,3.7301661865234372,-8.173804467773436,0.08406620795405798,0.39451440365864576,0.13057883718426383,2.1535843933105467,-0.02633621826171875,-9.446322650146485,0.9079690954171652,1.9669429774752152,1.131609894651451,4.702123803448721,1.0112140085689214,9.916621857132414,0
Yuksel_Atmaca_2020_DrivingBehaviorDataset,,Sudden Left Turn,TURN,harsh,219,2.3830857238769525,0.09217676391601562,-9.403056005859375,0.09123888569737763,0.3585460643579173,0.07912967008627186,12.159975980383257,6.486657652014625,-4.751948032260331,9.411961526868316,-1.9759558819215448,-3.1938590461793077,33.36320013427734,1.2904746948242187,-131.64278408203126,1.3168109130859373,-2.152387292480469,-11.195286962890624,4.3263223999023435,3.7301661865234372,-8.173804467773436,0.09123888569737763,0.3585460643579173,0.07912967008627382,2.118868469238281,-0.02633621826171875,-9.315838659667968,0.945911104926988,1.8751361982628283,0.880906907199373,4.49702430740538,0.9892038637688292,9.700776070628587,0
Yuksel_Atmaca_2020_DrivingBehaviorDataset,,Sudden Left Turn,TURN,harsh,220,2.3059582275390618,0.13304920654296848,-9.285740124511719,0.10453138558268485,0.3669165944594602,0.06857635218409203,10.40742881054137,5.7332928922392545,-8.100448843595595,5.9166628783288395,-4.102983042453325,7.751652569820566,32.28341518554687,1.8626888916015625,-130.00036174316406,1.0199299072265624,-2.152387292480469,-11.195286962890624,4.3263223999023435,3.7301661865234372,-8.173804467773436,0.10453138558268485,0.3669165944594591,0.06857635218409398,2.1116858642578125,-0.02633621826171875,-9.239224206542968,1.0124735613458957,1.896898157797583,0.8200635854286864,4.546151238640863,0.9757363610861196,9.568704985445194,0
Yuksel_Atmaca_2020_DrivingBehaviorDataset,,Sudden Left Turn,TURN,harsh,221,2.257219122314453,0.11047530517578069,-9.2977111328125,0.08632103968342832,0.374476273868634,0.06845719964504082,9.095471136752014,5.684160696308343,-7.623220528642515,6.167717301642477,-4.680166740770528,7.281793623240408,31.60106771240234,1.5466542724609373,-130.16795585937498,1.0199299072265624,-2.152387292480469,-11.195286962890624,4.3263223999023435,3.7301661865234372,-8.173804467773436,0.08632103968342832,0.3744762738686331,0.06845719964504278,2.1116858642578125,-0.02633621826171875,-9.315838659667968,0.9200653367079419,1.9163396753012858,0.8193508387126139,4.580845389306761,0.9757073751088468,9.568420730111173,0
Yuksel_Atmaca_2020_DrivingBehaviorDataset,,Sudden Left Turn,TURN,harsh,222,2.2065988586425775,0.1547680358886713,-9.3633806640625,0.06697529213004311,0.3571270122160129,0.06175310612275025,4.972218321601627,6.073737183738451,-7.317864392722585,-4.984152058166014,-3.6009935624999847,11.466558836745236,30.892384020996094,2.166752502441406,-131.087329296875,1.0199299072265624,-2.152387292480469,-11.195286962890624,3.641580725097656,3.7301661865234372,-8.173804467773436,0.06697529213004311,0.3571270122160129,0.06175310612275123,2.1116858642578125,-0.02633621826171875,-9.320627062988281,0.8104339877911667,1.8714218162531298,0.778197338827806,4.265972993386568,0.9810810942042031,9.621118912477646,0
Yuksel_Atmaca_2020_DrivingBehaviorDataset,,Sudden Left Turn,TURN,harsh,223,2.2963814208984368,0.2170172790527338,-9.398609631347655,0.07609214748831838,0.3403792910327128,0.05856286272865074,2.5271573819081463,5.919173719397103,-6.853858326483033,-11.207230615716083,-2.099014057531216,14.4115024158582,32.149339892578126,3.038241906738281,-131.58053483886718,1.0199299072265624,-2.152387292480469,-11.195286962890624,3.641580725097656,3.7301661865234372,-8.173804467773436,0.07609214748831838,0.3403792910327128,0.05856286272865074,2.1535843933105467,-0.02633621826171875,-9.320627062988281,0.8638339297378409,1.8270141144517609,0.757829464838845,4.168911830173555,0.9868320556721168,9.677516578756965,0
Yuksel_Atmaca_2020_DrivingBehaviorDataset,,Sudden Left Turn,TURN,harsh,224,2.390097314453125,0.28337086791992144,-9.460003802490235,0.10025327629538608,0.31213465376438937,0.07241598333934046,4.221456848122411,7.13292755879497,-6.957722214921516,-10.162060778346053,-0.4666520771449358,4.419917054373865,33.461362402343745,3.967192150878906,-132.44005323486329,1.0199299072265624,-2.133233679199219,-11.195286962890624,4.173093493652344,3.7301661865234372,-8.173804467773436,0.10025327629538608,0.31213465376438937,0.07241598333934242,2.1535843933105467,-0.02633621826171875,-9.320627062988281,0.9915385983319831,1.7495700335621183,0.8427088483069123,4.25096236047266,0.9953837272586755,9.76137982892129,0
Yuksel_Atmaca_2020_DrivingBehaviorDataset,,Sudden Left Turn,TURN,harsh,225,2.375048046875,0.26695348510742184,-9.456754528808593,0.099692546373605,0.31381746016821,0.07319004126924814,4.762323655395959,7.3710079885781425,-6.746173769509697,-9.484520027932916,-0.48326852906767653,4.21775569167903,33.250672656249996,3.737348791503906,-132.3945634033203,1.0199299072265624,-2.133233679199219,-11.195286962890624,4.173093493652344,3.7301661865234372,-8.173804467773436,0.099692546373605,0.31381746016821,0.07319004126924716,2.1535843933105467,-0.14125789794921875,-9.320627062988281,0.9887618064502282,1.7542799080416374,0.8472007543747058,4.271920489461519,0.9946406427582822,9.754092659305508,0
Yuksel_Atmaca_2020_DrivingBehaviorDataset,,Sudden Left Turn,TURN,harsh,226,2.3439234252929686,0.31483751831054685,-9.34422705078125,0.10248305387496863,0.291848429760451,0.04829993016261384,5.412012602228901,8.81946650650415,-4.07505750821982,-9.972831234668478,0.33819708772933627,10.764505176618322,32.81492795410156,4.407725256347656,-130.81917871093748,1.0199299072265624,-1.5610194824218748,-10.886434948730468,4.173093493652344,3.7301661865234372,-8.173804467773436,0.10248305387496863,0.291848429760451,0.04829993016261384,2.0542250244140625,-0.14125789794921875,-9.320627062988281,1.0025045836717994,1.6917610362312783,0.688229983456983,4.169980605637828,0.98289048191931,9.638862944514,0
Yuksel_Atmaca_2020_DrivingBehaviorDataset,,Sudden Left Turn,TURN,harsh,227,2.4824450927734367,0.2329216186523436,-9.276163317871093,0.10649447986758598,0.2997264969582733,0.055337920573581584,2.123611825822259,9.911725387631932,-4.423829239237551,-13.632105264281956,0.9062788407366551,4.436329708941925,34.754231298828124,3.2609026611328122,-129.8662864501953,1.0199299072265624,-1.5610194824218748,-10.886434948730468,4.173093493652344,3.7301661865234372,-8.173804467773436,0.10649447986758598,0.2997264969582733,0.05533792057358355,2.2924480895996093,-0.3507505432128906,-9.320627062988281,1.0219364417582284,1.7144424316365525,0.7366679162234077,4.204995399289848,0.9794797126378766,9.605414723940232,0
Yuksel_Atmaca_2020_DrivingBehaviorDataset,,Sudden Left Turn,TURN,harsh,228,2.5448653503417957,-0.09474197998046847,-9.106517028808593,0.10733498701670939,0.2013191150972476,0.07665840146312451,0.16194254066479902,12.184716093553629,-0.8458265193578871,-14.337639913824628,12.566650303886252,5.9827812468263355,35.62811490478516,-1.3263877197265623,-127.49123840332031,1.0199299072265624,-1.5610194824218748,-10.886434948730468,4.173093493652344,3.342305517578125,-7.431601953125,0.10733498701670939,0.20131911509724662,0.07665840146312451,2.592920397949219,-0.4991910461425781,-9.265560424804686,1.0259613298889088,1.4050857981164067,0.8670421631664467,4.199110642600563,0.9642330401593899,9.455895943279081,0
Yuksel_Atmaca_2020_DrivingBehaviorDataset,,Sudden Left Turn,TURN,harsh,229,2.4675668395996087,-0.18127526855468665,-9.218018420410155,0.11256970812804426,0.14668652616830916,0.07156578982747387,2.1438437386849514,6.9836745398077325,2.0738016214082933,-15.492563640246994,-7.4937994877489364,10.793680588269357,34.54593575439453,-2.5378537597656248,-129.0522578857422,1.0199299072265624,-1.5610194824218748,-10.886434948730468,4.173093493652344,2.1308394775390624,-7.431601953125,0.11256970812804327,0.14668652616830916,0.07156578982747583,2.2086510314941403,-0.4991910461425781,-9.320627062988281,1.050681554141827,1.1993762636672662,0.8377473681317171,3.3831907367714362,0.9732474670465684,9.54429727271223,0
Yuksel_Atmaca_2020_DrivingBehaviorDataset,,Sudden Left Turn,TURN,harsh,230,2.536827673339843,-0.017956512451171875,-9.079496752929685,0.10191289452314356,0.22982732998625538,0.08804333343138995,1.4437780488825547,10.860779781754758,0.7438932931410467,-13.713708958351937,3.6976741073313857,1.6777168215129026,35.51558742675781,-0.25139117431640623,-127.11295454101561,1.0199299072265624,-1.5610194824218748,-10.886434948730468,4.173093493652344,3.361459130859375,-7.431601953125,0.10191289452314356,0.22982732998625538,0.08804333343139095,2.366668341064453,-0.4991910461425781,-9.265560424804686,0.999712002066289,1.5012781839518323,0.9291986632550433,4.166874316369378,0.9613121605227737,9.427251898990656,0
Yuksel_Atmaca_2020_DrivingBehaviorDataset,,Sudden Left Turn,TURN,harsh,231,2.635331970214844,0.24455059814453067,-8.938922912597656,0.09734730323919799,0.33061905692678173,0.12388902912002384,-1.2056390852244512,8.994155631175696,3.1777858355041286,-12.293933892231424,-5.035721987327313,-1.9544260645325147,36.89464758300781,3.423708374023437,-125.14492077636719,1.0199299072265624,-1.5610194824218748,-10.886434948730468,4.173093493652344,3.699041564941406,-6.864176159667968,0.09734730323919799,0.33061905692678173,0.12388902912002482,2.729389892578125,-0.4991910461425781,-9.265560424804686,0.9770623988828395,1.8006291607688207,1.1022415104775778,4.341382931000246,0.9506310749262922,9.322506230925923,0
Yuksel_Atmaca_2020_DrivingBehaviorDataset,,Sudden Left Turn,TURN,harsh,232,2.7899289916992185,0.3933331298828123,-8.905404089355468,0.10889098107539691,0.34132062499614835,0.11667261179639807,-3.272052841754227,6.24635626878244,3.359551035827622,-11.707255591539603,-9.99338457395523,0.30336270855826014,39.05900588378906,5.506663818359375,-124.67565725097656,1.0199299072265624,-1.5610194824218748,-10.886434948730468,4.173093493652344,3.699041564941406,-6.864176159667968,0.10889098107539691,0.34132062499614835,0.11667261179639807,3.038241906738281,-0.45489831542968745,-9.265560424804686,1.0333710560892644,1.8295387142989017,1.0696576407772513,4.269334430281598,0.9524642719141636,9.340483752167032,0
Yuksel_Atmaca_2020_DrivingBehaviorDataset,,Sudden Left Turn,TURN,harsh,233,2.7762478393554684,0.3603273498535156,-8.873937438964843,0.11328966887822493,0.33566077340646405,0.11524961573756477,-3.5732309021092803,6.906533404101762,2.4563875377978635,-11.572892856643339,-8.497673483865677,0.7415266722609957,38.86746975097656,5.044582897949218,-124.23512414550781,1.0199299072265624,-1.5610194824218748,-10.886434948730468,4.173093493652344,3.699041564941406,-6.864176159667968,0.11328966887822493,0.33566077340646405,0.11524961573756773,3.038241906738281,-0.45489831542968745,-9.074024291992187,1.0540361148009336,1.8143064028786595,1.0631145959739348,4.275723507847572,0.948852119851038,9.30506064113718,0
Yuksel_Atmaca_2020_DrivingBehaviorDataset,,Sudden Left Turn,TURN,harsh,234,2.8352478088378907,0.44275629272460865,-9.121224267578127,0.09550037143906709,0.3629368771735285,0.20574374025601486,-2.233273856288293,5.77957784608959,-6.332451758013837,-12.546107301818692,-12.426300828550241,10.821270065689692,39.69346932373047,6.198588098144531,-127.69713974609374,1.2234370483398436,-1.5610194824218748,-12.394781994628906,4.173093493652344,3.699041564941406,-6.864176159667968,0.09550037143906709,0.3629368771735285,0.20574374025601683,3.038241906738281,-0.45489831542968745,-9.270348828125,0.9677493051265547,1.8865828703064664,1.4204424840104122,4.890552923141429,0.9750502509163238,9.561976543148567,0
Yuksel_Atmaca_2020_DrivingBehaviorDataset,,Sudden Left Turn,TURN,harsh,235,2.930331817626952,0.46823743896484343,-9.181763366699219,0.1252462664662638,0.3526497640288785,0.21375452925104363,1.5357325719019173,6.053522773628676,-4.883090640950379,-8.1995138828287,-12.281515213873487,6.317427249198352,41.02464544677734,6.555324145507812,-128.54468713378907,1.2234370483398436,-1.4628572143554686,-12.394781994628906,4.972756848144531,3.699041564941406,-6.864176159667968,0.12524626646626474,0.3526497640288785,0.2137545292510446,3.038241906738281,-0.45489831542968745,-9.270348828125,1.108262739173972,1.8596539485651098,1.4478314315830272,4.993303917160969,0.9839646931954112,9.64939735852478,0
Yuksel_Atmaca_2020_DrivingBehaviorDataset,,Sudden Left Turn,TURN,harsh,236,2.96333759765625,0.5043214782714838,-9.104293841552733,0.13178382584819381,0.34017201057798535,0.21987812509204174,1.1411661206502641,6.246367317460199,-6.260760736771424,-10.21651085932159,-11.937967318443349,5.64480718465496,41.4867263671875,7.060500695800781,-127.46011378173827,1.2234370483398436,-1.4628572143554686,-12.394781994628906,4.972756848144531,3.699041564941406,-6.864176159667968,0.13178382584819381,0.34017201057798535,0.2198781250920437,3.038241906738281,-0.45489831542968745,-9.045293872070312,1.136819183403498,1.8264577322058673,1.4684235817480933,5.007126365685192,0.9776727016170743,9.587693999313082,0
Yuksel_Atmaca_2020_DrivingBehaviorDataset,,Sudden Left Turn,TURN,harsh,237,2.9460651428222655,0.5457069641113274,-9.085311242675782,0.13077209232529713,0.33254902295183664,0.21992981673937473,1.6465698955122012,5.856687990834349,-6.700821813961062,-9.689713036976993,-11.687247281676845,6.0813516101798255,41.244911999511714,7.639897497558593,-127.19435739746093,1.2234370483398436,-1.4628572143554686,-12.394781994628906,4.972756848144531,3.699041564941406,-6.864176159667968,0.13077209232529713,0.33254902295183564,0.21992981673937673,3.038241906738281,-0.16519991455078123,-8.912415679931641,1.1324469697084634,1.805877037876783,1.4685961791204594,5.000359490201423,0.9755224623512846,9.566607355417224,0
Yuksel_Atmaca_2020_DrivingBehaviorDataset,,Sudden Left Turn,TURN,harsh,238,2.8190014404296866,0.5227910339355465,-9.055554736328123,0.11957813522036183,0.3422029094020907,0.20942272102970408,4.533571248584516,5.52581256968352,-6.970625738313964,-4.494409955911509,-11.780734736386547,9.38156105627962,39.466020166015625,7.319074475097656,-126.77776630859374,1.2234370483398436,-1.5442600708007812,-12.394781994628906,4.972756848144531,3.699041564941406,-6.864176159667968,0.11957813522036183,0.3422029094020897,0.20942272102970408,2.729389892578125,-0.16519991455078123,-8.912415679931641,1.0828946946766203,1.8319017881666064,1.4330859454987177,5.087009777320553,0.9685862958824896,9.498586798516017,0
Yuksel_Atmaca_2020_DrivingBehaviorDataset,,Sudden Left Turn,TURN,harsh,239,2.789586962890624,0.567083764648437,-9.119514123535156,0.1232173813521857,0.3369366594369592,0.20536520131092764,4.967834441689806,4.901557738345785,-5.740021231876487,-5.472248264064597,-11.724052221491219,9.585214603805266,39.05421748046875,7.939172705078125,-127.67319772949217,1.2234370483398436,-1.5442600708007812,-12.394781994628906,4.972756848144531,3.699041564941406,-6.864176159667968,0.1232173813521857,0.3369366594369592,0.20536520131092859,2.703053674316406,0.14484920043945312,-9.09796630859375,1.099249622623277,1.8177513282260187,1.4191351772948986,5.030185885045851,0.9741835092588202,9.55347671107301,0
Yuksel_Atmaca_2020_DrivingBehaviorDataset,,Sudden Left Turn,TURN,harsh,240,2.928792687988281,0.5185156738281247,-9.129432958984374,0.11859008768063246,0.3619576906002484,0.20659574193174854,2.130312846286583,3.769151054492741,-5.49111280069134,-6.5159176702832,-11.199693064151216,8.841233318821098,41.003097631835935,7.259219433593749,-127.81206142578124,1.2234370483398436,-2.142810485839844,-12.394781994628906,4.972756848144531,3.699041564941406,-6.864176159667968,0.11859008768063344,0.36195769060024746,0.2065957419317505,3.038241906738281,0.14484920043945312,-9.09796630859375,1.07841155564714,1.8840361956514855,1.4233805298004498,4.995601941371014,0.9791040405336002,9.60173063909883,0
Yuksel_Atmaca_2020_DrivingBehaviorDataset,,Sudden Left Turn,TURN,harsh,241,2.8244739013671873,0.4095794982910153,-9.317719818115233,0.12070201023129276,0.40894828209498735,0.22550999992249157,4.78196391441893,2.8677014883672207,-2.3133149213641313,-5.557347711745034,-12.081077262357379,1.1772941665636976,39.54263461914062,5.734112976074218,-130.44807745361328,1.2234370483398436,-2.262520568847656,-12.394781994628906,4.972756848144531,3.699041564941406,-6.864176159667968,0.12070201023129276,0.4089482820949863,0.22550999992249157,2.703053674316406,0.14484920043945312,-9.457096557617186,1.087971676393605,2.002601475732704,1.4871105005143046,4.990389959259423,0.9937149448182824,9.745014663602209,0
Yuksel_Atmaca_2020_DrivingBehaviorDataset,,Sudden Left Turn,TURN,harsh,242,2.756410168457031,0.4063302246093741,-9.620757342529297,0.12451372243716129,0.4098673271468044,0.23107585589599156,6.384262247843305,2.8889057898275667,-0.32698280780681194,-5.428258728313876,-12.141408195024095,-0.603486626059575,38.58974235839843,5.68862314453125,-134.69060279541014,1.2234370483398436,-2.262520568847656,-12.394781994628906,4.972756848144531,3.699041564941406,-6.864176159667968,0.12451372243716129,0.4098673271468044,0.23107585589599156,2.3403321228027343,0.14484920043945312,-9.701305126953125,1.105016966448204,2.004850474166144,1.5053504715588422,4.842453236301753,1.0213559906914362,10.016080726114172,0
Yuksel_Atmaca_2020_DrivingBehaviorDataset,,Sudden Left Turn,TURN,harsh,243,2.76957827758789,0.36904908447265566,-9.60040662841797,0.12158101874532568,0.39773107258081386,0.2311572618099356,6.583215766877064,3.2828962424749015,-0.7891039440126534,-4.942763575486454,-10.787953911486435,-0.5883519817562232,38.77409588623047,5.166687182617188,-134.40569279785154,1.2234370483398436,-2.262520568847656,-12.394781994628906,4.972756848144531,3.699041564941406,-6.864176159667968,0.12158101874532568,0.39773107258081386,0.2311572618099356,2.3403321228027343,0.14484920043945312,-9.558850128173827,1.0919260494552063,1.9749454227711298,1.5056156088219905,4.873538695960557,1.0195865401350055,9.998728343814951,0
Yuksel_Atmaca_2020_DrivingBehaviorDataset,,Sudden Left Turn,TURN,harsh,244,2.79967681274414,0.34664619750976544,-9.773302191162108,0.11968064173219196,0.3837237987741825,0.19929457856909624,5.864666761946057,2.9476355700844987,0.8154806194684933,-4.90374463181287,-11.048224035969307,6.679194165065555,39.19547537841797,4.853046765136718,-136.82623067626952,1.2234370483398436,-2.262520568847656,-12.394781994628906,4.972756848144531,3.699041564941406,-6.864176159667968,0.11968064173219295,0.3837237987741825,0.19929457856909524,2.551021868896484,0.14484920043945312,-9.713276135253906,1.083358742634688,1.9398569512334751,1.398002925220339,4.942048745909911,1.0372864359364211,10.172305026975902,0
Yuksel_Atmaca_2020_DrivingBehaviorDataset,,Sudden Left Turn,TURN,harsh,245,2.7533319091796873,0.4822606201171868,-10.118067230224609,0.12005054452694351,0.5098308475911609,0.14870124144405075,7.2527943824442485,8.272262836519777,-4.477059217075184,-3.571864869203711,4.767492474347251,-5.514948101907619,38.546646728515626,6.751648681640624,-141.65294122314452,1.2234370483398436,-2.262520568847656,-12.394781994628906,4.972756848144531,5.597643481445312,-8.240842114257813,0.12005054452694351,0.5098308475911609,0.14870124144405075,2.404975567626953,0.14484920043945312,-9.90840357055664,1.0850316458450204,2.236008202473743,1.2075847918085514,6.022990868009441,1.070404304654074,10.497080374235875,1
Yuksel_Atmaca_2020_DrivingBehaviorDataset,,Sudden Left Turn,TURN,harsh,246,2.498520446777343,0.7558836669921867,-10.035296258544921,0.13543072857444033,0.6891698713279683,0.16666749164450487,6.253731110403471,7.947692872189686,-4.282329115550537,5.105338420142567,-3.196638319562142,-7.960364657144613,34.97928625488281,10.582371337890624,-140.4941476196289,0.5674257934570313,-2.262520568847656,-12.394781994628906,4.972756848144531,5.597643481445312,-8.240842114257813,0.13543072857444033,0.6891698713279683,0.16666749164450584,2.2266075439453124,0.14484920043945312,-9.90840357055664,1.1524416490107168,2.5997014672185768,1.2784560050841003,5.9271963700798205,1.0573682014457453,10.369239872707917,0
Yuksel_Atmaca_2020_DrivingBehaviorDataset,,Sudden Left Turn,TURN,harsh,247,2.54520737915039,1.126300866699218,-10.060606390380858,0.12546784522567778,0.8989347496326148,0.1611337522583516,6.749657843014975,6.196569221486637,-4.273497578834232,8.47507462313454,-10.371277007222636,-7.05998189232589,35.63290330810547,15.768212133789062,-140.84848946533202,0.5674257934570313,-2.262520568847656,-12.394781994628906,4.972756848144531,6.112396838378906,-8.240842114257813,0.12546784522567778,0.8989347496326148,0.1611337522583506,2.2266075439453124,0.14484920043945312,-9.90840357055664,1.109242644502273,2.969097247057543,1.257053026560279,6.0168534313776405,1.0644315159241111,10.438507325637184,1
Yuksel_Atmaca_2020_DrivingBehaviorDataset,,Sudden Left Turn,TURN,harsh,248,2.6337928405761715,1.0315588867187495,-9.982965850830077,0.12306555018551055,0.8834729894532605,0.12993639302929955,4.506109947193434,7.378541326829299,-1.6721494363651634,7.576243178101074,-8.263607998562788,-10.566875177566452,36.8730997680664,14.441824414062499,-139.7615219116211,0.5674257934570313,-2.262520568847656,-11.690886706542969,4.972756848144531,6.112396838378906,-8.240842114257813,0.12306555018551055,0.8834729894532596,0.12993639302929955,2.404975567626953,0.14484920043945312,-9.90840357055664,1.0985721540830795,2.943452121577963,1.1288227180123476,5.858383909685241,1.0580536589040643,10.37596191409154,0
Yuksel_Atmaca_2020_DrivingBehaviorDataset,,Sudden Left Turn,TURN,harsh,249,2.461068292236327,1.0298487426757805,-9.906351397705077,0.07692609000698891,0.8843169491355233,0.13503845978826418,-1.1472909114975116,7.375406864761447,-3.4721458701939194,10.037380497535064,-8.2790154403759,-11.324965996481591,34.45495609130859,14.417882397460936,-138.6889195678711,0.5674257934570313,-2.262520568847656,-11.690886706542969,4.07971962890625,6.112396838378906,-8.240842114257813,0.07692609000698794,0.8843169491355233,0.13503845978826223,2.404975567626953,0.14484920043945312,-9.604339959716796,0.868554684845482,2.9448576891320024,1.1507714419825377,5.709881200761336,1.0461574896488088,10.25930034586449,0
Yuksel_Atmaca_2020_DrivingBehaviorDataset,,Sudden Left Turn,TURN,harsh,250,2.410790057373046,1.034637145996093,-9.935423846435548,0.06266069839952033,0.8823878470466683,0.1256104428734874,-5.705742828611645,7.367072351099737,-4.661945974091789,12.256883104005494,-8.242469121247147,-12.054472410209378,33.75106080322266,14.484920043945312,-139.09593385009765,0.5674257934570313,-2.262520568847656,-11.690886706542969,3.6822821533203123,6.112396838378906,-8.508992700195313,0.06266069839952033,0.8823878470466683,0.12561044287349135,2.404975567626953,0.14484920043945312,-9.604339959716796,0.7838951064776842,2.941643890793073,1.1098728078502178,5.680077918152774,1.0478546930763308,10.275944225857,0
Yuksel_Atmaca_2020_DrivingBehaviorDataset,,Sudden Left Turn,TURN,harsh,251,2.4193407775878906,0.9568255920410149,-9.940554278564452,0.06406033927603338,0.9091224169762081,0.12453710652440586,-5.532683960428125,7.6507795713081865,-4.6898646875002825,11.030975363566542,-8.621201330613596,-11.93033696076888,33.87077088623047,13.395558288574218,-139.16775989990234,0.5674257934570313,-2.262520568847656,-11.690886706542969,3.6822821533203123,6.112396838378906,-8.508992700195313,0.06406033927603338,0.9091224169762081,0.12453710652440783,2.404975567626953,-0.22744915771484372,-9.604339959716796,0.7926016188233019,2.985874302518399,1.1051207244901282,5.7509275419663926,1.0477967126293004,10.275375631906128,0
Yuksel_Atmaca_2020_DrivingBehaviorDataset,,Sudden Left Turn,TURN,harsh,252,2.4296016418457027,0.9775183349609373,-9.755858721923826,0.0641539912447327,0.8983668384419033,0.15176554927585204,-5.961654371508667,7.71189316986985,-4.438021653484126,11.294498970435066,-8.454639753545772,-9.179049557534828,34.01442298583984,13.685256689453125,-136.58202210693358,0.5674257934570313,-2.262520568847656,-11.690886706542969,3.6822821533203123,6.112396838378906,-7.884106066894531,0.0641539912447327,0.8983668384419033,0.15176554927585204,2.4768016174316405,-0.22744915771484372,-9.348160382080078,0.7931807727373144,2.968159220157553,1.2199637797107081,5.794739807484479,1.030041011616345,10.101251686567428,0
Yuksel_Atmaca_2020_DrivingBehaviorDataset,,Sudden Left Turn,TURN,harsh,253,2.4425987365722643,0.8870517150878906,-9.697200781249999,0.06326893517730256,0.9232414211785555,0.16324090549578915,-6.5602949655464,8.211680774326588,-4.604540064831648,13.169672752632609,-8.545022183829703,-10.643634042941397,34.196382312011714,12.418724011230468,-135.7608109375,0.5674257934570313,-2.262520568847656,-11.690886706542969,3.6822821533203123,6.112396838378906,-7.884106066894531,0.06326893517730256,0.9232414211785555,0.16324090549579015,2.4768016174316405,-0.8355763793945312,-9.33978067626953,0.7876904869023748,3.008970834521446,1.2652455990361293,5.898753155778255,1.0237303396731965,10.039365135556151,0
Yuksel_Atmaca_2020_DrivingBehaviorDataset,,Sudden Left Turn,TURN,harsh,254,2.4867204528808586,0.9462226989746085,-9.730890618896485,0.07806124436339422,0.8888642885628796,0.165316783600472,-0.6030006600740958,8.59096206955854,-3.6742219708857933,15.19323118229907,-8.185728639481052,-11.876938327891756,34.81408634033203,13.24711778564453,-136.23246866455077,0.5674257934570313,-2.262520568847656,-11.690886706542969,4.299986181640625,6.112396838378906,-7.884106066894531,0.07806124436339422,0.8888642885628796,0.165316783600472,2.4768016174316405,-0.8355763793945312,-9.33978067626953,0.8749395990788659,2.952419512101077,1.2732650297151715,5.849327473473518,1.0286978236364877,10.08807951216476,0
Yuksel_Atmaca_2020_DrivingBehaviorDataset,,Sudden Left Turn,TURN,harsh,255,2.5527320129394533,1.0773907470703123,-9.570992150878906,0.07801165635253349,0.8209868928808427,0.15728402364804267,-2.9365609585070027,9.263390483231012,-7.047853350396412,15.983667690868025,-7.542281578124541,-6.639099132742037,35.73824818115234,15.083470458984374,-133.99389011230468,0.5674257934570313,-1.3144167114257812,-11.690886706542969,4.299986181640625,6.112396838378906,-7.884106066894531,0.07801165635253349,0.8209868928808427,0.1572840236480417,2.546233465576172,-0.5973533142089843,-9.167398156738281,0.8746616544524946,2.837451517307373,1.2419458001491341,5.812631078243687,1.0160442434675667,9.963990280201214,0
Yuksel_Atmaca_2020_DrivingBehaviorDataset,,Sudden Left Turn,TURN,harsh,256,2.609337780761718,1.1052660949707025,-9.448203808593748,0.07644789650302573,0.809974015518679,0.1220902946825204,-5.075156847388132,9.26067992332104,-7.963266602859631,19.50049400172338,-7.397159363571859,1.1589597954293969,36.53072893066406,15.473725329589843,-132.2748533203125,0.5674257934570313,-1.3144167114257812,-11.690886706542969,4.299986181640625,6.112396838378906,-7.884106066894531,0.0764478965030267,0.8099740155186779,0.12209029468252139,2.6312276245117188,-0.469263525390625,-9.167398156738281,0.8658508903046791,2.8183562016335424,1.0942105776989868,5.8540916824248725,1.0058497058637221,9.86401601800847,0
Yuksel_Atmaca_2020_DrivingBehaviorDataset,,Sudden Left Turn,TURN,harsh,257,2.679795715332031,0.8810662109374999,-9.515754498291015,0.0716473145727922,0.8569335502734543,0.12862995448926248,-7.793133125796267,10.504550644960904,-5.824985842314276,29.48760616361182,-5.934550551178585,-4.330653680011042,37.51714001464843,12.334926953124999,-133.2205629760742,0.5674257934570313,-1.5298948608398437,-11.690886706542969,4.299986181640625,6.112396838378906,-7.884106066894531,0.0716473145727922,0.8569335502734543,0.12862995448926345,2.767697119140625,-0.6404489440917969,-9.167398156738281,0.8382243956455089,2.8989045173632704,1.123133537560043,6.046497080444487,1.012076259770745,9.925077652880775,1
Yuksel_Atmaca_2020_DrivingBehaviorDataset,,Sudden Left Turn,TURN,harsh,258,2.608995751953125,0.7452807739257811,-9.532855938720703,0.07836724799596345,0.8186367937184291,0.13108430409419827,-5.201240109972537,12.503615444649146,-5.336547559989169,17.3106593493932,-0.2531605691805527,-5.819265112244477,36.52594052734375,10.433930834960936,-133.45998314208984,0.5674257934570313,-1.5298948608398437,-11.690886706542969,4.299986181640625,6.112396838378906,-7.884106066894531,0.07836724799596345,0.8186367937184291,0.13108430409420024,2.6910826660156246,-0.6404489440917969,-9.167398156738281,0.8766528232770457,2.8333874625823476,1.133797993800214,6.134414359954184,1.010690759273554,9.911490534429998,1
Yuksel_Atmaca_2020_DrivingBehaviorDataset,,Sudden Left Turn,TURN,harsh,259,2.5393928894042963,0.5549417419433592,-9.539867529296874,0.08823750068350393,0.6675072877616834,0.13447777804136193,-3.512924298046813,14.086955225479661,-5.7600454879445415,6.71826070238903,8.918405868160152,-4.687040167421589,35.551500451660154,7.769184387207031,-133.55814541015624,0.5674257934570313,-1.5298948608398437,-11.789048974609374,4.299986181640625,6.112396838378906,-7.884106066894531,0.08823750068350393,0.6675072877616824,0.13447777804136293,2.6910826660156246,-0.6404489440917969,-9.167398156738281,0.930222707784481,2.558517215796703,1.1483799467203064,6.311321458326628,1.0082593225158463,9.887646285150025,1
Yuksel_Atmaca_2020_DrivingBehaviorDataset,,Sudden Left Turn,TURN,harsh,260,2.617717486572265,0.47234178466796856,-9.62982110595703,0.06307266428871729,0.5871984989225855,0.1256628410857439,3.416295472565937,13.981437656359367,-4.301253282996771,0.8226655693629005,10.680892455236021,-3.3047100991586533,36.64804481201172,6.612784985351562,-134.81749548339843,1.4413093994140624,-1.5298948608398437,-11.789048974609374,4.299986181640625,6.112396838378906,-7.884106066894531,0.06307266428871729,0.5871984989225855,0.12566284108574588,2.6910826660156246,-0.6404489440917969,-9.498995086669922,0.7864677636413051,2.399677094831548,1.1101042746217726,6.269171712440347,1.0187419498500947,9.990445742497428,1
Yuksel_Atmaca_2020_DrivingBehaviorDataset,,Sudden Left Turn,TURN,harsh,261,2.741360900878906,0.2587447937011716,-9.907548498535155,0.0647839998570768,0.3877415581578236,0.2113677786391509,0.3057671332729872,10.745365725938523,-7.795750263075503,-1.739556444684526,-1.389724847014056,4.106693605669635,38.37905261230468,3.622427111816406,-138.70567897949218,1.4413093994140624,-1.5298948608398437,-13.117830895996093,4.299986181640625,4.3622354248046875,-7.884106066894531,0.0647839998570768,0.3877415581578236,0.2113677786391509,2.839523168945312,-0.6404489440917969,-9.861716638183593,0.7970658769502095,1.9499860900294712,1.4397256080210683,5.438185469146067,1.0485813053558457,10.283069858167904,0
Yuksel_Atmaca_2020_DrivingBehaviorDataset,,Sudden Left Turn,TURN,harsh,262,2.7617116149902343,0.46190990600585863,-9.6807833984375,0.06691622330259737,0.4868288096330485,0.21503874311263724,-0.22570987313997312,8.8040172113273,-10.608958231749742,-3.6220522598299967,-9.614481064106648,11.07424835176346,38.663962609863276,6.4667386840820305,-135.530967578125,1.4413093994140624,-1.5298948608398437,-13.117830895996093,4.299986181640625,4.3622354248046875,-7.884106066894531,0.06691622330259737,0.48682880963304753,0.21503874311263724,2.839523168945312,-0.6404489440917969,-9.436745843505859,0.8100765280209179,2.184985067680768,1.4521741252844127,5.421450294475694,1.0276289945203438,10.077597879112929,0
Yuksel_Atmaca_2020_DrivingBehaviorDataset,,Sudden Left Turn,TURN,harsh,263,2.830801434326171,0.4208664489746092,-9.755687707519533,0.07058817696697346,0.5044692948647415,0.2135785817389294,-2.380808502015802,8.436808163350912,-9.025875703653627,-5.808140207041095,-9.834866812778294,8.92766025466589,39.6312200805664,5.892130285644531,-136.57962790527344,1.4413093994140624,-1.8028338500976562,-13.117830895996093,4.299986181640625,4.3622354248046875,-7.884106066894531,0.07058817696697445,0.5044692948647405,0.21357858173893038,2.914940521240234,-0.6404489440917969,-9.861716638183593,0.8320057365506444,2.224219820630442,1.4472354330274269,5.384876975864593,1.0367260108588947,10.166809134389378,0
Yuksel_Atmaca_2020_DrivingBehaviorDataset,,Sudden Left Turn,TURN,harsh,264,2.880053582763671,0.3721273437499993,-9.832302160644529,0.07994689913288902,0.5205927049182921,0.2033168952964834,-1.706370154579205,8.416482394435585,-8.27847050883789,-8.239286314050007,-10.112392235017134,10.56922906127767,40.3207501586914,5.209782812499999,-137.65223024902343,1.4413093994140624,-1.8028338500976562,-13.117830895996093,4.299986181640625,4.3622354248046875,-7.884106066894531,0.07994689913288902,0.5205927049182921,0.20331689529648142,2.914940521240234,-0.7326257080078125,-9.861716638183593,0.8854441023472618,2.2594845539828263,1.4120402371247236,5.3652256610920945,1.045432204312452,10.252187726420706,0
Yuksel_Atmaca_2020_DrivingBehaviorDataset,,Sudden Left Turn,TURN,harsh,265,2.8853550292968744,0.37486357421874966,-9.883435467529296,0.08038307771728563,0.5197107063499773,0.1979421747692492,-1.8574719070408117,8.415216062751748,-7.530897219706808,-8.469535196608737,-10.096881424007657,11.452863114500763,40.39497041015625,5.248090039062499,-138.36809654541014,1.4413093994140624,-1.8028338500976562,-13.117830895996093,4.299986181640625,4.3622354248046875,-7.884106066894531,0.08038307771728563,0.5197107063499773,0.19794217476925016,2.914940521240234,-0.7326257080078125,-9.861716638183593,0.8878562434855221,2.2575697106461643,1.3932514590700664,5.333452525683123,1.0505952248604822,10.302819661878045,0
Yuksel_Atmaca_2020_DrivingBehaviorDataset,,Sudden Left Turn,TURN,harsh,266,2.803097100830078,0.35639401855468705,-10.097887530517577,0.09632086031929744,0.5268074444225195,0.16942804079319426,-1.693106877137398,8.344505224980862,-7.441525917799908,-12.011734509644862,-10.216638682265316,13.514144740317636,39.24335941162109,4.989516259765625,-141.3704254272461,1.3862427612304686,-1.8028338500976562,-13.117830895996093,4.299986181640625,4.3622354248046875,-8.13310303955078,0.09632086031929744,0.5268074444225195,0.16942804079319326,2.914940521240234,-0.7326257080078125,-10.054449871826172,0.9718976102708787,2.2729311966810832,1.2890001924920638,5.23521730427444,1.0692525727173092,10.4857857422382,0
Yuksel_Atmaca_2020_DrivingBehaviorDataset,,Sudden Left Turn,TURN,harsh,267,2.8169492675781247,0.3775998046874991,-10.153980255126951,0.09481176290145213,0.5213514785642799,0.15331275944790032,-2.088394428971856,8.245795413909661,-8.974411163574997,-11.175179206553462,-10.155834057670402,18.576982926390677,39.43728974609375,5.286397265624999,-142.15572357177734,1.3862427612304686,-1.8028338500976562,-13.117830895996093,4.299986181640625,4.3622354248046875,-8.13310303955078,0.09481176290145213,0.5213514785642799,0.15331275944789932,2.914940521240234,-0.584185205078125,-10.054449871826172,0.9642539990363188,2.2611305750138357,1.2261666169162122,5.182772437118877,1.0752137444240715,10.544244866756317,0
Yuksel_Atmaca_2020_DrivingBehaviorDataset,,Sudden Left Turn,TURN,harsh,268,2.6645754333496083,0.405133123779296,-9.957997747802732,0.07832615482245431,0.5122018000537383,0.20485533442852644,-1.3726941196346973,8.250374544643197,-4.7233813260825634,-12.472828361839834,-9.982424237453138,10.653362807124308,37.30405606689453,5.671863732910156,-139.41196846923827,1.3862427612304686,-1.8028338500976562,-13.117830895996093,4.065354418945312,4.3622354248046875,-7.486668591308593,0.07832615482245431,0.5122018000537383,0.20485533442852547,2.839523168945312,-0.584185205078125,-9.861716638183593,0.8764229493741178,2.241201414977465,1.4173724159068086,5.254082785005252,1.051968692874888,10.316288781981518,0
Yuksel_Atmaca_2020_DrivingBehaviorDataset,,Sudden Left Turn,TURN,harsh,269,2.735546411132812,0.2994462219238278,-10.147481707763673,0.0904083346903316,0.5474439993728805,0.20627162454391787,-1.3759162289469224,8.200913746903513,-1.5409256311551967,-14.277389083355121,-10.418880314522974,7.917234591628678,38.297649755859375,4.192247106933594,-142.0647439086914,1.3862427612304686,-1.905784521484375,-13.117830895996093,4.065354418945312,4.3622354248046875,-7.486668591308593,0.0904083346903316,0.5474439993728805,0.20627162454391884,2.839523168945312,-0.7924807495117187,-10.054449871826172,0.9415959299991414,2.3170221614067614,1.4222635574441267,5.210551865850496,1.0721299716778376,10.514003386754467,0
Yuksel_Atmaca_2020_DrivingBehaviorDataset,,Sudden Left Turn,TURN,harsh,270,2.793178265380859,0.18384048461914046,-10.174159954833984,0.09661765612627413,0.5871357077826673,0.20616039837862352,-2.5318128092102734,8.158278807235487,-0.9020943229108919,-15.72865860641583,-10.804734600184787,7.841069568856563,39.10449571533203,2.5737667846679684,-142.43823936767578,1.3862427612304686,-2.1308394775390624,-13.117830895996093,4.065354418945312,4.3622354248046875,-7.486668591308593,0.09661765612627413,0.5871357077826662,0.20616039837862352,3.0609868225097654,-1.0019733947753906,-10.225635290527343,0.9733938244363017,2.39954878856982,1.421880047950507,5.301287617065245,1.0760261409841088,10.552211755481808,0
Yuksel_Atmaca_2020_DrivingBehaviorDataset,,Sudden Left Turn,TURN,harsh,271,2.8107927490234372,0.2248839416503899,-10.171765753173828,0.09719358040552821,0.5740922623972472,0.20605212693936437,-3.10774305064052,8.078310713146156,-0.9593212424532489,-15.70427658941394,-10.623310259996066,7.897113956601271,39.35109848632812,3.1483751831054687,-142.4047205444336,1.3862427612304686,-2.1308394775390624,-13.117830895996093,4.065354418945312,4.3622354248046875,-7.486668591308593,0.09719358040552821,0.5740922623972472,0.20605212693936537,3.1842882080078123,-0.9421183532714843,-10.225635290527343,0.9762906459061659,2.3727456427181504,1.4215066270158312,5.27506585633131,1.076348730229945,10.555375275309489,0
Yuksel_Atmaca_2020_DrivingBehaviorDataset,,Sudden Left Turn,TURN,harsh,272,2.9859114990234366,0.28114768066406176,-10.319864227294921,0.09889056949432036,0.5900041397599073,0.24145246833459466,-5.688469196999385,7.2171617489220345,-0.010111511021612224,-11.406161643350305,-12.753965548646587,-0.3520393423369921,41.802760986328124,3.9360675292968748,-144.4780991821289,1.3862427612304686,-2.1308394775390624,-13.117830895996093,4.168305090332031,4.3622354248046875,-7.486668591308593,0.09889056949432036,0.5900041397599063,0.2414524683345966,3.3327287109375,-0.9421183532714843,-10.241197601318358,0.9847767276553008,2.405403104923682,1.53877868733404,5.219311713034482,1.0958714612412699,10.746827865381698,0
Yuksel_Atmaca_2020_DrivingBehaviorDataset,,Sudden Left Turn,TURN,harsh,273,3.2119925415039057,0.3249273681640616,-10.270783093261718,0.09516274581459794,0.6182379601616117,0.22905406212439677,-6.464653765648351,7.070122520451937,-0.43141221034960536,-4.5737068121767,-13.598332188074355,2.754292873681735,44.967895581054684,4.548983154296875,-143.79096330566406,1.3862427612304686,-2.1308394775390624,-13.117830895996093,4.6064439941406246,4.3622354248046875,-7.486668591308593,0.09516274581459794,0.6182379601616117,0.22905406212439874,3.446453289794922,-0.9421183532714843,-10.241197601318358,0.9660371324347395,2.4622841615091615,1.4987504856820688,5.266773186253462,1.0978487483052104,10.76621842756729,0
Yuksel_Atmaca_2020_DrivingBehaviorDataset,,Sudden Left Turn,TURN,harsh,274,3.4638967590332026,0.24266943969726518,-10.101820861816407,0.1001064039297976,0.5549579961482145,0.28845484661689075,-4.555234418229806,6.6280443883277576,0.574068149615324,4.3699385496425185,-14.593863418809633,-3.3037939985262734,48.49455462646484,3.3973721557617185,-141.42549206542967,1.3862427612304686,-2.1308394775390624,-13.117830895996093,5.190629199218749,4.00310517578125,-7.4028715332031245,0.1001064039297976,0.5549579961482145,0.28845484661689175,3.564966271972656,-0.9421183532714843,-10.241197601318358,0.9908120235938565,2.3328692275665364,1.681896465771761,5.249175133873487,1.0892567058403682,10.681959274329447,0
Yuksel_Atmaca_2020_DrivingBehaviorDataset,,Sudden Left Turn,TURN,harsh,275,3.423708374023437,0.29602593383789005,-9.964325280761718,0.10113964271958019,0.5927648719731431,0.224365297304665,-3.1677020735788775,6.739960462837423,4.693128936686137,2.702609117210706,-14.601951109656177,-4.2074793519165645,47.931917236328125,4.144363073730468,-139.50055393066407,1.3862427612304686,-2.1308394775390624,-12.370839978027343,5.190629199218749,4.00310517578125,-7.4028715332031245,0.10113964271958019,0.5927648719731421,0.22436529730466698,3.446453289794922,-0.9421183532714843,-10.241197601318358,0.9959121835161863,2.4110241872978833,1.4833313664899055,4.945174206258375,1.074807922637731,10.540265114535302,0
Yuksel_Atmaca_2020_DrivingBehaviorDataset,,Sudden Left Turn,TURN,harsh,276,3.400108386230468,0.0990173400878902,-10.13978605957031,0.10220777618151386,0.487771071765858,0.1977469797863424,-2.3580947374340298,7.916382912501186,7.940353757177954,1.5337490501202726,-10.337967412086794,5.833406938646891,47.60151740722656,1.3862427612304686,-141.95700483398437,1.3862427612304686,-2.1308394775390624,-12.370839978027343,5.190629199218749,3.8690298828125,-7.4028715332031245,0.10220777618151482,0.487771071765858,0.19774697978634043,3.408146063232422,-0.9421183532714843,-10.345345373535155,1.001157274503088,2.1870985759523163,1.3925643322021861,5.07536702638314,1.0905997322119614,10.695129863896428,0
Yuksel_Atmaca_2020_DrivingBehaviorDataset,,Sudden Left Turn,TURN,harsh,277,3.3346098693847654,0.15237383422851505,-10.060948419189451,0.10658065830641002,0.4695480173329888,0.20637724957638295,-0.42791240207914666,8.003560973436503,5.9388644366338985,-1.7119165732574115,-9.95878430112156,0.6016635529272876,46.68453817138671,2.133233679199219,-140.85327786865233,1.3862427612304686,-2.1308394775390624,-12.370839978027343,5.190629199218749,3.8690298828125,-7.4028715332031245,0.10658065830641099,0.4695480173329888,0.20637724957638004,3.1842882080078123,-0.9421183532714843,-10.345345373535155,1.0223498485257212,2.145854856270236,1.4226276584399073,4.967397638948207,1.0809257550977247,10.600260556229102,0
Yuksel_Atmaca_2020_DrivingBehaviorDataset,,Sudden Left Turn,TURN,harsh,278,3.3021171325683594,0.13493036499023395,-9.971678900146484,0.1028729909969055,0.47612469792996404,0.22442964931072987,0.33884183847201005,7.924830316049716,4.242255133540681,0.5588786956911878,-10.098528256933866,-5.457422307969169,46.22963985595703,1.889025109863281,-139.60350460205078,1.3862427612304686,-2.1308394775390624,-12.370839978027343,5.190629199218749,3.8690298828125,-7.4028715332031245,0.10287299099690649,0.47612469792996404,0.22442964931073087,3.1842882080078123,-0.9421183532714843,-10.345345373535155,1.0044099845978314,2.1608304581699334,1.4835440743075614,4.920654946672476,1.0712193504768333,10.505073243353635,0
Yuksel_Atmaca_2020_DrivingBehaviorDataset,,Sudden Left Turn,TURN,harsh,279,3.2894620666503895,0.105344873046875,-9.948591955566407,0.10312301220607256,0.4852362604746444,0.22637943127017396,0.7640994240241731,7.955162015679805,3.6984032094589288,0.4127438616777303,-10.29765696874071,-6.322097047716427,46.052468933105466,1.47482822265625,-139.28028737792968,1.3862427612304686,-2.1308394775390624,-12.370839978027343,5.190629199218749,3.8690298828125,-7.4028715332031245,0.10312301220607256,0.4852362604746444,0.22637943127017693,3.095702746582031,-0.9421183532714843,-10.345345373535155,1.005629796520911,2.1814083005672447,1.4899744459774087,4.9262826802869375,1.0685445589945444,10.478842499463848,0
Yuksel_Atmaca_2020_DrivingBehaviorDataset,,Sudden Left Turn,TURN,harsh,280,3.479972113037109,0.11680283813476548,-9.854876062011718,0.07530213403781984,0.4813507347160805,0.21961403360596196,3.660192543108084,7.9684726281961025,1.9198275226989783,-3.4451584183379906,-10.211981436768856,-5.606996418518766,48.71960958251953,1.6352397338867186,-137.96826486816406,2.166752502441406,-2.1308394775390624,-12.370839978027343,5.190629199218749,3.8690298828125,-7.4028715332031245,0.07530213403781984,0.48135073471607953,0.21961403360596,3.3638533325195312,-0.9421183532714843,-9.951499200439452,0.8593379269891407,2.1726569408453438,1.4675414688048498,4.830696625540373,1.0657982491399243,10.451910399928037,0
Yuksel_Atmaca_2020_DrivingBehaviorDataset,,Sudden Left Turn,TURN,harsh,281,3.531618463134765,0.08567821655273423,-9.886171697998046,0.06698409207497562,0.48801662234606574,0.2165830916967546,4.123359699517633,8.184547207377404,2.623865471457135,0.17580556970095595,-10.247567396759434,-4.484635866271378,49.44265848388672,1.199495031738281,-138.40640377197263,2.166752502441406,-2.1308394775390624,-12.370839978027343,5.190629199218749,3.8690298828125,-7.4028715332031245,0.0669840920749766,0.48801662234606574,0.21658309169675266,3.372233038330078,-1.005564697265625,-9.988609326171874,0.8104872278741181,2.1876490142456686,1.4573793521893887,4.8207512811610815,1.0705372081377107,10.49838371218368,0
Yuksel_Atmaca_2020_DrivingBehaviorDataset,,Sudden Left Turn,TURN,harsh,282,3.6675749145507806,0.047884033203124995,-9.994252801513673,0.05261684913405936,0.4984780193636043,0.17630030961345836,5.750782696808986,8.300516122446375,1.3220235332587933,-0.9114410746030386,-10.40776734784192,-0.6910494942339017,51.346048803710936,0.6703764648437499,-139.9195392211914,2.6048914062499997,-2.1308394775390624,-12.370839978027343,5.190629199218749,3.8690298828125,-7.4028715332031245,0.05261684913406034,0.4984780193636043,0.1763003096134613,3.6343981201171873,-1.073799444580078,-9.988609326171874,0.7183279359460658,2.2109725164714487,1.3148822879903945,4.861697937529973,1.0855954918023125,10.646055029683149,0
Yuksel_Atmaca_2020_DrivingBehaviorDataset,,Sudden Left Turn,TURN,harsh,283,3.6284126159667967,0.07233909301757728,-9.816910864257812,0.052188070211387216,0.48883846012296506,0.16593249390812853,7.600090176724472,8.43833076072803,-1.6352633009506823,1.6605346140006747,-10.256655244539006,2.241966960227963,50.79777662353516,1.0127473022460938,-137.43675209960938,2.6048914062499997,-2.1308394775390624,-12.370839978027343,5.190629199218749,3.8690298828125,-7.4028715332031245,0.052188070211387216,0.48883846012296506,0.16593249390812953,3.517082238769531,-1.073799444580078,-9.611522564697266,0.7153950927554007,2.1894902797146365,1.2756339174638487,4.83507347663514,1.0672602909848337,10.466248132586419,0
Yuksel_Atmaca_2020_DrivingBehaviorDataset,,Sudden Left Turn,TURN,harsh,284,3.5589807678222654,0.0027362304687494395,-9.736876123046875,0.058613854234378746,0.5294344656476601,0.16608279953690677,7.849201893030644,6.944117969484931,-3.6363254514148298,-0.49341361038842135,-9.73922243347195,3.0763704599339805,49.82573074951171,0.0383072265625,-136.31626572265625,2.6048914062499997,-3.105279553222656,-12.370839978027343,5.190629199218749,3.8690298828125,-7.4028715332031245,0.058613854234378746,0.5294344656476601,0.16608279953690677,3.2788591735839843,-1.073799444580078,-9.494206683349608,0.7581593194227568,2.278591341716111,1.276211536571664,4.954620954137234,1.0571320235922044,10.36692375916049,0
Yuksel_Atmaca_2020_DrivingBehaviorDataset,,Sudden Left Turn,TURN,harsh,285,3.4948503662109376,-0.06293330078124985,-9.703186285400388,0.07131395724278144,0.5494086191956805,0.16307685717928896,4.680342169493526,7.136446973799953,-4.547168227407908,-2.3157273884357,-10.227837285896271,5.115080217540866,48.92790512695312,-0.8810662109374999,-135.84460799560546,2.176329309082031,-3.105279553222656,-12.370839978027343,5.190629199218749,3.8690298828125,-7.4028715332031245,0.07131395724278243,0.5494086191956805,0.16307685717928896,3.2788591735839843,-1.2222399475097656,-9.494206683349608,0.8362720961475014,2.321176002683838,1.2646096873965789,5.045034841445623,1.0516916402789864,10.313571824141922,0
Yuksel_Atmaca_2020_DrivingBehaviorDataset,,Sudden Left Turn,TURN,harsh,286,3.3216127746582025,-0.31158824462890566,-9.492325524902345,0.08853425795057561,0.5285908656711756,0.10300799307181217,3.662820114505754,10.488932013702692,0.1034525526764478,0.3968799000038787,-3.389085078944245,5.735522974164871,46.50257884521484,-4.3622354248046875,-132.8925573486328,1.7429788085937499,-3.105279553222656,-11.192892761230468,5.190629199218749,3.8690298828125,-7.4028715332031245,0.0885342579505766,0.5285908656711756,0.10300799307181317,3.125630267333984,-1.4053963745117186,-9.41639512939453,0.9317856409770559,2.2767752662118927,1.0050688211548977,5.033548281897829,1.0259908135943812,10.061532812135338,0
Yuksel_Atmaca_2020_DrivingBehaviorDataset,,Sudden Left Turn,TURN,harsh,287,3.191812841796874,-0.7049213745117181,-9.404766149902343,0.0759584268652474,0.4162226345305257,0.08299930776907725,6.702985704675437,15.180427831084996,1.7306479083360835,11.696370347907209,14.750223415800813,15.264818026211364,44.68537978515625,-9.868899243164062,-131.6667260986328,1.7429788085937499,-3.105279553222656,-11.192892761230468,5.190629199218749,3.8690298828125,-7.4028715332031245,0.0759584268652474,0.41622263453052477,0.08299930776907824,3.0813375366210938,-1.4736311218261717,-9.41639512939453,0.8630745661981256,2.0203340562686103,0.9021890941114494,5.378092504916995,1.0152923146894246,9.956616377849047,0
Yuksel_Atmaca_2020_DrivingBehaviorDataset,,Sudden Left Turn,TURN,harsh,288,3.019601336669922,-1.0474632263183594,-9.525502319335937,0.04269529340989242,0.2891525248787714,0.050724693967286745,-0.8955747778763422,22.1125702319491,-10.489374776159211,1.4831417809884293,56.58222621085137,13.649870050486332,42.27441871337891,-14.66448516845703,-133.3570324707031,1.7429788085937499,-3.105279553222656,-11.192892761230468,4.070142822265625,3.8690298828125,-8.470685473632813,0.0426952934098934,0.2891525248787714,0.05072469396728772,3.0430303100585934,-1.5179238525390624,-9.41639512939453,0.64706862010001,1.6839292170701263,0.7052937828269167,5.34620056274024,1.0245502722978235,10.04740592782945,0
Yuksel_Atmaca_2020_DrivingBehaviorDataset,,Sudden Left Turn,TURN,harsh,289,3.0038680114746086,-1.4661064880371089,-9.474882055664063,0.04295944591749096,0.08729992757244692,0.03584510474342548,-0.07887553437252147,16.99351560284655,-4.741419709703545,0.9473957911584737,62.96389547314109,-0.24514541482910085,42.05415216064453,-20.52549083251953,-132.64834877929687,1.7429788085937499,-3.105279553222656,-10.589553942871094,4.070142822265625,1.24498486328125,-8.470685473632813,0.042959445917491935,0.08729992757244692,0.03584510474342548,2.932897033691406,-1.5550339782714844,-9.41639512939453,0.6490672155538072,0.9252674395699544,0.592891555372582,3.190979679230881,1.0245285295286835,10.047192704102464,0
Yuksel_Atmaca_2020_DrivingBehaviorDataset,,Sudden Left Turn,TURN,harsh,290,2.982833239746093,-1.7395585205078121,-9.510282037353516,0.043421240691954535,0.03122603291823233,0.046300624425479185,0.9748260481500182,-12.847380536620141,-9.451435584381612,0.23372998496482944,18.93724291106683,11.947348971200043,41.75966535644531,-24.353819287109374,-133.14394852294922,1.7429788085937499,-3.105279553222656,-11.085153686523437,4.070142822265625,-1.0558429321289062,-8.470685473632813,0.043421240691955514,0.03122603291823233,0.046300624425480164,2.807201446533203,-1.5741875915527344,-9.41639512939453,0.6525464811274094,0.5533739926284823,0.6738353051912137,2.4254182445522643,1.0317231564615348,10.117747892313508,0
Yuksel_Atmaca_2020_DrivingBehaviorDataset,,Sudden Left Turn,TURN,harsh,291,3.0514100158691404,-1.810358483886718,-9.45914873046875,0.04444252568792777,0.027750388682346562,0.055201515003809584,-1.8692381046851112,-12.807583686382811,-6.270837658095007,-0.8444096294783513,19.396580813624308,6.812809386892389,42.719740222167964,-25.34501877441406,-132.42808222656248,1.7429788085937499,-3.105279553222656,-11.085153686523437,4.070142822265625,-1.0917559570312498,-8.334215979003906,0.04444252568792777,0.027750388682346562,0.055201515003809584,2.971204260253906,-1.6400281372070311,-9.41639512939453,0.6601759572549772,0.5216688117682867,0.7357594288299086,2.456156533508537,1.0301859143921204,10.102672697373487,0
Yuksel_Atmaca_2020_DrivingBehaviorDataset,,Sudden Left Turn,TURN,harsh,292,3.1208418640136717,-1.7898367553710934,-9.55867911376953,0.05984980328850963,0.028871129114352165,0.047735988582096434,2.367174436904081,-13.021401058197512,-5.603280741861163,-0.4977615670226197,18.042908802294473,10.297971551779124,43.6917860961914,-25.057714575195313,-133.82150759277343,1.7429788085937499,-3.105279553222656,-11.085153686523437,4.582501977539062,-1.0917559570312498,-8.334215979003906,0.05984980328850963,0.028871129114352165,0.04773598858209741,2.971204260253906,-1.5741875915527344,-9.496600885009766,0.7661110059379583,0.532098729869997,0.6842003598571326,2.4893703346739766,1.0414668549555102,10.213300933149453,0
Yuksel_Atmaca_2020_DrivingBehaviorDataset,,Sudden Left Turn,TURN,harsh,293,3.286041778564453,-1.8431932495117183,-9.580910986328126,0.0986802219055019,0.029412229377947702,0.047735153550824826,6.679543397594819,-9.901257387694892,-4.508741699991085,3.6737402766298017,10.175589660672198,9.403495068886738,46.00458489990234,-25.80470549316406,-134.13275380859375,1.7429788085937499,-3.105279553222656,-11.085153686523437,5.430049365234375,-1.0917559570312498,-8.334215979003906,0.0986802219055019,0.029412229377947702,0.04773515355082678,2.9795839660644527,-1.7298106994628906,-9.611522564697266,0.9837288234821598,0.5370618579169947,0.6841943755755497,2.9072971074184695,1.0498090449723896,10.295109870878484,0
Yuksel_Atmaca_2020_DrivingBehaviorDataset,,Sudden Left Turn,TURN,harsh,294,3.152479528808594,-1.817883117675781,-9.628452990722655,0.10163751405660872,0.03305322265212286,0.05089402546240708,9.426555698873797,-7.525360234759217,-2.4966312525805834,7.867173323776609,7.012965158910965,3.3102248809519597,44.13471340332031,-25.450363647460936,-134.79834187011718,1.7429788085937499,-3.105279553222656,-11.085153686523437,5.430049365234375,-0.9983820922851562,-8.334215979003906,0.10163751405660872,0.03305322265212286,0.05089402546240708,2.807201446533203,-1.7298106994628906,-9.686939916992188,0.9983604194995157,0.5693341601567956,0.7064700239931764,2.9944433304375355,1.0496141287018312,10.293198395233812,0
Yuksel_Atmaca_2020_DrivingBehaviorDataset,,Sudden Left Turn,TURN,harsh,295,3.2566273010253908,-1.870726568603515,-9.524134204101562,0.11669990126066453,0.028612221245466776,0.06596743186757982,6.453558195193257,-8.174453359931283,-1.1169114314228503,-3.508423135858642,12.340014926756991,-1.7257967456627232,45.592782214355466,-26.190171960449216,-133.33787885742186,1.7429788085937499,-3.105279553222656,-11.085153686523437,5.430049365234375,-0.9983820922851562,-8.188169677734374,0.11669990126066453,0.028612221245466776,0.0659674318675808,2.807201446533203,-1.8531120849609375,-9.572018237304688,1.069782728734158,0.5297075037007336,0.8043130707157616,2.9469757999554607,1.0439741421566096,10.237889021180115,0
Yuksel_Atmaca_2020_DrivingBehaviorDataset,,Sudden Left Turn,TURN,harsh,296,3.2087432678222654,-1.8821845336914056,-9.602800830078126,0.11141762190678847,0.027761179855694554,0.06574287268886354,8.078798604325986,-8.135276844402469,1.680040697821414,1.1894611451024713,14.029415400010073,-1.3803033000643128,44.92240574951172,-26.350583471679688,-134.43921162109373,1.7429788085937499,-3.105279553222656,-11.085153686523437,5.430049365234375,-0.9983820922851562,-8.188169677734374,0.11141762190678944,0.027761179855694554,0.06574287268886159,2.807201446533203,-1.8531120849609375,-9.794678991699218,1.045291166073941,0.5217702314542765,0.8029429260254003,2.9372661091930263,1.05012173695908,10.298176331749762,0
Yuksel_Atmaca_2020_DrivingBehaviorDataset,,Sudden Left Turn,TURN,harsh,297,3.0580795776367182,-1.8912482971191398,-9.590829821777344,0.13671026626091745,0.027243887618297893,0.06771540925044367,6.5777072059728425,-7.927549660281497,1.5724511501074943,-0.1825842073329513,15.07335327028202,-2.811036567925562,42.81311408691406,-26.47747615966797,-134.2716175048828,1.3144167114257812,-3.105279553222656,-11.085153686523437,5.430049365234375,-0.9983820922851562,-8.188169677734374,0.13671026626091745,0.027243887618297893,0.0677154092504427,2.7844565307617186,-1.8531120849609375,-9.794678991699218,1.1578729345777228,0.5168861291541743,0.8148995754851377,3.0550149552534194,1.044463651287396,10.242689465897541,0
Yuksel_Atmaca_2020_DrivingBehaviorDataset,,Sudden Left Turn,TURN,harsh,298,2.923833270263672,-1.6795324645996093,-9.548418249511718,0.17340059286848783,0.03478244715963412,0.07384839276992153,3.643796895418758,13.05621134103866,0.918184418338391,-2.6626759929135386,30.615109491292742,-6.810773390898098,40.9336657836914,-23.51345450439453,-133.67785549316406,0.8068459594726562,-2.583343591308594,-11.085153686523437,5.430049365234375,-0.14125789794921875,-8.188169677734374,0.17340059286848783,0.034782447159633134,0.07384839276992348,2.7844565307617186,-1.7609353210449217,-9.794678991699218,1.3040241270980242,0.5840370582745787,0.8510025504998057,3.317975822766231,1.0325950760343579,10.126298502392334,0
Yuksel_Atmaca_2020_DrivingBehaviorDataset,,Sudden Left Turn,TURN,harsh,299,3.103227380371093,-1.6619179809570306,-9.55320665283203,0.18989199477984298,0.03447050195840597,0.07424083177401301,0.685124408020542,12.227519524855007,1.0632439588260452,-7.349620249361962,29.73485145009734,-7.074108218121108,43.44518332519531,-23.266851733398436,-133.74489313964844,0.8068459594726562,-2.583343591308594,-11.085153686523437,5.430049365234375,-0.14125789794921875,-8.188169677734374,0.18989199477984298,0.03447050195840597,0.07424083177401497,2.807201446533203,-1.659181750488281,-9.794678991699218,1.3646260772122718,0.5814122014805052,0.8532607180203733,3.1738571724846616,1.0381880395482967,10.181146738036304,0
Yuksel_Atmaca_2020_DrivingBehaviorDataset,,Sudden Left Turn,TURN,harsh,300,3.21011138305664,-1.6268600280761718,-9.54773419189453,0.1742692823230069,0.03711262119125799,0.0744451446560722,-1.0412894064821396,9.834502724282753,0.8488667905269522,-3.239071176210497,18.266896323110245,-7.271562206117651,44.941559362792965,-22.776040393066406,-133.66827868652342,0.8068459594726562,-2.583343591308594,-11.085153686523437,5.430049365234375,-0.14125789794921875,-8.188169677734374,0.1742692823230069,0.03711262119125799,0.07444514465607122,3.0322564025878904,-1.659181750488281,-9.794678991699218,1.3072864481409279,0.6032830899380929,0.8544340102321908,3.216575366394677,1.0404639630242483,10.203465922991743,0
Yuksel_Atmaca_2020_DrivingBehaviorDataset,,Sudden Left Turn,TURN,harsh,301,3.2407229614257806,-1.5953933776855462,-9.491983496093749,0.17277745078251833,0.0362179301476247,0.07486185095356165,-1.8323981088888934,8.547029364672763,-1.2160430212408246,-2.4718251691495436,18.224713870980434,-7.506829714620102,45.370121459960934,-22.335507287597654,-132.8877689453125,0.8068459594726562,-2.583343591308594,-11.085153686523437,5.430049365234375,-0.14125789794921875,-8.188169677734374,0.17277745078251933,0.03621793014762372,0.07486185095356068,3.228580938720703,-1.6232687255859375,-9.533711010742186,1.301678911143756,0.5959669157614393,0.8568220180724454,3.2521467540284985,1.0356287059109432,10.15604824882155,0
Yuksel_Atmaca_2020_DrivingBehaviorDataset,,Sudden Left Turn,TURN,harsh,302,3.2137026855468744,-1.5682020874023437,-9.592026922607422,0.17655586451062721,0.03733575118184088,0.08038746163145813,-1.2595262159275924,6.8602135543986575,1.4482906921658665,-3.9620394164562045,13.266933898227204,-9.91534800716321,44.99183759765625,-21.95482922363281,-134.2883769165039,0.8068459594726562,-2.583343591308594,-11.085153686523437,5.430049365234375,-0.14125789794921875,-8.188169677734374,0.1765558645106282,0.037335751181839905,0.08038746163145813,3.228580938720703,-1.6232687255859375,-9.794678991699218,1.3158349321640428,0.6050939136426651,0.8878804540072641,3.171522749845104,1.0438732980923362,10.236900078737209,0
Yuksel_Atmaca_2020_DrivingBehaviorDataset,,Sudden Left Turn,TURN,harsh,303,3.1538476440429686,-1.5100571899414053,-9.50395450439453,0.1867782530968001,0.03675045849405764,0.07420313974710706,-0.2727302424282133,4.240520009451438,-0.8611945186466717,-6.997966316171578,11.698665946554135,-7.01701186974516,44.15386701660156,-21.140800659179686,-133.05536306152342,0.8068459594726562,-2.583343591308594,-11.085153686523437,5.430049365234375,-0.14125789794921875,-8.188169677734374,0.1867782530968001,0.03675045849405764,0.07420313974710607,3.228580938720703,-1.5693991882324219,-9.533711010742186,1.3533916490549736,0.6003323111333843,0.8530440905375063,3.143599730038689,1.0326467213570107,10.126804969995728,0
Yuksel_Atmaca_2020_DrivingBehaviorDataset,,Sudden Left Turn,TURN,harsh,304,3.044911468505859,-1.2697819519042963,-9.37757485961914,0.21347424458162143,0.06252968841642134,0.053115340321223614,0.28803318335144523,15.315490667224317,1.7720443768487506,-10.787714048566745,28.413416198351722,-10.071756273478591,42.62876055908203,-17.776947326660157,-131.28604803466797,0.8068459594726562,-2.2361843505859373,-10.493785876464843,5.430049365234375,0.7805097412109374,-8.188169677734374,0.21347424458162143,0.06252968841642036,0.05311534032122459,3.228580938720703,-1.4640543151855467,-9.329006768798827,1.4468818889689508,0.7830752000343871,0.7217226282728973,3.3626274696972,1.0136960986607084,9.940962845931038,0
Yuksel_Atmaca_2020_DrivingBehaviorDataset,,Sudden Left Turn,TURN,harsh,305,3.062696966552734,-1.1931674987792964,-9.513702325439452,0.21595729356900942,0.057830492129118886,0.048375625747326165,-0.046701341683757044,14.73552391648536,4.1306073614129835,-11.339100029150982,29.107609991565855,-6.9979971345565195,42.877757531738276,-16.704344982910154,-133.19183255615235,0.8068459594726562,-2.2361843505859373,-10.493785876464843,5.430049365234375,0.7805097412109374,-8.188169677734374,0.21595729356900942,0.057830492129118886,0.04837562574732714,3.228580938720703,-1.3060370056152344,-9.533711010742186,1.4552723432328856,0.7530759560881137,0.688769068872168,3.355114905235172,1.0263953697548547,10.065500152806447,0
Yuksel_Atmaca_2020_DrivingBehaviorDataset,,Sudden Left Turn,TURN,harsh,306,2.9980535217285156,-1.1757240295410152,-9.395360357666016,0.20034516352770393,0.05744262652706578,0.05926127324872199,0.4842827904211943,14.107791743545338,2.1865189235039693,-8.767709289528607,28.165378269195873,-11.05124894319538,41.97274930419922,-16.46013641357422,-131.53504500732421,0.8068459594726562,-2.2361843505859373,-10.493785876464843,5.430049365234375,0.7805097412109374,-8.188169677734374,0.20034516352770393,0.05744262652706578,0.05926127324872297,3.228580938720703,-1.1911153259277343,-9.329006768798827,1.4016828806505988,0.7505462899992598,0.7623349429906721,3.346455391361731,1.0127761065666143,9.931940805461489,0
Yuksel_Atmaca_2020_DrivingBehaviorDataset,,Sudden Left Turn,TURN,harsh,307,2.8509811340332027,-1.1326283996582027,-9.48702407836914,0.15266706188263737,0.050056607928986446,0.07789768100736212,-2.010612747564237,18.035912119293588,-0.4214883134098594,-9.292897919159932,36.53948845660911,-9.632777883492594,39.91373587646484,-15.856797595214843,-132.81833709716796,0.8068459594726562,-1.8315642700195311,-11.008539233398437,4.687846850585937,0.7805097412109374,-8.188169677734374,0.15266706188263737,0.050056607928986446,0.07789768100736212,3.228580938720703,-1.1911153259277343,-9.329006768798827,1.2235818086304533,0.7006337375168243,0.8740224788018058,3.186470543549356,1.0167269507593026,9.970685351663715,0
Yuksel_Atmaca_2020_DrivingBehaviorDataset,,Sudden Left Turn,TURN,harsh,308,2.9568390502929685,-1.0835472656249996,-9.47659219970703,0.15314617392099775,0.05494278377615408,0.07632784469952886,-4.573336867440252,14.613315948412566,-0.5720886689861485,-7.886154241758669,20.059519801385388,-8.841674211290837,41.39574670410156,-15.16966171875,-132.67229079589842,0.8068459594726562,-1.8315642700195311,-11.008539233398437,4.687846850585937,0.7805097412109374,-8.188169677734374,0.15314617392099775,0.05494278377615408,0.07632784469952983,3.305195391845703,-1.1911153259277343,-9.329006768798827,1.2255002760025626,0.7340331399319963,0.8651707682432669,3.2317240800144336,1.0183017603357043,9.986128957996133,0
Yuksel_Atmaca_2020_DrivingBehaviorDataset,,Sudden Left Turn,TURN,harsh,309,2.877488366699218,-1.0399385925292963,-9.479841473388671,0.13363634914618208,0.0504933035904397,0.07542344481154162,-5.707841833324713,15.507402104112696,-0.755222803589615,-6.107832071218228,23.5491033870338,-8.972721897966318,40.28483713378906,-14.559140295410156,-132.71778062744139,0.8068459594726562,-1.6903063720703124,-11.008539233398437,4.687846850585937,0.7805097412109374,-8.207323291015625,0.13363634914618208,0.05049330359043872,0.07542344481154162,3.305195391845703,-1.1911153259277343,-9.329006768798827,1.1447815963555728,0.7036832779419899,0.860029839634128,3.1525400799801866,1.0157766073305303,9.961365666277944,0
Yuksel_Atmaca_2020_DrivingBehaviorDataset,,Sudden Left Turn,TURN,harsh,310,2.8827898132324212,-1.072944372558593,-9.433496569824218,0.13428459355682118,0.05624241359967409,0.07216568913918192,-5.784491867312339,12.712855305672116,-2.3453281291682977,-6.231903134219102,18.754873790589265,-6.2601549720343295,40.359057385253905,-15.021221215820312,-132.06895197753906,0.8068459594726562,-2.080561242675781,-11.008539233398437,4.687846850585937,0.7805097412109374,-8.207323291015625,0.13428459355682118,0.05624241359967409,0.07216568913918289,3.305195391845703,-1.1911153259277343,-9.329006768798827,1.1475547958176129,0.7426638979560305,0.8412512439198943,3.1977483371727535,1.0117956231035374,9.922325547308306,0
Yuksel_Atmaca_2020_DrivingBehaviorDataset,,Sudden Left Turn,TURN,harsh,311,2.8502970764160156,-0.9740980468749995,-9.507374792480467,0.14698439145764391,0.05678817719175209,0.06907448045382072,-6.372236476251693,9.40696902303833,0.03318296447779477,-6.253878193834211,10.005208334775224,-4.608971890389699,39.90415906982422,-13.63737265625,-133.10324709472656,0.8068459594726562,-2.080561242675781,-11.008539233398437,4.687846850585937,0.7805097412109374,-8.207323291015625,0.1469843914576449,0.05678817719175209,0.06907448045382072,3.305195391845703,-1.1707646118164061,-9.397241516113281,1.2005933876579995,0.7462585194538809,0.8230366053478242,3.083477847500359,1.016975795223081,9.973125682224424,0
Yuksel_Atmaca_2020_DrivingBehaviorDataset,,Sudden Left Turn,TURN,harsh,312,2.9469202148437494,-1.0794429199218745,-9.418276287841795,0.11694752978407359,0.053361619947964664,0.09788324236720795,-6.206335971559092,13.40568262576161,5.399018781466671,-1.4562204614277279,23.615835207884256,1.8513641714369777,41.2568830078125,-15.112200878906249,-131.85586802978514,0.8595183959960937,-2.080561242675781,-11.008539233398437,4.687846850585937,0.7805097412109374,-7.3669585083007805,0.11694752978407359,0.053361619947964664,0.09788324236720795,3.305195391845703,-1.1911153259277343,-9.397241516113281,1.070917127025706,0.7233938970317005,0.9797482833668977,3.4676468804716274,1.01231406574755,9.927409732863211,0
Yuksel_Atmaca_2020_DrivingBehaviorDataset,,Sudden Left Turn,TURN,harsh,313,2.73674351196289,-1.0301907714843748,-9.407502380371092,0.09964726519710675,0.05089013293202021,0.0967730329641929,-6.8623640907366115,12.416047724815543,5.2060521871490115,-8.940696475174777,24.10113524820733,2.3554574035165015,38.31440916748047,-14.42267080078125,-131.7050333251953,0.8595183959960937,-2.080561242675781,-11.008539233398437,3.8139632446289062,0.7805097412109374,-7.3669585083007805,0.09964726519710675,0.05089013293202021,0.0967730329641929,3.228580938720703,-1.1707646118164061,-9.397241516113281,0.9885372290638392,0.7064430069848535,0.974176197470614,3.3115600215812666,1.0045739802756857,9.851505423670552,0
Yuksel_Atmaca_2020_DrivingBehaviorDataset,,Sudden Left Turn,TURN,harsh,314,2.88672314453125,-1.0053936828613275,-9.334992272949219,0.14831572356453213,0.051628252400686823,0.1053193339366171,0.7069968885609448,11.035293801885599,3.1893791584573283,-0.6504783344781389,20.186230955854725,-4.061233840787974,40.414124023437495,-14.075511560058592,-130.68989182128905,0.8595183959960937,-2.080561242675781,-11.008539233398437,5.3390697021484375,0.7805097412109374,-7.3669585083007805,0.14831572356453313,0.051628252400686823,0.10531933393661809,3.294421484375,-1.1707646118164061,-9.384073406982422,1.2060184038787003,0.7115477506149498,1.0162823653638478,3.6161597831907555,1.0016399271454346,9.822732191540776,0
Yuksel_Atmaca_2020_DrivingBehaviorDataset,,Sudden Left Turn,TURN,harsh,315,2.8660304016113276,-1.0608023498535153,-9.180908294677733,0.14742230754941607,0.06227752181921969,0.14731566763279413,1.2858549087266526,7.054872806648102,4.471709201205227,-0.11438538237576955,13.051576528843848,-6.192172825715913,40.12442562255859,-14.851232897949219,-128.53271612548826,0.8595183959960937,-2.2960393920898436,-11.008539233398437,5.3390697021484375,0.7805097412109374,-6.938396411132812,0.14742230754941704,0.06227752181921969,0.1473156676327951,3.1495722839355467,-1.1707646118164061,-9.384073406982422,1.2023805438917794,0.7814946316824266,1.2019455861190873,3.812507461834195,0.9866960239815169,9.676182563578342,0
Yuksel_Atmaca_2020_DrivingBehaviorDataset,,Sudden Left Turn,TURN,harsh,316,2.8207115844726554,-1.0669588684082025,-8.982189556884764,0.15497913179397557,0.06252564172641535,0.14639014466530903,1.8787637824249996,7.265991982205098,1.54577742087787,-2.7030047878565004,12.963191244237137,-8.795898482074133,39.489962182617184,-14.937424157714842,-125.75065379638671,0.8595183959960937,-2.2960393920898436,-11.008539233398437,5.3390697021484375,0.7805097412109374,-6.938396411132812,0.15497913179397557,0.06252564172641535,0.14639014466531003,3.1495722839355467,-1.1707646118164061,-9.28351693725586,1.2328122739522809,0.7830498607600624,1.1981639754983737,3.732607439178978,0.9661752964664699,9.474942971092906,0
Yuksel_Atmaca_2020_DrivingBehaviorDataset,,Sudden Left Turn,TURN,harsh,317,2.8436275146484373,-1.0127473022460938,-8.951920007324219,0.15153365145692413,0.06539972622302857,0.14590979292667722,1.5137640493993072,4.933574979722582,0.6965881708417604,-1.5080445384986176,6.873948201721319,-8.76432379724162,39.810785205078126,-14.178462231445312,-125.32688010253905,0.8595183959960937,-2.2960393920898436,-11.008539233398437,5.3390697021484375,0.7805097412109374,-6.938396411132812,0.15153365145692413,0.06539972622302759,0.1459097929266782,3.1495722839355467,-1.0690110412597655,-9.07163009033203,1.2190313708268743,0.8008446947848626,1.1961965853505911,3.697659418621617,0.9633417592992145,9.447155463831642,0
Yuksel_Atmaca_2020_DrivingBehaviorDataset,,Sudden Left Turn,TURN,harsh,318,2.9178477661132813,-1.1959037292480468,-8.955511309814453,0.1329479236731155,0.04115337605143905,0.14621525057726156,2.015629917775159,-1.2935030063090758,0.7856278346019278,3.3858537033189173,-8.707290884982482,-8.866004221073116,40.849868725585935,-16.742652209472656,-125.37715833740234,0.8595183959960937,-2.2960393920898436,-11.008539233398437,5.3390697021484375,-0.3064578125,-6.938396411132812,0.1329479236731155,0.04115337605143905,0.14621525057726156,3.1495722839355467,-1.1923124267578125,-9.096769207763671,1.1418291271853966,0.6352769122633432,1.1974480310533355,3.359693110272091,0.9681678071665599,9.494482826149945,0
Yuksel_Atmaca_2020_DrivingBehaviorDataset,,Sudden Left Turn,TURN,harsh,319,2.768210162353516,-1.1622138916015619,-8.915322924804688,0.1354630539196035,0.044412397117339214,0.1371832793593406,5.038940923924729,-1.9212685588522251,0.6578711597619614,4.827377939897496,-11.065560690823808,-6.810589915729248,38.754942272949215,-16.270994482421873,-124.81452094726562,0.8595183959960937,-2.2960393920898436,-11.008539233398437,5.3390697021484375,-0.3064578125,-6.938396411132812,0.1354630539196035,0.044412397117339214,0.1371832793593406,2.618059515380859,-1.1923124267578125,-9.096769207763671,1.1525791763348352,0.6599521453793118,1.1598743063493062,3.503774186998201,0.9592744797622516,9.407269076960484,0
Yuksel_Atmaca_2020_DrivingBehaviorDataset,,Sudden Left Turn,TURN,harsh,320,2.6332797973632807,-1.1086863830566402,-9.029389532470704,0.1345077363940381,0.04848667205973235,0.13802087032233384,8.162036053768011,-3.230973286449922,3.4378016259445823,9.532309310167777,-12.883039985694543,-6.002405682161854,36.86591716308593,-15.521609362792967,-126.41145345458983,0.8595183959960937,-2.2960393920898436,-11.008539233398437,5.3390697021484375,-0.3064578125,-6.938396411132812,0.1345077363940381,0.04848667205973235,0.13802087032233287,2.2840683837890623,-1.0797849487304687,-9.409212524414063,1.148507855048714,0.6895591508743675,1.1634098022393105,3.619856131171493,0.9657375992747526,9.470650627927753,0
Yuksel_Atmaca_2020_DrivingBehaviorDataset,,Sudden Left Turn,TURN,harsh,321,2.5183581176757808,-1.0349791748046873,-8.947815661621092,0.13474082573835566,0.0477571855297451,0.11206178751083504,10.968924058922708,-6.262554886250742,7.496596572161598,14.605651808244403,-9.578533042322679,-8.141532472350962,35.25701364746094,-14.489708447265624,-125.26941926269531,0.8595183959960937,-2.2960393920898436,-10.09395419921875,5.3390697021484375,-0.3064578125,-6.938396411132812,0.13474082573835663,0.0477571855297451,0.11206178751083504,2.2098481323242187,-0.82360537109375,-9.409212524414063,1.1495025527275073,0.6843522510193676,1.04830850826135,3.6857092178616604,0.9537302471242479,9.352898727961005,0
Yuksel_Atmaca_2020_DrivingBehaviorDataset,,Sudden Left Turn,TURN,harsh,322,2.3776132629394526,-1.0353212036132806,-8.922505529785157,0.12755926454697591,0.047702985576940984,0.10660505085449981,14.951320416365641,-6.276626865748612,8.060567788761364,28.457231704680055,-9.571238095301114,-7.650589006996576,33.28658568115234,-14.494496850585938,-124.91507741699218,0.8595183959960937,-2.2960393920898436,-9.866505041503906,5.3390697021484375,-0.3064578125,-6.938396411132812,0.12755926454697591,0.047702985576940984,0.10660505085449981,1.974019268798828,-0.82360537109375,-9.409212524414063,1.118449400585296,0.6839638027762213,1.0224668317174315,3.7810479482290846,0.9474916388745273,9.291718880368883,0
Yuksel_Atmaca_2020_DrivingBehaviorDataset,,Sudden Left Turn,TURN,harsh,323,2.253798834228515,-0.9734139892578121,-9.015195336914063,0.11943487275919003,0.05064906582740576,0.1048469246300364,19.34116566123634,-7.950316705167638,10.944663934937203,47.440695190772544,-8.618314192687011,-2.061489205198154,31.55318367919922,-13.627795849609374,-126.21273471679687,0.8595183959960937,-2.2960393920898436,-9.866505041503906,5.3390697021484375,-0.3064578125,-6.938396411132812,0.11943487275919003,0.05064906582740576,0.1048469246300364,1.7776947326660155,-0.6548141540527344,-9.491812481689452,1.0822458107767932,0.7047678067252584,1.0140005391631481,3.947319098170061,0.9527712907781228,9.34349457870928,0
Yuksel_Atmaca_2020_DrivingBehaviorDataset,,Sudden Left Turn,TURN,harsh,324,2.129642376708984,-0.8637937561035154,-9.03007359008789,0.1081682711453392,0.0411482887840033,0.10659130816677291,25.024120957041806,-11.915713500141212,11.024002425111906,78.89611806115131,3.929960043006739,-2.2116155236512918,29.81499327392578,-12.093112585449218,-126.42103026123046,0.8595183959960937,-2.2960393920898436,-9.866505041503906,5.3390697021484375,-0.3064578125,-6.938396411132812,0.10816827114533821,0.0411482887840033,0.10659130816677488,1.7645266235351562,-0.5734112976074218,-9.595960253906249,1.0299361029828202,0.6352376454553457,1.0224009253877384,4.089848987437164,0.9501640235781552,9.317926021822714,0
Yuksel_Atmaca_2020_DrivingBehaviorDataset,,Sudden Left Turn,TURN,harsh,325,2.185564086914062,-0.8796980957031243,-9.032296777343749,0.09703286900245224,0.039562574035387245,0.10697287570605006,29.31610750726233,-12.256592044659712,10.992730073650295,94.3350577553696,4.893935120238384,-2.2692957470889032,30.597897216796873,-12.31577333984375,-126.4521548828125,1.6424223388671875,-2.2960393920898436,-9.866505041503906,5.3390697021484375,-0.316034619140625,-6.938396411132812,0.09703286900245126,0.039562574035387245,0.10697287570604908,1.7645266235351562,-0.5734112976074218,-9.595960253906249,0.9754831545459389,0.6228774491536294,1.0242292475528763,4.04166290984088,0.9518543936377153,9.3345028893673,0
Yuksel_Atmaca_2020_DrivingBehaviorDataset,,Sudden Left Turn,TURN,harsh,326,2.1416133850097654,-0.800689440917968,-9.21066480102539,0.1000414384969145,0.03569582684544398,0.08715234543027767,29.288890905056824,-17.002341171769277,15.873807527029008,93.6304103435425,22.626919231920557,17.00922352161013,29.982587390136718,-11.209652172851563,-128.94930721435546,1.5442600708007812,-2.2960393920898436,-9.866505041503906,5.3390697021484375,-0.316034619140625,-6.938396411132812,0.1000414384969145,0.03569582684544299,0.08715234543027767,1.7549498168945312,-0.5374982727050781,-9.668983404541015,0.9904904708455153,0.5916557109788357,0.924485017895822,4.19797594230657,0.9677314108927937,9.490203240631814,0
Yuksel_Atmaca_2020_DrivingBehaviorDataset,,Sudden Left Turn,TURN,harsh,327,2.1436655578613277,-0.7646054016113276,-9.215111175537109,0.09986885680315576,0.036462260297513566,0.0877625862831094,29.305087571914836,-18.32819080841397,15.792021554459078,93.7446981644386,25.977960090961965,16.76194454241783,30.011317810058593,-10.704475622558594,-129.01155645751953,1.5442600708007812,-2.2960393920898436,-9.868899243164062,5.3390697021484375,-0.316034619140625,-6.938396411132812,0.09986885680315576,0.036462260297513566,0.08776258628311039,1.7645266235351562,-0.5195417602539062,-9.668983404541015,0.9896357534813834,0.5979737661023364,0.9277159946736233,4.21180814270744,0.9679153460261707,9.492007028107546,0
Yuksel_Atmaca_2020_DrivingBehaviorDataset,,Sudden Left Turn,TURN,harsh,328,1.8854338073730468,-0.7540025085449212,-9.313957501220704,0.013836869617493669,0.03675297964616377,0.08243118139722998,20.777235160437247,-18.683406850958185,20.142790954856945,44.12414395265545,26.761734005077123,33.943916135109774,26.396073303222654,-10.556035119628906,-130.39540501708984,1.5442600708007812,-2.2960393920898436,-9.868899243164062,2.9281086303710935,-0.316034619140625,-6.938396411132812,0.013836869617493669,0.03675297964616377,0.08243118139723192,1.7549498168945312,-0.5195417602539062,-9.694122521972655,0.36836576582847413,0.6003529027555854,0.8990960710898284,3.0180024899702316,0.972069235887981,9.53274277212087,0
Yuksel_Atmaca_2020_DrivingBehaviorDataset,,Sudden Left Turn,TURN,harsh,329,1.8021497924804677,-0.62163735961914,-9.51489942626953,0.004666681454273397,0.016935991829976724,0.0352335278405578,18.099866631141335,-23.229609240228836,25.852850246925833,28.11576445336472,51.24733163093634,71.56841406093272,25.23009709472656,-8.702923034667968,-133.20859196777343,1.5442600708007812,-1.7836802368164062,-9.868899243164062,2.308010400390625,-0.316034619140625,-7.711723547363281,0.004666681454272417,0.016935991829976724,0.035233527840558776,1.7549498168945312,-0.5063736511230469,-9.725247143554688,0.21392641651639865,0.4075356969388659,0.5878119391417815,2.2040149394569575,0.9895319404088625,9.703993403410571,0
Yuksel_Atmaca_2020_DrivingBehaviorDataset,,Sudden Left Turn,TURN,harsh,330,1.801636749267578,-0.5640055053710934,-9.654276165771485,0.004671026828540871,0.013211697763203656,0.0077680807327993855,18.153968899294874,-33.564936836798886,23.1070285975814,28.231226465483214,121.0629644894133,62.056798855626496,25.222914489746092,-7.896077075195312,-135.15986632080077,1.5442600708007812,-1.7836802368164062,-9.868899243164062,2.308010400390625,-0.316034619140625,-8.827421520996094,0.004671026828540871,0.013211697763203656,0.0077680807327993855,1.753752716064453,-0.49320554199218747,-9.725247143554688,0.21402599199188757,0.3599479071609217,0.276005161035638,1.5581108204054421,1.0031076743364793,9.837125874531834,0
Yuksel_Atmaca_2020_DrivingBehaviorDataset,,Sudden Left Turn,TURN,harsh,331,1.757857061767577,-0.5681098510742185,-9.720458740234374,0.0025382798826461576,0.01310501930667768,0.002002212288288087,25.738630798812718,-33.628065422249634,12.947795637391811,90.04611289016064,121.51751843289111,20.30940870356813,24.609998864746093,-7.953537915039062,-136.08642236328123,1.5442600708007812,-1.7836802368164062,-9.868899243164062,2.2601263671875,-0.316034619140625,-9.366116894531249,0.0025382798826461576,0.01310501930667768,0.002002212288287106,1.7417817077636717,-0.49320554199218747,-9.745597857666015,0.15777205839803618,0.35849175385750737,0.14012492689360798,1.3621468208224545,1.0089530443015722,9.894449371900013,0
Yuksel_Atmaca_2020_DrivingBehaviorDataset,,Sudden Left Turn,TURN,harsh,332,1.7210889648437495,-0.48123453369140623,-9.73379786376953,0.0004122099752609352,0.0006858689927137807,0.0012181179248376686,-18.36664386596906,5.9930930340154225,4.679711695622655,39.75940287899788,-1.7265221753281403,-5.2636618925242145,24.0952455078125,-6.737283471679687,-136.27317009277343,1.5442600708007812,-0.6009446166992187,-9.868899243164062,1.7884686401367187,-0.316034619140625,-9.53131680908203,0.0004122099752607186,0.0006858689927135434,0.0012181179248366876,1.7405846069335937,-0.49320554199218747,-9.745597857666015,0.06357986280175906,0.0820126646158642,0.10929618542109357,0.31552820324561626,1.0091613387693734,9.896492042842674,0
Yuksel_Atmaca_2020_DrivingBehaviorDataset,,Sudden Left Turn,TURN,harsh,333,1.7248512817382804,-0.5044924926757803,-9.739954382324218,0.00043072197620684535,0.0015681758802668093,0.0011959189396632609,-18.768859012618176,-11.051324129888656,6.621323004953679,39.30124868998656,28.295214331641244,-2.380742913318241,24.147917944335937,-7.062894897460937,-136.35936135253905,1.5442600708007812,-0.8283937744140625,-9.868899243164062,1.7884686401367187,-0.316034619140625,-9.53131680908203,0.0004307219762066185,0.0015681758802668093,0.0011959189396632609,1.7465701110839842,-0.49679684448242184,-9.752780462646484,0.06499184308793321,0.12401028988039059,0.10829569922048525,0.42550542035086164,1.0099635903851896,9.90435944365092,0
Yuksel_Atmaca_2020_DrivingBehaviorDataset,,Sudden Left Turn,TURN,harsh,334,1.767091839599609,-0.5385243591308586,-9.734994964599608,0.0035681432190994835,0.002546668735260375,0.0011609921509266275,29.066764014461857,-10.829462383490892,5.518503676864039,103.21466214382959,12.901414285099833,-1.9853929098167795,24.73928575439453,-7.539341027832031,-136.28992950439454,1.5442600708007812,-0.8906430175781249,-9.868899243164062,2.379836450195312,-0.316034619140625,-9.53131680908203,0.0035681432190985034,0.002546668735260375,0.001160992150925647,1.7465701110839842,-0.5195417602539062,-9.745597857666015,0.18706023548467177,0.15803255662250812,0.1067025945180104,0.7354782787246847,1.01040833074359,9.908720856686626,0
Yuksel_Atmaca_2020_DrivingBehaviorDataset,,Sudden Left Turn,TURN,harsh,335,1.9428946472167967,-0.6035098327636715,-9.703528314208985,0.04749903561232127,0.009466508644704604,0.0016656593578352411,32.57174648950304,-22.65550867612518,7.976173719938269,112.41649081640725,59.75086190059327,2.8934441911171334,27.200525061035155,-8.449137658691406,-135.84939639892576,1.5442600708007812,-1.5107412475585937,-9.868899243164062,4.223371728515625,-0.316034619140625,-9.425971936035156,0.04749903561232127,0.009466508644703624,0.0016656593578362217,1.7465701110839842,-0.5195417602539062,-9.737218151855469,0.6825001227747685,0.3046879337955314,0.12780664435595074,2.4699558905747674,1.0109987461517906,9.914510853949457,0
Yuksel_Atmaca_2020_DrivingBehaviorDataset,,Sudden Left Turn,TURN,harsh,336,2.114080065917969,-0.6843996459960933,-9.657354425048826,0.08001744964030999,0.013700280983172313,0.004343411944346389,20.7559858283911,-16.51200282204236,16.845099666249958,31.3655027698167,17.809197937269452,34.81173084860551,29.59712092285156,-9.581595043945311,-135.20296195068357,1.5442600708007812,-1.5107412475585937,-9.868899243164062,4.223371728515625,-0.354341845703125,-9.093177905273437,0.08001744964030999,0.013700280983172313,0.0043434119443473695,1.753752716064453,-0.5374982727050781,-9.72285294189453,0.8858347038331427,0.3665431222975409,0.20638391590441668,2.3345763868082647,1.010508575866865,9.90970392552479,0
Yuksel_Atmaca_2020_DrivingBehaviorDataset,,Sudden Left Turn,TURN,harsh,337,2.2710712890624998,-0.7478459899902339,-9.68676890258789,0.10257196543537643,0.014847719934237932,0.004764344784730962,14.28434798673763,-12.196204273818742,17.156481972550274,3.171249698797351,0.7278040246057723,37.09331890674762,31.794998046874998,-10.46984385986328,-135.61476463623046,1.5442600708007812,-1.5107412475585937,-9.943119494628906,4.223371728515625,-0.4333505004882812,-9.093177905273437,0.10257196543537643,0.014847719934237932,0.004764344784731943,1.7609353210449217,-0.5530605834960938,-9.743203656005859,1.0029393624924856,0.38158405717888705,0.21615332933635908,2.178494078945804,1.0174219738692258,9.977501200044642,0
Yuksel_Atmaca_2020_DrivingBehaviorDataset,,Sudden Left Turn,TURN,harsh,338,2.470303070068359,-0.8165937805175778,-9.68300658569336,0.1358159252880857,0.01854539256176103,0.004806173428090901,10.030573403186471,-8.236729105401132,16.37872008618172,-9.21807145323481,-10.666357788040855,34.241974682020945,34.58424298095703,-11.432312927246093,-135.56209219970702,1.5442600708007812,-1.5107412475585937,-9.943119494628906,4.525041137695312,-0.4333505004882812,-9.093177905273437,0.1358159252880857,0.018545392561760052,0.004806173428089919,1.7669208251953124,-0.5638344909667968,-9.743203656005859,1.154079392297777,0.42646004967147044,0.21710011664802448,2.247595849969631,1.0224140722272297,10.026456961407161,0
Yuksel_Atmaca_2020_DrivingBehaviorDataset,,Sudden Left Turn,TURN,harsh,339,2.6611551452636717,-0.8314720336914061,-9.664879058837888,0.15311332828711968,0.01792201923636235,0.0046972339638152606,6.25819987876829,-7.729363413806804,14.43184980247376,-16.974841881925876,-10.633409347737178,30.126059875039775,37.256172033691406,-11.640608471679688,-135.30830682373045,1.5442600708007812,-1.5107412475585937,-9.943119494628906,4.525041137695312,-0.4333505004882812,-9.093177905273437,0.15311332828711968,0.01792201923636235,0.0046972339638142796,1.772906329345703,-0.6524199523925781,-9.72285294189453,1.225368850937091,0.4192314038144985,0.2146255563795867,2.064538657104185,1.0257299975618932,10.058975080590338,0
Yuksel_Atmaca_2020_DrivingBehaviorDataset,,Sudden Left Turn,TURN,harsh,340,2.822592742919921,-0.8480604309082023,-9.671548620605467,0.15071820166924776,0.01714350352413332,0.005052581521181049,3.235568061715886,-7.287577068501923,12.59719300348112,-20.227799034724832,-10.334852889941878,25.713585879211273,39.5162984008789,-11.872846032714843,-135.40168068847655,1.695094775390625,-1.5107412475585937,-9.957484704589843,4.525041137695312,-0.4333505004882812,-9.093177905273437,0.15071820166924776,0.01714350352413332,0.005052581521180069,2.076969940185547,-0.7398083129882812,-9.72285294189453,1.2157469524534015,0.41002480270703606,0.2225958188616523,1.9162434829591513,1.0309985941934119,10.110642363746821,0
Yuksel_Atmaca_2020_DrivingBehaviorDataset,,Sudden Left Turn,TURN,harsh,341,3.0124187316894533,-0.9328835754394524,-9.70660657348633,0.1584469941807478,0.01968908993040064,0.008326755192988958,0.14806360191596268,-4.734256687489289,-1.8135397819752141,-21.459026508550725,-14.911528211773133,23.134083079713996,42.173862243652344,-13.060370056152342,-135.8924920288086,1.695094775390625,-1.6208745239257811,-10.359710583496094,4.525041137695312,-0.4429273071289062,-9.093177905273437,0.1584469941807478,0.01968908993040064,0.00832675519298994,3.0921114440917967,-0.7852981445312499,-9.72285294189453,1.2465288666864622,0.4394132607989519,0.2857578937025886,1.7854699482883787,1.0407259316336999,10.206034957455623,0
Yuksel_Atmaca_2020_DrivingBehaviorDataset,,Sudden Left Turn,TURN,harsh,342,3.165647637939453,-0.959390808105468,-9.7026732421875,0.14859968879486457,0.01852272788607101,0.008345148362563292,-2.833994599867735,-3.6389527883920865,-2.27457465711943,-20.044103609228255,-14.253757687288669,23.020443901765265,44.31906693115234,-13.431471313476562,-135.837425390625,1.695094775390625,-1.6208745239257811,-10.359710583496094,4.525041137695312,-0.4429273071289062,-9.093177905273437,0.14859968879486457,0.01852272788607101,0.008345148362562312,3.8367081604003905,-0.8595183959960937,-9.698910925292969,1.2071723729940824,0.42619937754992226,0.28607332834385374,1.7412020261072143,1.0453141872408331,10.251030374305316,0
Yuksel_Atmaca_2020_DrivingBehaviorDataset,,Sudden Left Turn,TURN,harsh,343,3.268085266113281,-1.04848931274414,-9.616139953613281,0.13200320783303318,0.01974923787518116,0.018105494876548188,-4.832136104263435,-1.7084472204873478,10.617100637209038,-16.500121463328526,-15.968057431789804,28.89257487856162,45.75319372558594,-14.678850378417968,-134.62595935058593,1.695094775390625,-1.6903063720703124,-10.359710583496094,4.525041137695312,-0.47644613037109373,-8.540117321777343,0.13200320783303318,0.01974923787518116,0.018105494876549166,3.8367081604003905,-0.9109937316894531,-9.65940659790039,1.1377650276290874,0.4400839279144936,0.4213718682246326,2.0109830744611297,1.041159010613566,10.210282011433526,0
Yuksel_Atmaca_2020_DrivingBehaviorDataset,,Sudden Left Turn,TURN,harsh,344,3.3387142150878906,-1.0951762451171867,-9.631873278808593,0.1157267686640982,0.017068912750023854,0.018620799097188615,-5.769851507325358,-0.5163463432282298,11.2299617503528,-13.207897449160562,-14.519431838409849,27.57111095452963,46.74199901123047,-15.332467431640625,-134.84622590332032,1.695094775390625,-1.6903063720703124,-10.359710583496094,4.525041137695312,-0.47644613037109373,-8.540117321777343,0.1157267686640982,0.017068912750022872,0.018620799097189594,3.8367081604003905,-1.0342951171875,-9.695319622802733,1.0653130600531409,0.4091318286567552,0.427326174562774,2.0679078526756665,1.0454921456271578,10.252775549914565,0
Yuksel_Atmaca_2020_DrivingBehaviorDataset,,Sudden Left Turn,TURN,harsh,345,3.4315750366210933,-1.1721327270507809,-9.59767039794922,0.09451533964688968,0.015065801197290103,0.019373611904565855,-6.799882654944801,1.1820331017733632,8.384362832577667,-8.468127559953759,-16.067937920622306,18.965096231718178,48.04205051269531,-16.409858178710937,-134.36738557128905,1.7453730102539062,-1.6903063720703124,-10.359710583496094,4.525041137695312,-0.5674257934570313,-8.540117321777343,0.09451533964688968,0.015065801197290103,0.019373611904565855,3.8367081604003905,-1.189918225097656,-9.631873278808593,0.9627454780720471,0.3843761690211881,0.43587868860947254,2.0802322606338364,1.0462153148866136,10.259867417732808,0
Yuksel_Atmaca_2020_DrivingBehaviorDataset,,Sudden Left Turn,TURN,harsh,346,3.4127634521484365,-1.211295025634765,-9.516951599121093,0.1019872636928006,0.012054052160679975,0.029469525369772112,-7.722148180663008,0.7950644952159905,8.459809409639487,-5.782539789591984,-16.133215402526524,5.138923934927787,47.778688330078126,-16.958130358886716,-133.23732238769531,1.4820108276367188,-1.6903063720703124,-10.359710583496094,4.525041137695312,-0.737414111328125,-8.422801440429687,0.1019872636928006,0.012054052160679975,0.029469525369772112,3.8367081604003905,-1.189918225097656,-9.631873278808593,1.0000766968053048,0.3438166235386713,0.5375847105038246,2.2703352476753977,1.0383423146942385,10.182659660396256,0
Yuksel_Atmaca_2020_DrivingBehaviorDataset,,Sudden Break,BRAKING,harsh,0,0.19931728820800781,0.4483142608642578,-9.535506661987304,0.009018149844556846,0.021810995922237442,0.02956643235459921,-0.3218292717724449,12.361366391780553,-2.9237102410373925,1.525240085214216,14.387055857396172,-41.75794529919342,0.7972691528320313,1.7932570434570312,-38.142026647949216,-0.1580173095703125,0.0383072265625,-10.149020837402343,0.5530605834960938,1.0941501586914062,-9.064447485351561,0.009018149844556846,0.021810995922237442,0.02956643235459921,0.201112939453125,0.33039982910156246,-9.464279162597656,0.2973850015941041,0.4624854626480827,0.5384678763401116,0.9597873020241455,0.97363730250694,9.548120252629683,0
Yuksel_Atmaca_2020_DrivingBehaviorDataset,,Sudden Break,BRAKING,harsh,1,0.36487633300781247,0.31028853515625,-9.701305126953125,0.02073871974170204,0.02607160520225684,0.036190380538998826,6.201764554044286,9.322992654722531,1.7272640951980438,2.118903374985759,10.882951268219617,-27.192638383887893,1.8243816650390623,1.5514426757812498,-48.50652563476562,-0.1580173095703125,-0.24181436767578124,-10.364498986816406,1.0271125122070313,1.0941501586914062,-9.064447485351561,0.02073871974170204,0.02607160520225684,0.036190380538999804,0.28012159423828126,0.21068974609375,-9.82580361328125,0.4509737974150625,0.5056432607646618,0.5957402079033983,1.2218109091229739,0.9904627766438849,9.713121788574755,0
Yuksel_Atmaca_2020_DrivingBehaviorDataset,,Sudden Break,BRAKING,harsh,2,0.28810226643880177,0.22305978800455661,-9.716468404134114,0.02019725763122174,0.025512607435086557,0.02909297936598379,9.087124288074039,11.353570493491247,2.9640722525526915,2.6251079612200825,11.359748042970244,-16.246145125307482,1.7286135986328124,1.3383587280273437,-58.298810424804685,-0.1580173095703125,-0.24181436767578124,-10.364498986816406,1.0271125122070313,1.0941501586914062,-9.064447485351561,0.02019725763122174,0.025512607435086557,0.02909297936598379,0.201112939453125,0.12449848632812499,-9.809044201660155,0.44504767896173375,0.5001931743869558,0.5341391823293177,1.3153196781709822,0.9915004238594894,9.723297631641662,0
Yuksel_Atmaca_2020_DrivingBehaviorDataset,,Sudden Break,BRAKING,harsh,3,0.27259696044921833,0.3016694091796875,-9.654105151367185,0.01700265623033031,0.02567142203251466,0.027020248044529602,10.672400325219023,5.252461133240287,-1.0471130640591586,10.198961765640984,-9.14535682208707,-17.184723162047806,1.908178723144531,2.1116858642578125,-67.5787360595703,-0.1580173095703125,-0.24181436767578124,-10.364498986816406,1.0271125122070313,1.0941501586914062,-9.064447485351561,0.01700265623033031,0.02567142203251466,0.027020248044529602,0.17956512451171874,0.21068974609375,-9.792284790039062,0.4083369916149766,0.501747596780657,0.5147602504913282,1.304599117597167,0.9853174309349216,9.662663184077948,0
Yuksel_Atmaca_2020_DrivingBehaviorDataset,,Sudden Break,BRAKING,harsh,4,0.2651578338623047,0.35224691925048823,-9.548076220703125,0.014618850709497018,0.0240908922392869,0.03233124176859842,11.691325051138016,1.6954583010960291,-1.7538252186485004,16.314229685400885,-12.69109384651722,-15.045625872837954,2.1212626708984375,2.817975354003906,-76.384609765625,-0.1580173095703125,-0.24181436767578124,-10.364498986816406,1.0271125122070313,1.0941501586914062,-8.805873706054687,0.014618850709497018,0.0240908922392869,0.03233124176859842,0.19632453613281248,0.33039982910156246,-9.536105212402344,0.37863168423983967,0.48605652796604704,0.5630818520339885,1.340724237706026,0.9746702653941037,9.558250158127088,0
Yuksel_Atmaca_2020_DrivingBehaviorDataset,,Sudden Break,BRAKING,harsh,5,0.24234641248914907,0.39743747558593745,-9.687205939398872,0.013269052813863489,0.022953736216574826,0.046054690765753775,13.512444729593504,-1.084107213944585,-3.1083056372912523,21.674974072814905,-13.43808037993953,-10.201220572106607,2.1811177124023438,3.5769372802734374,-87.18485345458984,-0.1580173095703125,-0.24181436767578124,-10.800243688964843,1.0271125122070313,1.0941501586914062,-8.805873706054687,0.013269052813863489,0.022953736216574826,0.046054690765754754,0.17956512451171874,0.45010991210937495,-9.792284790039062,0.36072836979794487,0.47444626383635213,0.6720433268755747,1.5297448891973193,0.9889599143285283,9.698383743849861,0
Yuksel_Atmaca_2020_DrivingBehaviorDataset,,Sudden Break,BRAKING,harsh,6,0.23678654418945314,0.38043864379882814,-9.729077866210936,0.011826235218080253,0.02069797856599034,0.042725328771008785,14.472846922399977,0.2209742842993978,-0.9923263031907676,27.120621149400627,-11.164499340142635,-10.281368436659164,2.3678654418945313,3.8043864379882812,-97.29077866210937,-0.1580173095703125,-0.24181436767578124,-10.800243688964843,1.0271125122070313,1.0941501586914062,-8.805873706054687,0.011826235218080253,0.02069797856599034,0.0427253287710078,0.18315642700195311,0.3387795349121094,-9.809044201660155,0.34055212464672124,0.4505306110623054,0.6472961805790362,1.510428906651761,0.9931415980676331,9.739392052689952,0
Yuksel_Atmaca_2020_DrivingBehaviorDataset,,Sudden Break,BRAKING,harsh,7,0.19262440629438884,0.4178970170454539,-9.816009151944247,0.012831233224326704,0.02020205425327379,0.04692944519124049,12.69317978982272,-1.881424002021648,0.5200597994019279,22.98471545075931,-11.678176636490564,-12.670946468171065,2.118868469238281,4.5968671875,-107.97610067138672,-0.24899697265624998,-0.24181436767578124,-10.800243688964843,1.0271125122070313,1.0941501586914062,-8.805873706054687,0.012831233224326704,0.02020205425327379,0.04692944519124245,0.17956512451171874,0.45010991210937495,-9.82580361328125,0.35472723788757043,0.44510052273938805,0.6783956394941651,1.4744701860458862,1.0020535841672835,9.82678878117409,0
Yuksel_Atmaca_2020_DrivingBehaviorDataset,,Sudden Break,BRAKING,harsh,8,0.21288443094889256,0.4100070343017578,-9.7974722269694,0.012167031259043585,0.01844167890419924,0.043083602902114417,10.569461932614582,-1.2821133286642656,-0.43651884161695065,17.92344176823152,-9.622267825026134,-10.795082572350385,2.5546131713867184,4.920084411621094,-117.5696667236328,-0.24899697265624998,-0.24181436767578124,-10.800243688964843,1.0271125122070313,1.0941501586914062,-8.805873706054687,0.012167031259043585,0.01844167890419924,0.04308360290211246,0.18315642700195311,0.38666356811523434,-9.809044201660155,0.34542411192114103,0.42526590555307114,0.6500044725999984,1.4617009912945316,1.0001741723696895,9.808358047469214,0
Yuksel_Atmaca_2020_DrivingBehaviorDataset,,Sudden Break,BRAKING,harsh,9,0.22192407696063693,0.39983167724609375,-9.781234628530648,0.011261436196053264,0.017042125375071535,0.03984281802379894,9.812368527577055,-0.47005303150695793,-1.3093409034436725,18.647113034909037,-7.956374511692749,-8.947368950696267,2.8850130004882812,5.197811804199218,-127.15605017089842,-0.24899697265624998,-0.24181436767578124,-10.800243688964843,1.0271125122070313,1.0941501586914062,-8.805873706054687,0.011261436196053264,0.017042125375071535,0.03984281802379894,0.1867477294921875,0.3232172241210937,-9.792284790039062,0.3323205730496224,0.40881066376679953,0.6250796520229168,1.4726798821122133,0.9984977978429518,9.791918429216581,0
Yuksel_Atmaca_2020_DrivingBehaviorDataset,,Sudden Break,BRAKING,harsh,10,0.22813321533203107,0.35228967285156193,-9.804768841552734,0.010450210810165528,0.01895792049123616,0.03756867673156257,9.354357944322407,0.19872988145956086,-0.11232304075956,20.231857558504363,-9.95612568744295,-8.2115757917573,3.1938650146484373,4.932055419921875,-137.26676378173826,-0.24899697265624998,-0.2657563842773437,-10.800243688964843,1.0271125122070313,1.0941501586914062,-8.805873706054687,0.010450210810165528,0.01895792049123616,0.03756867673156257,0.19991583862304688,0.30047230834960936,-9.809044201660155,0.32012741188707255,0.4311770993285568,0.6069784705157072,1.4786873871806245,1.0007237686240529,9.813747745577066,0
Yuksel_Atmaca_2020_DrivingBehaviorDataset,,Sudden Break,BRAKING,harsh,11,0.21000568847656165,0.37913893432617146,-9.756371765136718,0.009625675239929184,0.018135520674058637,0.037253288632171866,11.579252226793752,-1.6100031726366013,-2.5582018354509253,32.47842990868094,-7.574760492754787,-7.209597360585964,2.940079638671875,5.307945080566406,-136.58920471191405,-0.24899697265624998,-0.2657563842773437,-10.800243688964843,1.0271125122070313,1.0941501586914062,-8.805873706054687,0.009625675239929184,0.018135520674058637,0.037253288632171866,0.19991583862304688,0.3687070556640625,-9.692925421142577,0.30723871515754186,0.42172112090605657,0.6044253162837381,1.5061783445899755,0.9958542414107353,9.765993996530588,0
Yuksel_Atmaca_2020_DrivingBehaviorDataset,,Sudden Break,BRAKING,harsh,12,0.28969840087890625,0.25635059204101535,-9.809215216064452,0.012250769469829342,0.020376924458259792,0.03365384458704767,9.910278481428156,-5.241653828879054,-1.1117557619588239,12.67263102637359,-6.156554739941663,-3.707573044156974,4.055777612304687,3.5889082885742187,-137.32901302490234,-0.24899697265624998,-0.6248866333007812,-10.800243688964843,1.0271125122070313,0.7924807495117187,-8.805873706054687,0.012250769469829342,0.020376924458259792,0.033653844587045706,0.24660277099609373,0.30047230834960936,-9.809044201660155,0.34661074481513837,0.4470227804470395,0.5744836594887256,1.5254680608333404,1.0010390719106361,9.816839814552438,0
Yuksel_Atmaca_2020_DrivingBehaviorDataset,,Sudden Break,BRAKING,harsh,13,0.309365057373046,0.24506364135742142,-9.876765905761719,0.012079026018999468,0.020671985969520194,0.029118580996528393,8.287410411572496,-4.349762405972229,0.5529749940728648,11.16945643807069,-7.653120792434435,2.071473362489785,4.331110803222656,3.430890979003906,-138.27472268066404,-0.24899697265624998,-0.6248866333007812,-10.800243688964843,1.0271125122070313,0.7924807495117187,-8.805873706054687,0.012079026018999468,0.020671985969520194,0.029118580996531335,0.28969840087890625,0.30047230834960936,-9.834183319091796,0.3441726027870712,0.45024763320643674,0.5343741501323178,1.555244351441892,1.0079535907727293,9.884648080951385,0
Yuksel_Atmaca_2020_DrivingBehaviorDataset,,Sudden Break,BRAKING,harsh,14,0.32561142578124996,0.29893317871093705,-9.850087658691406,0.01235148708774489,0.027240775520984337,0.030433254229563486,6.574308316885464,-0.8961364064334909,-0.7479757075389927,7.286843085915197,-6.684871143331704,-0.874456487862084,4.5585599609375,4.185064501953125,-137.90122722167968,-0.24899697265624998,-0.6248866333007812,-10.800243688964843,1.0271125122070313,1.2042834350585936,-8.805873706054687,0.01235148708774489,0.027240775520984337,0.030433254229563486,0.30406361083984373,0.30047230834960936,-9.817423907470703,0.3480326290005489,0.5168566060938632,0.5463041941907016,1.5607464874870352,1.005440241479958,9.860000544109429,0
Yuksel_Atmaca_2020_DrivingBehaviorDataset,,Sudden Break,BRAKING,harsh,15,0.24284045410156177,0.3714432861328119,-9.7683427734375,0.009379392401529876,0.026135039958586834,0.03073721845883549,5.6449657537969395,-4.109213984457243,-3.834246970967823,13.479127272632129,-3.361728438357659,0.5879995468878557,3.399766357421875,5.200206005859375,-136.756798828125,-0.24899697265624998,-0.6248866333007812,-10.800243688964843,0.9576806640625,1.2042834350585936,-8.805873706054687,0.009379392401529876,0.026135039958586834,0.03073721845883549,0.2561795776367187,0.3687070556640625,-9.692925421142577,0.30328273688831303,0.5062580267115543,0.5490256309129312,1.6026507210249268,0.9971211557372929,9.778418181911123,0
Yuksel_Atmaca_2020_DrivingBehaviorDataset,,Sudden Break,BRAKING,harsh,16,0.2876462280273432,0.4383099182128903,-9.81930506591797,0.008913226559528803,0.0239336951937806,0.03471290511305342,2.990367820368199,-7.5765101794796195,-1.9653134254619102,13.363983091317115,4.943291393259661,-6.262023504701966,4.027047192382812,6.136338854980468,-137.47027092285154,-0.24899697265624998,-0.6248866333007812,-10.800243688964843,0.9576806640625,1.2042834350585936,-8.805873706054687,0.008913226559528803,0.0239336951937806,0.0347129051130544,0.30406361083984373,0.5602431884765625,-9.718064538574218,0.2956499505158152,0.4844681330821412,0.5834529209173109,1.6144275065105453,1.002716605346232,9.833290797818625,0
Yuksel_Atmaca_2020_DrivingBehaviorDataset,,Sudden Break,BRAKING,harsh,17,0.31193027343749985,0.4076983398437498,-9.924649938964844,0.009178650883986277,0.02301905011442931,0.038076154139865974,0.5244315723892252,-6.133084431230788,0.5069351127871916,10.017896403987766,5.557603714766768,-8.022592719866402,4.367023828124999,5.7077767578125,-138.9450991455078,-0.24899697265624998,-0.6248866333007812,-10.800243688964843,0.9576806640625,1.2042834350585936,-8.805873706054687,0.009178650883986277,0.02301905011442931,0.03807615413986696,0.31962592163085934,0.3794809631347656,-9.926360083007811,0.30001969383932897,0.4751207928565893,0.6110642494825952,1.6537489389507933,1.01338551160336,9.937917027365092,0
Yuksel_Atmaca_2020_DrivingBehaviorDataset,,Sudden Break,BRAKING,harsh,18,0.30816795654296786,0.4206954345703116,-9.998528161621092,0.009280537545680699,0.024112555680365754,0.02771477781030114,0.8633510754940077,-5.992659153798746,-2.9786384718319288,9.08333973393448,3.5068359679231937,-11.35484763829461,4.314351391601562,5.889736083984375,-139.9793942626953,-0.24899697265624998,-0.6248866333007812,-10.800243688964843,0.9576806640625,1.2042834350585936,-9.220070593261719,0.009280537545680699,0.024112555680365754,0.027714777810298196,0.31962592163085934,0.3794809631347656,-9.926360083007811,0.30168026704170153,0.4862750190610943,0.5213339868197376,1.4689643987064533,1.0209519595273329,10.012118533898718,0
Yuksel_Atmaca_2020_DrivingBehaviorDataset,,Sudden Break,BRAKING,harsh,19,0.3628925659179684,0.40752732543945225,-9.932516601562499,0.010571367424267215,0.023381790910202066,0.022312164026957043,-1.1192731344100757,-5.612672391627843,-4.555210254020648,4.2876545907156265,4.921949618835391,-5.784701996572888,5.080495922851562,5.705382556152343,-139.055232421875,-0.24899697265624998,-0.6248866333007812,-10.754753857421875,0.9576806640625,1.2042834350585936,-9.220070593261719,0.010571367424267215,0.023381790910202066,0.022312164026957043,0.36391865234375,0.3794809631347656,-9.859322436523437,0.32197779481075645,0.47884970484436834,0.4677687284919333,1.454771973383254,1.0143621868545205,9.947494939716885,0
Yuksel_Atmaca_2020_DrivingBehaviorDataset,,Sudden Break,BRAKING,harsh,20,0.4369418029785156,0.39658240356445257,-9.885658654785155,0.015534590964477365,0.023985685525375094,0.02366207557962429,2.288869327919534,-4.86793414733206,-6.595080613551849,4.310490315899715,2.402431711415428,-5.517750948035755,6.117185241699218,5.552153649902343,-138.3992211669922,-0.24899697265624998,-0.6248866333007812,-10.754753857421875,1.2234370483398436,1.2042834350585936,-9.220070593261719,0.015534590964477365,0.023985685525375094,0.02366207557962429,0.4165910888671875,0.3794809631347656,-9.841365924072266,0.3903105129019664,0.4849940442494412,0.48171121378158493,1.5547669392859254,1.0098508819099947,9.903254151082649,0
Yuksel_Atmaca_2020_DrivingBehaviorDataset,,Sudden Break,BRAKING,harsh,21,0.5503243530273433,0.3464751831054679,-9.85367896118164,0.016805800819855096,0.02321311138180496,0.019505460130595686,6.059422622908461,-2.2281192432443824,-6.405593847007608,0.9558210954974358,2.436189969004187,-1.211105922181161,7.704540942382812,4.8506525634765625,-137.95150545654295,-0.13168109130859373,-0.6248866333007812,-10.754753857421875,1.3383587280273437,1.2042834350585936,-9.220070593261719,0.016805800819855096,0.02321311138180496,0.019505460130594707,0.47165772705078124,0.33399113159179683,-9.841365924072266,0.4059662628963588,0.47711933384886646,0.43735937235836253,1.5415829277687396,1.0069814599608113,9.87511473432469,0
Yuksel_Atmaca_2020_DrivingBehaviorDataset,,Sudden Break,BRAKING,harsh,22,0.5934199829101559,0.32646649780273396,-9.863939825439452,0.018372679189992948,0.023886856362795934,0.019069573807142064,3.1642758694572537,-0.9313515867951494,-5.9862291022568455,-5.966665785444821,0.02106704128995249,-0.5037290083587159,8.307879760742187,4.570530969238281,-138.09515755615234,-0.13168109130859373,-0.6248866333007812,-10.754753857421875,1.3383587280273437,1.2042834350585936,-9.220070593261719,0.018372679189992948,0.023886856362795934,0.019069573807143046,0.5135562561035156,0.3112462158203125,-9.841365924072266,0.4244695918184864,0.4839938428846179,0.4324449513820467,1.5011849165289444,1.0082102698050242,9.887165242383439,0
Yuksel_Atmaca_2020_DrivingBehaviorDataset,,Sudden Break,BRAKING,harsh,23,0.6508808227539058,0.3333070739746085,-9.869925329589844,0.019766898786562973,0.023880433045327172,0.018755842923659557,0.15288509547195503,-1.4152320589262932,-5.815392258567984,-9.39710387220942,0.13174094545393164,0.12845341838227511,9.112331518554686,4.666299035644531,-138.1789546142578,-0.13168109130859373,-0.6248866333007812,-10.754753857421875,1.3383587280273437,1.2042834350585936,-9.220070593261719,0.019766898786562973,0.023880433045327172,0.01875584292365858,0.5255272644042969,0.3591302490234375,-9.841365924072266,0.44028065820025436,0.4839287641006284,0.428872926409799,1.5210061977745908,1.0092108510356905,9.896977592309154,0
Yuksel_Atmaca_2020_DrivingBehaviorDataset,,Sudden Break,BRAKING,harsh,24,0.8372865234374992,0.2850810119628903,-9.81913405151367,0.05536909935657764,0.03354593285356483,0.019752629386806636,16.887491183013953,-6.603918988432784,-8.142871872231936,44.15438280016012,5.602840885305298,1.7432690142035634,11.722011328125,3.9911341674804683,-137.4678767211914,-0.13168109130859373,-0.9409212524414062,-10.754753857421875,2.9185318237304685,1.2042834350585936,-9.220070593261719,0.05536909935657764,0.03354593285356483,0.019752629386804676,0.6787561706542968,0.3591302490234375,-9.788693487548828,0.7368754156607374,0.5735618732259143,0.44012171382029824,2.5903760293678872,1.0053270047119895,9.858890070758832,0
Yuksel_Atmaca_2020_DrivingBehaviorDataset,,Sudden Break,BRAKING,harsh,25,0.8124894348144526,0.30389259643554617,-9.825119555664061,0.059177050710067645,0.034584583288315665,0.019346723897641915,15.330991543520614,-7.157990879756505,-8.180665610938739,38.47502448446219,4.45106380121323,2.4579554561427495,11.374852087402344,4.254496350097656,-137.55167377929686,-0.13168109130859373,-0.9409212524414062,-10.754753857421875,2.9185318237304685,1.2042834350585936,-9.220070593261719,0.059177050710067645,0.034584583288315665,0.019346723897639955,0.6787561706542968,0.3591302490234375,-9.788693487548828,0.7617930324870995,0.5823735087590854,0.4355761126494376,2.6170968643272774,1.005780709797611,9.863339397736743,0
Yuksel_Atmaca_2020_DrivingBehaviorDataset,,Sudden Break,BRAKING,harsh,26,0.7015010864257812,0.40273892211913975,-9.785615228271485,0.07322359667970502,0.02836956115812014,0.02142328287397432,11.61449885213749,-10.777704065506729,-8.582244030935417,27.91416666191243,21.761821135410887,0.6325816710838765,9.821015209960937,5.6383449096679685,-136.99861319580077,-0.5961562133789062,-0.9409212524414062,-10.754753857421875,2.9185318237304685,1.2042834350585936,-9.220070593261719,0.07322359667970502,0.02836956115812014,0.02142328287397432,0.5255272644042969,0.4740519287109375,-9.70369932861328,0.8473949400244472,0.5274564976671376,0.4583564518974954,2.767648394822821,1.001258346367614,9.81899016240596,0
Yuksel_Atmaca_2020_DrivingBehaviorDataset,,Sudden Break,BRAKING,harsh,27,0.649512707519531,0.4165910888671875,-9.76560654296875,0.08055398934850314,0.027578462166969294,0.0210080635744797,10.733832201617716,-11.914614956462614,-10.243877244994303,21.78985029194195,26.648150370955623,4.371041419907629,9.093177905273437,5.832275244140624,-136.7184916015625,-0.5961562133789062,-0.9409212524414062,-10.754753857421875,2.9185318237304685,1.2042834350585936,-9.220070593261719,0.08055398934850314,0.027578462166969294,0.02100806357447872,0.5255272644042969,0.4740519287109375,-9.700108026123047,0.888799628512804,0.52005031103703,0.45389285812035646,2.8230656946351127,0.9989185305947607,9.79604440805711,0
Yuksel_Atmaca_2020_DrivingBehaviorDataset,,Sudden Break,BRAKING,harsh,28,0.5797388305664056,0.34219982299804613,-9.832302160644529,0.08967931385086096,0.02260907866530609,0.02276914452498026,10.205480739961441,-14.837827618295616,-6.448170400369748,16.358783179109146,33.59716004172839,-5.381129149421677,8.116343627929687,4.790797521972656,-137.65223024902343,-0.5961562133789062,-0.9409212524414062,-10.754753857421875,2.9185318237304685,0.8882488159179687,-9.220070593261719,0.08967931385086096,0.02260907866530609,0.02276914452497732,0.5255272644042969,0.3591302490234375,-9.733626849365233,0.9377918975847191,0.4708708116810083,0.4725346877805616,2.8226352034929376,1.0049631207697247,9.85532158829642,0
Yuksel_Atmaca_2020_DrivingBehaviorDataset,,Sudden Break,BRAKING,harsh,29,0.5970112854003902,0.3355302612304682,-9.858638378906248,0.08740640048281473,0.022041048643221373,0.02021802121905484,10.250168981307729,-15.287028075579265,-7.817366142508893,17.790438760474455,35.54900856141114,-3.7509263199505596,8.358157995605469,4.697423657226563,-138.0209373046875,-0.5961562133789062,-0.9409212524414062,-10.754753857421875,2.9185318237304685,0.8882488159179687,-9.289502441406249,0.08740640048281473,0.022041048643221373,0.02021802121905092,0.5255272644042969,0.3591302490234375,-9.733626849365233,0.9258315058879757,0.46491811072172146,0.44527638359541805,2.7967497255705394,1.0077239579888104,9.882396152610966,0
Yuksel_Atmaca_2020_DrivingBehaviorDataset,,Sudden Break,BRAKING,harsh,30,0.55545478515625,0.3557099609374997,-9.825974627685547,0.09046960029235195,0.02433991542550204,0.017098745848010164,10.964062667646038,-12.760835814630608,-9.40974132117788,16.822450866096286,28.85767824217789,5.8203000934277265,7.7763669921875,4.979939453125,-137.56364478759764,-0.5961562133789062,-0.9409212524414062,-10.754753857421875,2.9185318237304685,1.005564697265625,-9.289502441406249,0.09046960029235195,0.02433991542550204,0.017098745848009186,0.3399766357421875,0.3591302490234375,-9.733626849365233,0.9419149142608363,0.48856220853388005,0.4094892134969851,2.8509676342138226,1.0042254986084131,9.848087985928196,0
Yuksel_Atmaca_2020_DrivingBehaviorDataset,,Sudden Break,BRAKING,harsh,31,0.5433127624511711,0.3085099853515621,-9.738244238281249,0.09077584158766688,0.0276338440101873,0.010190439005080251,11.341262036400476,-9.318368845777753,-7.172809074283701,17.238735936594164,11.891945897564439,-0.14049792736492858,7.606378674316406,4.319139794921875,-136.3354193359375,-0.5961562133789062,-0.9409212524414062,-10.386046801757812,2.9185318237304685,1.005564697265625,-9.289502441406249,0.09077584158766688,0.0276338440101873,0.010190439005081231,0.2549824768066406,0.31004911499023435,-9.700108026123047,0.9435077672736443,0.5205722201217712,0.3161235022411058,2.7608680099353147,0.9950662713609643,9.758266650041998,0
Yuksel_Atmaca_2020_DrivingBehaviorDataset,,Sudden Break,BRAKING,harsh,32,0.5737533264160151,0.3105621582031241,-9.724050042724608,0.08953873633639114,0.02790115678998116,0.01016031685781018,10.521824368885918,-9.132329912228082,-8.694270231150835,16.76975821444873,11.527398694669973,2.023048290213965,8.032546569824218,4.347870214843749,-136.13670059814453,-0.5961562133789062,-0.9409212524414062,-10.386046801757812,2.9185318237304685,1.005564697265625,-9.289502441406249,0.08953873633639114,0.02790115678998116,0.01016031685781018,0.46806642456054687,0.31004911499023435,-9.655815295410155,0.9370565877753995,0.5230840078175498,0.3156559381884723,2.739057618517208,0.9938063966864034,9.745911500064715,0
Yuksel_Atmaca_2020_DrivingBehaviorDataset,,Sudden Break,BRAKING,harsh,33,0.5486142089843744,0.27037377319335865,-9.73431090698242,0.08904821006288878,0.027876250376494972,0.010653242240388048,11.514094531134138,-6.778020917007668,-7.590046811242506,18.986698383629218,8.269556675002141,-2.1917336891390597,7.68059892578125,3.785232824707031,-136.2803526977539,-0.5961562133789062,-0.9409212524414062,-10.386046801757812,2.9185318237304685,1.005564697265625,-9.289502441406249,0.08904821006288878,0.027876250376494972,0.010653242240387068,0.411802685546875,0.20470424194335937,-9.655815295410155,0.9344862916133273,0.5228504860422859,0.3232222424535443,2.7401651074980906,0.9945808675668723,9.753506464924667,0
Yuksel_Atmaca_2020_DrivingBehaviorDataset,,Sudden Break,BRAKING,harsh,34,0.5248432067871085,0.3413447509765622,-9.789377545166014,0.08633174093033223,0.03200938217685718,0.011542614777156403,12.64675510587024,-7.3060611873726105,-4.25123340629126,24.003369609683162,5.621487720050805,-9.12718226626526,7.3478048950195305,4.778826513671874,-137.0512856323242,-0.5961562133789062,-0.9409212524414062,-10.386046801757812,2.9185318237304685,1.0678139404296874,-9.289502441406249,0.08633174093033223,0.03200938217685718,0.011542614777156403,0.411802685546875,0.31004911499023435,-9.700108026123047,0.920122365337592,0.5602720836563978,0.33644372962563346,2.7802815505210106,1.0002781401495646,9.809377623097726,0
Yuksel_Atmaca_2020_DrivingBehaviorDataset,,Sudden Break,BRAKING,harsh,35,0.4465186096191406,0.34271286621093694,-9.705751501464844,0.081095195596837,0.03193682438272647,0.013293723527286326,16.217975164369452,-7.398145016224343,-2.805890957084103,38.452415618928214,5.903388119644772,-1.2806409138673613,6.251260534667968,4.797980126953124,-135.8805210205078,-0.5961562133789062,-0.9409212524414062,-10.386046801757812,2.9185318237304685,1.0678139404296874,-9.066841687011719,0.081095195596837,0.03193682438272647,0.013293723527284364,0.29568390502929687,0.31004911499023435,-9.655815295410155,0.8917803540669202,0.5596367204114367,0.36106355926463657,2.867292726058868,0.9913741814420605,9.722059616438782,0
Yuksel_Atmaca_2020_DrivingBehaviorDataset,,Sudden Break,BRAKING,harsh,36,0.3840983520507805,0.39350414428710895,-9.650513848876951,0.07853381746457078,0.032277353346690796,0.017267871796970372,19.16366572127328,-9.911887322156538,-1.375542852517705,50.22269495458532,9.352507835684575,-4.110256289496678,5.377376928710937,5.5090580200195305,-135.10719388427734,-0.5961562133789062,-0.9409212524414062,-10.386046801757812,2.9185318237304685,1.0678139404296874,-8.963891015625,0.07853381746457078,0.032277353346690796,0.01726787179696939,0.20350714111328125,0.5255272644042969,-9.6151138671875,0.8775839908743442,0.5626123951685857,0.41150938623287603,2.9572035585292484,0.9856747741633775,9.666167524049285,0
Yuksel_Atmaca_2020_DrivingBehaviorDataset,,Sudden Break,BRAKING,harsh,37,0.35519691772460893,0.39521428833007777,-9.552864624023437,0.07496076040760814,0.03227401322160731,0.030458806186455405,21.17455210410255,-10.017722623594208,6.398239880485019,61.91423086171817,9.527475128125914,8.215210948038857,4.972756848144531,5.533000036621093,-133.7401047363281,-0.5961562133789062,-0.9409212524414062,-10.386046801757812,2.9185318237304685,1.0678139404296874,-8.303091357421874,0.07496076040760814,0.03227401322160731,0.030458806186455405,0.20350714111328125,0.5374982727050781,-9.572018237304688,0.8573878591695071,0.5625832842874728,0.5465334863376707,3.1492661433376377,0.9756269450039188,9.56763198022268,0
Yuksel_Atmaca_2020_DrivingBehaviorDataset,,Sudden Break,BRAKING,harsh,38,0.42531282348632754,0.4188142761230461,-9.739441339111329,0.12145363151327838,0.02614354764257439,0.0738758749337141,26.81710003610875,-6.06688731812106,-11.87468943861249,87.5577202368629,-3.915624368323192,34.97668489263844,5.954379528808594,5.863399865722656,-136.35217874755858,-0.5961562133789062,-0.6105214233398437,-12.011709729003906,3.900154504394531,1.0678139404296874,-8.303091357421874,0.12145363151327838,0.02614354764257439,0.0738758749337141,0.20350714111328125,0.5374982727050781,-9.6151138671875,1.0913538635473368,0.5063404205562266,0.8511608830994968,4.2775296989349725,0.9950100812701039,9.757715613487465,0
Yuksel_Atmaca_2020_DrivingBehaviorDataset,,Sudden Break,BRAKING,harsh,39,0.4807214904785154,0.4302722412109366,-9.742348583984374,0.1200779881508301,0.026982108526504855,0.07377033661603871,25.617090190225255,-6.186786594568093,-11.787573025947395,83.02836815530429,-4.823370652176681,34.962156905536986,6.730100866699218,6.023811376953125,-136.39288017578124,-0.5961562133789062,-0.6105214233398437,-12.011709729003906,3.900154504394531,1.0678139404296874,-8.303091357421874,0.1200779881508301,0.026982108526504855,0.07377033661603871,0.29568390502929687,0.5386953735351562,-9.618705169677733,1.08515565818888,0.5143968259830626,0.8505526859493664,4.233883984635405,0.9956189903665721,9.763686971878343,0
Yuksel_Atmaca_2020_DrivingBehaviorDataset,,Sudden Break,BRAKING,harsh,40,0.5958141845703121,0.3603273498535156,-9.802545654296873,0.11176722701833701,0.028916994812740366,0.07295637382635718,25.8120134408026,-2.8516000729574746,-9.759498406521978,83.77133668421301,-10.235808607651673,32.28433905617503,8.341398583984375,5.044582897949218,-137.23563916015624,-0.469263525390625,-0.6105214233398437,-12.011709729003906,3.900154504394531,1.0678139404296874,-8.303091357421874,0.11176722701833798,0.028916994812740366,0.07295637382635621,0.411802685546875,0.3220201232910156,-9.685742816162108,1.0469298337708135,0.5325212175870205,0.845847281360083,4.091652257780866,1.0021000399416105,9.827244356693393,0
Yuksel_Atmaca_2020_DrivingBehaviorDataset,,Sudden Break,BRAKING,harsh,41,0.7066315185546869,0.32971577148437414,-9.854020989990234,0.10675580611549841,0.031019356255347342,0.07591933776678675,24.771269884885044,-1.4883594844129044,-7.517067423531617,79.06749960881132,-13.447760773170502,24.533425938209355,9.892841259765625,4.61602080078125,-137.95629385986328,-0.469263525390625,-0.6105214233398437,-12.011709729003906,3.900154504394531,1.0678139404296874,-8.303091357421874,0.10675580611549841,0.031019356255347342,0.07591933776678872,0.5303156677246094,0.28012159423828126,-9.830592016601562,1.0231895357374194,0.5515396359478678,0.8628524634667759,3.967147052742658,1.0079716571999104,9.8848252520795,0
Yuksel_Atmaca_2020_DrivingBehaviorDataset,,Sudden Break,BRAKING,harsh,42,0.7428865722656248,0.36084039306640536,-9.792113775634766,0.09926894143315443,0.03126134831767747,0.07415680514654009,27.580292438644943,-3.2778822213970096,-10.016150567233236,89.51679890094708,-13.055381030467572,30.84423889839432,10.40041201171875,5.051765502929687,-137.0895928588867,-0.05027823486328125,-0.6105214233398437,-12.011709729003906,3.900154504394531,1.0678139404296874,-8.303091357421874,0.09926894143315443,0.03126134831767747,0.07415680514654205,0.5303156677246094,0.49799394531249996,-9.618705169677733,0.9866588896399023,0.5536868261748319,0.8527777161666128,3.979760139736345,1.0020629269344339,9.826880402421565,0
Yuksel_Atmaca_2020_DrivingBehaviorDataset,,Sudden Break,BRAKING,harsh,43,0.864819842529296,0.3399766357421875,-9.858809393310548,0.10354878822782776,0.030420497521070042,0.07752866141876003,22.997470398470384,-2.2783435131526244,-7.267423164357331,64.0317717376151,-12.427196003879681,22.02150390650615,12.107477795410155,4.759672900390624,-138.02333150634766,-0.05027823486328125,-0.6105214233398437,-12.011709729003906,3.900154504394531,1.0678139404296874,-8.303091357421874,0.10354878822782776,0.030420497521070042,0.07752866141876297,0.6572083557128906,0.39264907226562495,-9.830592016601562,1.0077036886279789,0.5461896850133698,0.8719497964345856,3.840791965892949,1.009774566226519,9.902505749885291,0
Yuksel_Atmaca_2020_DrivingBehaviorDataset,,Sudden Break,BRAKING,harsh,44,1.3296369934082026,0.09183473510742145,-9.862400695800781,0.31856862109383693,0.08204993181217174,0.07769666649882215,23.008880859335605,-18.126765908409865,-7.111899318982975,53.70141202947669,46.13407695479103,21.60664517073233,18.614917907714844,1.2856862915039062,-138.07360974121093,0.0383072265625,-2.4684219116210935,-12.011709729003906,6.457161877441406,1.0678139404296874,-8.303091357421874,0.31856862109383693,0.08204993181217174,0.07769666649882509,0.729034405517578,0.24899697265624998,-9.830592016601562,1.7675098212032303,0.897014472461751,0.8728940454148554,6.120943951197871,1.014826757934808,9.952050825701384,1
Yuksel_Atmaca_2020_DrivingBehaviorDataset,,Sudden Break,BRAKING,harsh,45,1.7263904113769528,-0.11646080932617131,-9.857954321289062,0.45788832153666403,0.162648665990164,0.0780528908390248,15.78591468642387,-16.79444859069328,-7.204572784196235,13.144008095432008,23.566495209640394,21.289541272798356,24.169465759277344,-1.6304513305664061,-138.01136049804686,0.0383072265625,-3.2321722412109373,-12.011709729003906,6.457161877441406,1.0678139404296874,-8.303091357421874,0.45788832153666403,0.162648665990164,0.07805289083902578,0.8104372619628906,0.24899697265624998,-9.830592016601562,2.119044715997643,1.2629483522030687,0.8748927831149012,6.0602408159385845,1.020599161787807,10.008658769946395,1
Yuksel_Atmaca_2020_DrivingBehaviorDataset,,Sudden Break,BRAKING,harsh,46,1.6940686889648433,-0.08995357666015596,-9.894038360595703,0.4674710858042422,0.16966824396160882,0.07819587709754587,15.591976002403289,-15.784908299754953,-5.814453405862866,12.61545912216912,21.52694396536126,19.617960725682796,23.716961645507812,-1.2593500732421874,-138.51653704833984,0.0383072265625,-3.2321722412109373,-12.011709729003906,6.457161877441406,1.2880804931640624,-8.303091357421874,0.4674710858042422,0.16966824396160882,0.07819587709754686,0.8104372619628906,0.24899697265624998,-10.059238275146484,2.1411037629227994,1.2899135958063683,0.8756937810323068,6.086470806841925,1.0236343657094917,10.038423952484987,1
Yuksel_Atmaca_2020_DrivingBehaviorDataset,,Sudden Break,BRAKING,harsh,47,1.6860310119628896,-0.04104345703124943,-9.923623852539063,0.4697170405088709,0.17417824785617625,0.0802622165757862,15.559838868862519,-16.2694452980202,-4.642146743211057,12.505323039337236,21.848616734289187,15.92196754623258,23.604434167480466,-0.5746083984375,-138.93073393554687,0.0383072265625,-3.2321722412109373,-12.011709729003906,6.457161877441406,1.2880804931640624,-8.303091357421874,0.46971704050887,0.17417824785617625,0.08026221657578717,0.8104372619628906,0.39264907226562495,-10.115502014160155,2.146241043151099,1.3069449545940242,0.8871885178376385,6.107953444504457,1.0264379292928638,10.065917519299862,1
Yuksel_Atmaca_2020_DrivingBehaviorDataset,,Sudden Break,BRAKING,harsh,48,1.6155730773925778,-0.059513012695312076,-9.950644128417968,0.48911255592600594,0.17016716872270213,0.08306837127850733,15.316410702813435,-16.662939132951095,-3.718574155279207,11.700838065388544,22.94251233826032,12.033863879718128,22.61802308349609,-0.833182177734375,-139.30901779785157,-0.09576806640624999,-3.2321722412109373,-12.011709729003906,6.457161877441406,1.2880804931640624,-8.303091357421874,0.48911255592600594,0.17016716872270213,0.08306837127850536,0.729034405517578,0.39264907226562495,-10.115502014160155,2.190104026427003,1.291808757190666,0.9025643706674664,6.144488595396877,1.0279879297969645,10.081117831743402,1
Yuksel_Atmaca_2020_DrivingBehaviorDataset,,Sudden Break,BRAKING,harsh,49,1.6472107421875,-0.045831860351561934,-10.044873065185547,0.48099577898107954,0.17094413320376228,0.07745335444475523,15.359143929941828,-16.895035057994555,-1.431138274482002,11.989168263473564,23.363036290457938,16.366176905959456,23.060950390625,-0.6416460449218749,-140.62822291259764,-0.09576806640624999,-3.2321722412109373,-12.011709729003906,6.457161877441406,1.2880804931640624,-8.303091357421874,0.48099577898107954,0.17094413320376228,0.07745335444475523,0.729034405517578,0.39264907226562495,-10.139444030761718,2.1718557171103265,1.29475452649631,0.8715262120932807,6.095641181070745,1.037983346830409,10.179139388194429,1
Yuksel_Atmaca_2020_DrivingBehaviorDataset,,Sudden Break,BRAKING,harsh,50,1.925280163574218,-0.18264338378906234,-10.062658563232421,0.5008713089126798,0.17362651057885184,0.07368235322500584,11.51941573951215,-13.644581693586371,-1.8088629273849652,0.20598980526481,13.12870125314309,19.753757555621686,26.95392229003906,-2.5570073730468748,-140.8772198852539,-0.09576806640624999,-3.2321722412109373,-12.011709729003906,6.457161877441406,1.2880804931640624,-8.303091357421874,0.5008713089126798,0.17362651057885184,0.07368235322500584,0.8726865051269531,0.3447650390625,-10.139444030761718,2.2162738146602146,1.3048733348367962,0.8500453218823136,5.799687799142963,1.0448840502423495,10.246812171309136,0
Yuksel_Atmaca_2020_DrivingBehaviorDataset,,Sudden Break,BRAKING,harsh,51,2.3056161987304686,-0.3536577880859366,-10.208704864501954,0.607555109639351,0.19359018127276345,0.04769199206909211,7.593113071165967,-9.380081235567943,-11.077190038195988,-10.899210524000292,-1.0350665526874943,29.628213656316813,32.27862678222656,-4.951209033203125,-142.92186810302732,-0.09576806640624999,-3.2321722412109373,-12.011709729003906,6.457161877441406,1.2880804931640624,-9.212887988281249,0.607555109639351,0.19359018127276345,0.04769199206909211,1.1180921752929687,0.05985504150390625,-10.24718310546875,2.4409179248685815,1.377850191849079,0.6838849859620889,5.363954093827676,1.0678264222382892,10.471799983643118,0
Yuksel_Atmaca_2020_DrivingBehaviorDataset,,Sudden Break,BRAKING,harsh,52,2.4971523315429685,-0.5330518981933587,-10.033586114501954,0.7270062044868097,0.24965420971134475,0.02212533862670804,6.761359468354394,-7.321697314254087,4.8007249063916175,-14.359321301960158,-9.693146526662163,-13.284710056335907,34.96013264160156,-7.46272657470703,-140.47020560302732,-0.09576806640624999,-3.2321722412109373,-10.599130749511717,6.581660363769531,1.2880804931640624,-9.212887988281249,0.7270062044868097,0.24965420971134475,0.022125338626710005,1.1180921752929687,0.05985504150390625,-10.139444030761718,2.6701114949062665,1.5646953235904306,0.4658062387341174,4.964071102008593,1.0557523577892662,10.353393859514108,0
Yuksel_Atmaca_2020_DrivingBehaviorDataset,,Sudden Break,BRAKING,harsh,53,2.427207440185547,-0.5380113159179678,-9.999896276855468,0.7611708055857275,0.24819594642795004,0.02698381712895211,6.533180356099339,-7.363436272350422,5.63173279556856,-14.535534049372572,-9.626437189930348,-12.600673733748406,33.98090416259765,-7.532158422851562,-139.99854787597656,-0.25139117431640623,-3.2321722412109373,-10.599130749511717,6.581660363769531,1.2880804931640624,-9.124302526855468,0.7611708055857275,0.24819594642795004,0.026983817128951128,1.1180921752929687,0.05985504150390625,-10.139444030761718,2.7321302459065304,1.5601188345884616,0.5144131124374963,5.028384094387585,1.0507467671003485,10.304305783584633,0
Yuksel_Atmaca_2020_DrivingBehaviorDataset,,Sudden Break,BRAKING,harsh,54,2.380862536621093,-0.4861939514160153,-9.988609326171874,0.7786101992290754,0.2556452764546635,0.02683755819017987,6.6429692257300275,-7.9230654578378426,4.937777827014075,-14.689227518444044,-9.698534276089717,-12.96991283486401,33.33207551269531,-6.806715319824218,-139.84053056640624,-0.25139117431640623,-3.2321722412109373,-10.599130749511717,6.581660363769531,1.2880804931640624,-9.124302526855468,0.7786101992290754,0.2556452764546635,0.02683755819017987,0.9528922607421875,0.3447650390625,-10.122684619140625,2.763251293362551,1.5833583771035955,0.5130170952568086,5.09255588049308,1.048262351219395,10.279941986585676,0
Yuksel_Atmaca_2020_DrivingBehaviorDataset,,Sudden Break,BRAKING,harsh,55,2.297065478515624,-0.42155050659179655,-9.890447058105469,0.8099805897841086,0.26593034377269975,0.030631464960024214,6.843795974154059,-8.478996313849851,2.4160949513754275,-14.87836959138599,-9.74297387945622,-15.486921555807108,32.15891669921875,-5.9017070922851556,-138.46625881347654,-0.25139117431640623,-3.2321722412109373,-10.599130749511717,6.581660363769531,1.2880804931640624,-9.076418493652342,0.8099805897841086,0.26593034377269975,0.030631464960024214,0.5255272644042969,0.4465186096191406,-10.036493359375,2.818367639398083,1.6148949828885308,0.5480803370403164,5.1884477803677544,1.0362803371332776,10.162438568148056,0
Yuksel_Atmaca_2020_DrivingBehaviorDataset,,Sudden Break,BRAKING,harsh,56,2.357091534423828,-0.46533019409179643,-9.92755718383789,0.7853458729917036,0.25885791153346055,0.029572828372967843,6.7828239465672535,-8.10175979077064,4.609828185150565,-14.715125547494331,-9.677811886357846,-12.846420106090978,32.99928148193359,-6.514622717285156,-138.98580057373047,-0.25139117431640623,-3.2321722412109373,-10.599130749511717,6.581660363769531,1.2880804931640624,-9.076418493652342,0.7853458729917036,0.25885791153346055,0.02957282837296883,0.7817068420410156,0.3447650390625,-10.06881508178711,2.7751778511248775,1.5932761650572749,0.5385261157676349,5.12121409213836,1.041553156678897,10.214147263945106,0
Yuksel_Atmaca_2020_DrivingBehaviorDataset,,Sudden Break,BRAKING,harsh,57,2.5937754699707023,-0.6478025634765622,-9.935252832031248,0.8372538319632402,0.2721985991464205,0.0306629777555295,4.123994193665103,-4.782204031552534,4.120009837148206,-18.918140510257178,-15.11540903029176,-12.709827887271073,36.31285657958984,-9.069235888671875,-139.09353964843748,-0.25139117431640623,-3.2321722412109373,-10.63025537109375,6.581660363769531,1.2880804931640624,-9.076418493652342,0.8372538319632402,0.2721985991464205,0.03066297775552754,0.7817068420410156,0.143652099609375,-10.06881508178711,2.865424103203977,1.6338165112151513,0.5483621894389231,4.829056737931385,1.0491515571967187,10.288662118383199,0
Yuksel_Atmaca_2020_DrivingBehaviorDataset,,Sudden Break,BRAKING,harsh,58,2.609337780761718,-0.7156952819824212,-9.89027604370117,0.8508045106708995,0.30592692852283826,0.031935889790032077,4.217661236537282,-5.249367450052173,1.6419201635435554,-18.694833137198493,-14.682337605966856,-15.415591305175747,36.53072893066406,-10.019733947753906,-138.4638646118164,-0.25139117431640623,-3.418919970703125,-10.63025537109375,6.675034228515624,1.2880804931640624,-9.076418493652342,0.8508045106708995,0.30592692852283826,0.031935889790035026,0.7817068420410156,0.143652099609375,-10.006565838623047,2.8885190071333753,1.732084961426113,0.5596285318043099,4.949714682156877,1.0455867112559922,10.253702921938574,0
Yuksel_Atmaca_2020_DrivingBehaviorDataset,,Sudden Break,BRAKING,harsh,59,2.599247930908202,-0.6440402465820312,-9.853336932373047,0.8436485014364117,0.27365336493345327,0.03733995524312425,4.228898620464323,-5.210781329033593,2.2257363149028335,-18.624046316448577,-13.686032018734652,-15.693138122662242,36.389471032714845,-9.016563452148437,-137.94671705322264,-0.25139117431640623,-3.418919970703125,-10.63025537109375,6.675034228515624,1.2880804931640624,-8.947131604003905,0.8436485014364117,0.27365336493345327,0.03733995524312425,0.7817068420410156,0.143652099609375,-10.006565838623047,2.876345872215542,1.6381766605664534,0.6051279799224171,5.013302257421489,1.0412052880193563,10.210735837755019,0
Yuksel_Atmaca_2020_DrivingBehaviorDataset,,Sudden Break,BRAKING,harsh,60,2.5730827270507812,-0.7008170288085929,-9.881896337890625,0.8587924583490074,0.25416193653986924,0.04034403483867375,4.1490222375131784,-5.870818239080201,2.453019980624045,-18.63057243559376,-13.50866091300544,-16.716367843470298,36.023158178710936,-9.811438403320311,-138.34654873046875,-0.25139117431640623,-3.418919970703125,-10.63025537109375,6.675034228515624,0.8092401611328125,-8.947131604003905,0.8587924583490074,0.25416193653986924,0.04034403483867571,0.7817068420410156,0.143652099609375,-10.006565838623047,2.9020470467703126,1.578758105274116,0.6289990693559925,5.0087797746381,1.0437221323857118,10.235417649560342,0
Yuksel_Atmaca_2020_DrivingBehaviorDataset,,Sudden Break,BRAKING,harsh,61,2.584369677734374,-0.6920952941894528,-9.917980377197265,0.8534919496201547,0.2569475912248855,0.04657782911417634,4.132215446217856,-5.792623163008808,0.9227640347406382,-18.587914746949814,-13.571881537788597,-15.295578952808162,36.18117548828125,-9.689334118652344,-138.8517252807617,-0.25139117431640623,-3.418919970703125,-10.939107385253905,6.675034228515624,0.8188169677734375,-8.947131604003905,0.8534919496201547,0.2569475912248855,0.046577829114175365,0.7817068420410156,0.143652099609375,-10.006565838623047,2.8930773974683928,1.5873862464710742,0.675849441726876,5.021136290725931,1.047503683476147,10.272501997561358,0
Yuksel_Atmaca_2020_DrivingBehaviorDataset,,Sudden Break,BRAKING,harsh,62,2.578555187988281,-0.7033822448730467,-9.896774591064451,0.856962866294383,0.2534077009676732,0.04404737604386623,4.110666153142838,-5.884335112239763,0.6993478285992799,-18.586081063178227,-13.483145304512192,-14.116273572115873,36.09977263183593,-9.847351428222655,-138.55484427490234,-0.25139117431640623,-3.418919970703125,-10.939107385253905,6.675034228515624,0.8188169677734375,-8.947131604003905,0.856962866294383,0.2534077009676732,0.04404737604386427,0.7817068420410156,0.143652099609375,-10.006565838623047,2.898954103249276,1.5764138513393746,0.6572345093500267,5.024116173390999,1.0453451084908765,10.251333608182053,0
Yuksel_Atmaca_2020_DrivingBehaviorDataset,,Sudden Break,BRAKING,harsh,63,2.551876940917968,-0.6826895019531244,-9.870438372802733,0.8690754958987231,0.25858671585825754,0.042207480988021316,4.166672204669662,-5.90270520527626,-0.279011883400898,-18.690264251513646,-13.70553574915709,-12.512893214664473,35.72627717285156,-9.557653027343749,-138.18613721923828,-0.25139117431640623,-3.418919970703125,-10.939107385253905,6.675034228515624,0.8188169677734375,-8.947131604003905,0.8690754958987231,0.25858671585825754,0.04220748098802033,0.699106884765625,0.239420166015625,-9.995791931152343,2.919369660021699,1.5924413386594127,0.6433614795985038,5.06255238536441,1.041926918038009,10.217812610777441,0
Yuksel_Atmaca_2020_DrivingBehaviorDataset,,Sudden Break,BRAKING,harsh,64,2.5400769470214835,-0.650367779541015,-9.907719512939451,0.8653704910543099,0.25668133186915737,0.03880759335836563,4.296689943124462,-6.64375612833686,0.7040908181582688,-18.465913446820284,-12.659006659826112,-9.568728357864867,35.56107725830078,-9.105148913574219,-138.70807318115234,-0.25139117431640623,-3.418919970703125,-10.939107385253905,6.675034228515624,0.8188169677734375,-8.947131604003905,0.8653704910543099,0.25668133186915737,0.03880759335836465,0.699106884765625,0.239420166015625,-9.995791931152343,2.9131401487222934,1.5865635767830644,0.6169055725212836,5.081979328778037,1.0450866212832417,10.2487987146073,0
Yuksel_Atmaca_2020_DrivingBehaviorDataset,,Sudden Break,BRAKING,harsh,65,2.501085662841796,-0.6438692321777337,-9.850258673095702,0.8374406991150515,0.2548199315464265,0.03796804007188716,4.335309773779948,-6.7548363766980986,-1.9973653098661657,-18.1926389879549,-12.296607729946837,-8.28968970471828,35.01519927978516,-9.014169250488282,-137.90362142333984,-0.25139117431640623,-3.418919970703125,-10.939107385253905,6.675034228515624,0.8188169677734375,-8.947131604003905,0.8374406991150515,0.2548199315464265,0.03796804007188617,0.699106884765625,0.239420166015625,-9.854534033203125,2.865743853169124,1.5808003927440575,0.610196099767086,5.129166087021312,1.0383975680501762,10.183201510719261,0
Yuksel_Atmaca_2020_DrivingBehaviorDataset,,Sudden Break,BRAKING,harsh,66,2.429943670654296,-0.6491706787109368,-9.854705047607421,0.7809070779945988,0.2577455438957759,0.037712854515475264,4.094223911177361,-6.834235736919223,-1.8160039435767157,-18.579899973923272,-12.106983433852104,-8.006757488664416,34.019211389160155,-9.088389501953124,-137.9658706665039,-0.25139117431640623,-3.418919970703125,-10.939107385253905,6.675034228515624,0.8188169677734375,-8.947131604003905,0.7809070779945979,0.2577455438957759,0.037712854515474285,0.699106884765625,0.239420166015625,-9.854534033203125,2.76732404976644,1.589849155752053,0.6081420596654844,5.183457669821157,1.037113353748446,10.170607670537198,0
Yuksel_Atmaca_2020_DrivingBehaviorDataset,,Sudden Break,BRAKING,harsh,67,2.489114654541015,-0.6419880737304681,-9.902760095214843,0.7510593348456108,0.2600556643302619,0.033300648841033974,4.160883020719062,-6.757213279256867,-1.1317003117952873,-18.454774370555405,-12.160116512637071,-4.011003635793483,34.847605163574215,-8.987833032226561,-138.6386413330078,-0.23223756103515625,-3.418919970703125,-10.939107385253905,6.675034228515624,0.8690952026367187,-8.947131604003905,0.7510593348456108,0.2600556643302619,0.03330064884103201,0.7278373046875,0.239420166015625,-9.885658654785155,2.7139226271328583,1.5969580084035917,0.5714611167497845,5.129063184030709,1.043267356529204,10.23095782190712,0
Yuksel_Atmaca_2020_DrivingBehaviorDataset,,Sudden Break,BRAKING,harsh,68,2.481590020751953,-0.5771736145019528,-9.878989093017577,0.7546484020213664,0.2823831062178195,0.0337341232087761,4.160777141667463,-5.941409655807787,-2.4451472329315944,-18.47989837433114,-12.396360771415718,-4.428261513916544,34.74226029052734,-8.080430603027343,-138.3058473022461,-0.23223756103515625,-3.418919970703125,-10.939107385253905,6.675034228515624,1.4125789794921875,-8.947131604003905,0.7546484020213664,0.2823831062178195,0.033734123208774135,0.7278373046875,0.239420166015625,-9.765948571777344,2.72039937356316,1.6641010451865539,0.5751684443407276,5.175359646453896,1.040339667787006,10.202247003103443,0
Yuksel_Atmaca_2020_DrivingBehaviorDataset,,Sudden Break,BRAKING,harsh,69,2.513740728759765,-0.6050489624023428,-9.919861535644532,0.738938945873769,0.2755320568268109,0.02891444796736226,4.182419911590208,-5.868515161070958,-3.3831283772706144,-18.389183430852132,-12.050902648024618,-0.5431980338839717,35.19237020263672,-8.470685473632813,-138.87806149902343,-0.23223756103515625,-3.418919970703125,-10.939107385253905,6.675034228515624,1.4125789794921875,-8.947131604003905,0.738938945873769,0.2755320568268109,0.02891444796736324,0.7278373046875,0.1592144104003906,-9.765948571777344,2.6919352914869625,1.6437902679723622,0.5324977663419364,5.125728801293721,1.04533908466667,10.251274534646397,0
Yuksel_Atmaca_2020_DrivingBehaviorDataset,,Sudden Break,BRAKING,harsh,70,2.8285782470703116,-0.7001329711914056,-10.092928112792968,0.7673847710802,0.2761034751488609,0.07619833777271699,1.0892385396780686,-3.9854907585998287,-16.19631427097796,-20.608691457495112,-13.696460999016335,35.94784366725904,39.60009545898437,-9.801861596679688,-141.30099357910154,-0.23223756103515625,-3.418919970703125,-12.46181964111328,6.675034228515624,1.4125789794921875,-8.947131604003905,0.7673847710802,0.2761034751488609,0.07619833777271699,2.2349872497558594,-0.1879448303222656,-9.765948571777344,2.7432597152500247,1.6454938907721839,0.8644364806732887,5.272444730754236,1.0712274805460429,10.505152972096852,0
Yuksel_Atmaca_2020_DrivingBehaviorDataset,,Sudden Break,BRAKING,harsh,71,2.8732130065917962,-0.7245880310058587,-9.999554248046874,0.7927977819803806,0.28483460386980014,0.0776257402273316,1.0105633367234563,-3.822667837566578,-18.629717780348518,-20.89723107144815,-14.533066889626612,43.62109624711202,40.22498209228515,-10.144232434082031,-139.99375947265625,-0.23223756103515625,-3.418919970703125,-12.46181964111328,6.675034228515624,1.4125789794921875,-8.947131604003905,0.7927977819803806,0.28483460386980014,0.0776257402273316,2.2349872497558594,-0.1879448303222656,-9.6917283203125,2.788313176215668,1.6713088487888097,0.8724955388999805,5.270296013568468,1.0634983373848963,10.429355970315592,0
Yuksel_Atmaca_2020_DrivingBehaviorDataset,,Sudden Break,BRAKING,harsh,72,2.8253289733886713,-0.6859387756347656,-9.978006433105469,0.756088008779172,0.26409604984968893,0.08079915452966265,0.6318945063279404,-3.0841507930673484,-17.84131390672375,-21.659061563845185,-15.989973949504508,40.42739857244638,39.554605627441404,-9.603142858886718,-139.69209006347654,-0.23223756103515625,-3.1962592163085937,-12.46181964111328,6.004657763671875,1.4125789794921875,-8.947131604003905,0.756088008779172,0.26409604984968893,0.08079915452966265,2.2349872497558594,-0.1879448303222656,-9.6917283203125,2.7229929253110936,1.6093158568964798,0.8901511269263893,4.751754236475469,1.0597869353122193,10.392959549179576,0
Yuksel_Atmaca_2020_DrivingBehaviorDataset,,Sudden Break,BRAKING,harsh,73,2.8761202514648434,-0.6833735595703119,-10.035296258544921,0.7925398697257036,0.26323608004863414,0.07251360491823669,0.9066641261050525,-3.100900188412548,-20.239470789015407,-21.177367633996088,-15.913129441107904,48.687135559395905,40.26568352050781,-9.567229833984374,-140.4941476196289,-0.23223756103515625,-3.1962592163085937,-12.46181964111328,6.4739212890625,1.4125789794921875,-9.167398156738281,0.7925398697257036,0.26323608004863414,0.07251360491823669,2.2349872497558594,-0.1879448303222656,-9.74200655517578,2.787859593567361,1.606693531576243,0.8432766708924335,5.014656753570552,1.0667919840952955,10.46165561082813,0
Yuksel_Atmaca_2020_DrivingBehaviorDataset,,Sudden Break,BRAKING,harsh,74,2.914940521240234,-0.6775590698242188,-9.964496295166015,0.7681889864856226,0.26478688727846506,0.07172114739543914,1.0247343519221868,-3.121409218902625,-23.11653189599984,-21.27211822625953,-16.00232633323785,60.545775801415466,40.80916729736328,-9.485826977539062,-139.5029481323242,-0.1771709228515625,-3.1962592163085937,-12.46181964111328,6.4739212890625,1.4125789794921875,-9.167398156738281,0.7681889864856226,0.26478688727846506,0.0717211473954411,2.2349872497558594,-0.1879448303222656,-9.6917283203125,2.7446968000708627,1.6114193520401072,0.8386561811049282,5.024621222325362,1.0609320314199968,10.40418910592491,0
Yuksel_Atmaca_2020_DrivingBehaviorDataset,,Sudden Break,BRAKING,harsh,75,2.854230407714843,-0.6647329895019525,-9.865991998291015,0.8053905770471459,0.26923704191251346,0.06448797805985396,0.8858717784946435,-3.0369572995044316,-29.652008605196205,-21.190306017464476,-16.092625873141746,99.77964479571263,39.95922570800781,-9.306261853027344,-138.1238879760742,-0.33039982910156246,-3.1962592163085937,-12.46181964111328,6.4739212890625,1.4125789794921875,-9.167398156738281,0.8053905770471459,0.26923704191251446,0.06448797805985493,2.2349872497558594,-0.1879448303222656,-9.645041387939452,2.810370705511889,1.6249041316555752,0.7952427491280158,5.123388357792276,1.049497055075375,10.292050295154926,0
Yuksel_Atmaca_2020_DrivingBehaviorDataset,,Sudden Break,BRAKING,harsh,76,2.8752651794433586,-0.6635358886718743,-9.860690551757811,0.7920174902208721,0.26958507973459983,0.06402013894365435,0.9483881793153519,-3.0382940991175094,-30.14434545680021,-21.237261654053867,-16.109405954601442,102.83376166080397,40.25371251220703,-9.289502441406249,-138.04966772460938,-0.33039982910156246,-3.1962592163085937,-12.46181964111328,6.4739212890625,1.4125789794921875,-9.167398156738281,0.7920174902208721,0.26958507973459983,0.06402013894365337,2.2349872497558594,-0.1879448303222656,-9.645041387939452,2.7869406740141627,1.6259540344607892,0.792352885759737,5.11183780935444,1.0495681342652428,10.292747343892241,0
Yuksel_Atmaca_2020_DrivingBehaviorDataset,,Sudden Break,BRAKING,harsh,77,3.0124187316894533,-0.8183039245605467,-9.778945666503907,0.7416358142530682,0.26112410932309305,0.07074726648238898,0.0438191548055382,-0.44366514316114486,-27.855243031228053,-20.160335134244818,-16.12826227071931,93.76473827440356,42.173862243652344,-11.456254943847656,-136.90523933105467,-0.33039982910156246,-3.1962592163085937,-12.46181964111328,6.4739212890625,1.4125789794921875,-8.872911352539061,0.7416358142530682,0.26112410932309305,0.07074726648238995,3.0621839233398433,-1.0271125122070313,-9.631873278808593,2.6968431281490686,1.6002352160521005,0.8329427836589556,4.983420922206851,1.0467478381221647,10.265089686720726,0
Yuksel_Atmaca_2020_DrivingBehaviorDataset,,Sudden Break,BRAKING,harsh,78,3.159491119384765,-0.8709763610839841,-9.905154296874999,0.8009586196714865,0.2638166869263232,0.09226397972061118,-0.7757078580454247,0.634920375932016,-19.349493490382667,-21.25261515612127,-16.52483431329167,36.8681599237495,44.232875671386715,-12.19366905517578,-138.67216015625,-0.33039982910156246,-3.1962592163085937,-12.46181964111328,6.4739212890625,1.4125789794921875,-8.872911352539061,0.8009586196714865,0.2638166869263232,0.09226397972061019,3.758896606445312,-1.3958195678710936,-9.631873278808593,2.802627489981746,1.6084644580611758,0.9512100486891041,4.91149843444517,1.0638971773555639,10.43326725431394,0
Yuksel_Atmaca_2020_DrivingBehaviorDataset,,Sudden Break,BRAKING,harsh,79,3.2015606628417967,-0.9190314086914058,-9.924136895751952,0.8251947471333236,0.2780351979512429,0.09126971762122849,-0.7752252968550128,0.8293696691763707,-19.026075223275214,-21.35259212878466,-17.392146806276372,36.355384389983094,44.821849279785155,-12.866439721679686,-138.93791654052734,-0.33039982910156246,-3.1962592163085937,-12.46181964111328,6.4739212890625,1.4125789794921875,-8.872911352539061,0.8251947471333236,0.2780351979512429,0.09126971762122947,3.758896606445312,-1.3958195678710936,-9.645041387939452,2.844713705625754,1.6512401018593754,0.9460709150535359,4.934671785948791,1.0674587966105138,10.468194807780494,0
Yuksel_Atmaca_2020_DrivingBehaviorDataset,,Sudden Break,BRAKING,harsh,80,3.2321722412109373,-0.8494285461425779,-9.918151391601562,0.8425615059027297,0.2501394142663249,0.09171766372322979,-0.7945372080160794,1.6441174365838023,-19.072688990677506,-21.450399892673794,-17.9903557717326,36.30745135976689,45.250411376953124,-11.891999645996092,-138.85411948242188,-0.33039982910156246,-2.877830395507812,-12.46181964111328,6.4739212890625,1.4125789794921875,-8.872911352539061,0.8425615059027297,0.2501394142663249,0.09171766372322979,3.758896606445312,-1.3958195678710936,-9.645041387939452,2.874492266794435,1.566215083222881,0.9483897020483802,4.927356894499628,1.0672400416619099,10.466049554563767,0
Yuksel_Atmaca_2020_DrivingBehaviorDataset,,Sudden Break,BRAKING,harsh,81,3.226870794677734,-0.8407068115234368,-10.091046954345703,0.8456932103930752,0.25353995386270284,0.12979508004497697,-0.7864176037321302,1.6818134472505415,-13.477420058352704,-21.47738436581779,-18.033239162284683,6.506958296180117,45.17619112548828,-11.769895361328125,-141.27465736083983,-0.33039982910156246,-2.877830395507812,-12.46181964111328,6.4739212890625,1.4125789794921875,-8.872911352539061,0.8456932103930752,0.25353995386270384,0.12979508004497992,3.758896606445312,-1.3958195678710936,-9.645041387939452,2.87982939107532,1.5768251610586643,1.1282087225877584,4.832394259486617,1.0837271790456204,10.627733140387733,0
Yuksel_Atmaca_2020_DrivingBehaviorDataset,,Sudden Break,BRAKING,harsh,82,3.26979541015625,-0.9472487854003899,-10.152954168701172,0.8203623023367843,0.21701819437547273,0.1291533135500118,-0.8465097661617899,1.5175053927440338,-11.788799731032318,-21.26852230037436,-17.505683210351723,3.118543607356585,45.7771357421875,-13.261482995605467,-142.1413583618164,-0.33039982910156246,-2.877830395507812,-12.46181964111328,6.4739212890625,0.9983820922851562,-8.872911352539061,0.8203623023367843,0.2170181943754737,0.1291533135500079,3.758896606445312,-1.3958195678710936,-9.698910925292969,2.8363719735272777,1.4588425123611664,1.1254160752029416,4.698696100268119,1.0919600041749669,10.70846957494244,0
Yuksel_Atmaca_2020_DrivingBehaviorDataset,,Sudden Break,BRAKING,harsh,83,3.2407229614257806,-0.9465647277832026,-10.127130993652344,0.8392674745449645,0.21721117652551455,0.13296558779615458,-0.8737511432948122,1.512822596852321,-11.75393387744741,-21.29360324458447,-17.523888983289638,2.566378125237502,45.370121459960934,-13.251906188964844,-141.7798339111328,-0.33039982910156246,-2.877830395507812,-12.46181964111328,6.4739212890625,0.9983820922851562,-8.872911352539061,0.8392674745449645,0.21721117652551455,0.13296558779615558,3.758896606445312,-1.3958195678710936,-9.654618194580078,2.868867786993046,1.459491001779024,1.1419049792172598,4.688977201746751,1.0885538741913088,10.675066850338197,0
Yuksel_Atmaca_2020_DrivingBehaviorDataset,,Sudden Break,BRAKING,harsh,84,3.071760729980469,-0.9292922729492181,-9.965009338378906,0.8041093179115875,0.21612353866008524,0.08735669364058263,0.7946627903075281,1.1340216113977584,-14.025952794463873,-20.246650918316398,-17.413815846920134,17.471961090113634,43.00465021972656,-13.010091821289063,-139.51013073730468,-0.33039982910156246,-2.877830395507812,-12.217611071777343,6.4739212890625,0.9983820922851562,-8.872911352539061,0.8041093179115875,0.21612353866008524,0.08735669364057969,2.5761609863281247,-1.274912384033203,-9.654618194580078,2.8081343704491197,1.4558323737302081,0.9255682144987458,4.521693471935838,1.067544547342375,10.469035735195103,0
Yuksel_Atmaca_2020_DrivingBehaviorDataset,,Sudden Break,BRAKING,harsh,85,3.037899877929687,-0.9219386535644528,-10.024009307861329,0.7857862524257253,0.2136491772095739,0.08400714233826953,0.8899045280845433,1.1888420941742825,-12.957384673171212,-19.946199406139193,-17.379728049667563,16.668231497983033,42.53059829101562,-12.907141149902342,-140.3361303100586,-0.33039982910156246,-2.877830395507812,-12.217611071777343,6.4739212890625,0.9983820922851562,-8.872911352539061,0.7857862524257253,0.2136491772095739,0.08400714233827052,2.5761609863281247,-1.274912384033203,-9.779116680908203,2.7759558268010567,1.4474745951768107,0.9076500660560797,4.521464844784354,1.0722041731613048,10.514731054732309,0
Yuksel_Atmaca_2020_DrivingBehaviorDataset,,Sudden Break,BRAKING,harsh,86,3.056198419189453,-0.8730285339355462,-10.10489912109375,0.7981874592023391,0.1960537322799743,0.07812968802268759,0.9407455774064543,1.933213869423457,-12.117462310572717,-19.934128494882515,-17.96701045326132,17.153088021689882,42.786777868652344,-12.222399475097655,-141.4685876953125,-0.33039982910156246,-2.578555187988281,-12.217611071777343,6.4739212890625,0.9983820922851562,-8.872911352539061,0.7981874592023391,0.1960537322799743,0.07812968802268563,2.5761609863281247,-1.274912384033203,-9.97903251953125,2.7977750171853755,1.3865894611107545,0.8753230860931744,4.432443923361726,1.0801847338894248,10.59299362059673,0
Yuksel_Atmaca_2020_DrivingBehaviorDataset,,Sudden Break,BRAKING,harsh,87,3.0426882812499993,-0.9450255981445304,-10.103017962646485,0.7883068007404981,0.22432766951093217,0.07828170546556644,0.8686264774467806,0.4643181786003409,-12.141802568290416,-20.024024469777796,-16.186701443472007,17.0929259343681,42.597635937499994,-13.230358374023437,-141.44225147705077,-0.33039982910156246,-3.201047619628906,-12.217611071777343,6.284779357910156,0.9983820922851562,-8.872911352539061,0.7883068007404981,0.22432766951093217,0.07828170546556841,2.5761609863281247,-1.274912384033203,-9.97903251953125,2.7804044467454383,1.4832069782095119,0.8761742331887633,4.575900215127208,1.0802351913451205,10.593488439204625,0
Yuksel_Atmaca_2020_DrivingBehaviorDataset,,Sudden Break,BRAKING,harsh,88,3.042004223632812,-0.9629821105957023,-10.158255615234374,0.7887178416719793,0.21879483260088184,0.07599223920840247,0.867589306698358,0.49136742537668887,-10.73568952969414,-20.025507435765647,-15.783583114111972,16.12272522966011,42.58805913085937,-13.481749548339844,-142.21557861328125,-0.33039982910156246,-3.201047619628906,-12.217611071777343,6.284779357910156,0.9983820922851562,-8.872911352539061,0.7887178416719793,0.21879483260088184,0.07599223920840442,2.5761609863281247,-1.274912384033203,-10.17056865234375,2.781129235046894,1.4648018108691165,0.8632666405190801,4.541254365703003,1.0857525351393025,10.647595098723839,0
Yuksel_Atmaca_2020_DrivingBehaviorDataset,,Sudden Break,BRAKING,harsh,89,3.147349096679687,-0.9764922485351557,-10.217768627929686,0.7265333455480057,0.21323555089281146,0.07322939051206426,1.0846821228719434,0.2553825164364124,-9.262576611621132,-20.00722869048082,-15.977135842108718,15.956962393953575,44.06288735351562,-13.670891479492187,-143.0487607910156,0.0909796630859375,-3.201047619628906,-12.217611071777343,6.284779357910156,0.9911994873046874,-8.872911352539061,0.7265333455480057,0.21323555089281146,0.0732293905120623,2.5761609863281247,-1.274912384033203,-10.210072979736328,2.669243007505752,1.4460727558331872,0.8474284645119712,4.334914652373367,1.0947694309436526,10.73602063996357,0
Yuksel_Atmaca_2020_DrivingBehaviorDataset,,Sudden Break,BRAKING,harsh,90,3.209940368652344,-1.0435298950195306,-10.225977319335936,0.6904723659510785,0.1954387478071908,0.07334408526879019,1.2354948892703763,0.5961249922964023,-8.911460148962275,-19.973920175941156,-14.217475307501683,15.310704818021378,44.93916516113281,-14.609418530273437,-143.16368247070312,0.0909796630859375,-3.201047619628906,-12.217611071777343,6.284779357910156,0.9911994873046874,-8.872911352539061,0.6904723659510785,0.1954387478071908,0.07334408526879019,2.5761609863281247,-1.274912384033203,-10.245986004638672,2.60215695674841,1.3844130150296152,0.8480918427866075,4.283620386861417,1.098094148300732,10.768624979433373,0
Yuksel_Atmaca_2020_DrivingBehaviorDataset,,Sudden Break,BRAKING,harsh,91,3.4573982116699216,-1.0330980163574217,-10.308919305419922,0.7247088054325714,0.19437553781809705,0.05851677221414893,-1.2897973205373268,0.37278355430393745,-13.731350926009018,-20.875306470388015,-14.00006621641012,24.024025193668056,48.4035749633789,-14.463372229003905,-144.3248702758789,0.0909796630859375,-3.201047619628906,-12.217611071777343,6.284779357910156,0.9911994873046874,-9.287108239746093,0.7247088054325714,0.19437553781809705,0.05851677221414991,4.101267443847656,-1.2665326782226562,-10.245986004638672,2.665889271293038,1.3806421940328502,0.757531190271332,4.435750622559376,1.1137556479576083,10.922211825043478,0
Yuksel_Atmaca_2020_DrivingBehaviorDataset,,Sudden Break,BRAKING,harsh,92,3.4806561706542967,-1.145454479980468,-10.103188977050781,0.7382238250933015,0.22258914725138523,0.06504243561212515,-1.23918174604884,0.8014885478810164,-9.537208830807476,-20.871282939359705,-15.91799602691184,37.32395629944758,48.729186389160155,-16.03636271972656,-141.44464567871094,0.0909796630859375,-3.201047619628906,-12.217611071777343,6.284779357910156,0.9911994873046874,-8.621520178222656,0.7382238250933005,0.22258914725138523,0.06504243561212711,4.101267443847656,-1.2665326782226562,-10.17056865234375,2.690632393016783,1.4774484291821501,0.7986541186243732,4.530560428528029,1.0959053901976084,10.747160594781375,0
Yuksel_Atmaca_2020_DrivingBehaviorDataset,,Sudden Break,BRAKING,harsh,93,3.4495315490722653,-1.1509269409179679,-10.060606390380858,0.721714588840993,0.2243543776649689,0.07038205270939088,-1.2331271595125126,0.7844543922852761,-9.189630720688786,-20.76728345112552,-16.002171858452705,30.26412880687031,48.293441687011715,-16.11297717285156,-140.84848946533202,0.0909796630859375,-3.201047619628906,-12.217611071777343,6.284779357910156,0.9911994873046874,-8.621520178222656,0.721714588840993,0.2243543776649689,0.07038205270939088,4.101267443847656,-1.2665326782226562,-10.17056865234375,2.660376359212645,1.483295269906896,0.8307900801060097,4.530038145636151,1.090856648571176,10.697649352710522,0
Yuksel_Atmaca_2020_DrivingBehaviorDataset,,Sudden Break,BRAKING,harsh,94,3.470566320800781,-1.1690544677734374,-10.01785278930664,0.7341948987722391,0.2290871165160942,0.07789412248948743,-1.1746122195814892,0.8888503658446641,-7.905640212814746,-20.74693866376567,-16.423652464665135,22.769873203655468,48.58792849121093,-16.366762548828124,-140.24993905029297,0.0909796630859375,-3.201047619628906,-12.217611071777343,6.308721374511719,0.9911994873046874,-8.621520178222656,0.7341948987722391,0.2290871165160942,0.0778941224894835,4.101267443847656,-1.2665326782226562,-10.17056865234375,2.683280157576689,1.4988586228135596,0.8740025150487263,4.574629999107395,1.08765482661122,10.66625020538692,0
Yuksel_Atmaca_2020_DrivingBehaviorDataset,,Sudden Break,BRAKING,harsh,95,3.5193054260253898,-1.2829500610351556,-9.802545654296873,0.7058171478843452,0.19356746842219266,0.04005120864189692,-1.1957239761051948,0.657268790944901,6.256474317606795,-20.530215351209815,-15.475557699543074,-10.807123295913133,49.27027596435546,-17.961300854492187,-137.23563916015624,0.0909796630859375,-3.201047619628906,-10.50815108642578,6.308721374511719,0.8092401611328125,-8.621520178222656,0.7058171478843452,0.19356746842219266,0.04005120864189495,4.101267443847656,-1.2665326782226562,-10.091559997558592,2.6309127186776866,1.3777693617592521,0.6267122028714989,4.186346693443576,1.070077254703275,10.49387310983587,0
Yuksel_Atmaca_2020_DrivingBehaviorDataset,,Sudden Break,BRAKING,harsh,96,3.5589807678222654,-1.2935529541015622,-9.80288768310547,0.6849080162455248,0.19092431182356912,0.04010438086390333,-1.297139190568449,0.741413776931573,6.237061106179359,-20.188911600662767,-15.125511373575197,-10.807030756498687,49.82573074951171,-18.109741357421875,-137.24042756347654,0.0909796630859375,-3.201047619628906,-10.512939489746094,6.308721374511719,0.8092401611328125,-8.621520178222656,0.6849080162455248,0.19092431182356912,0.04010438086390431,4.101267443847656,-1.2665326782226562,-10.091559997558592,2.5916506704249667,1.3683303338538577,0.627128078305391,4.224263217357853,1.0716059374742892,10.508864366732238,0
Yuksel_Atmaca_2020_DrivingBehaviorDataset,,Sudden Break,BRAKING,harsh,97,3.6480792724609374,-1.235750085449218,-9.880186193847655,0.6283764473750034,0.2164627412089933,0.03987792038321761,-0.9388998022788877,2.1658341952707385,9.408459812726695,-20.642548834830645,-13.133902836435878,-5.339598907365323,51.07310981445312,-17.300501196289062,-138.32260671386717,0.3016694091796875,-3.201047619628906,-10.512939489746094,6.308721374511719,1.1516109985351561,-8.621520178222656,0.6283764473750034,0.2164627412089933,0.03987792038321467,4.101267443847656,-1.2665326782226562,-10.17056865234375,2.4823915661414255,1.4569743790050584,0.6253549455517666,4.299092003816432,1.0813494980899032,10.604416055443348,0
Yuksel_Atmaca_2020_DrivingBehaviorDataset,,Sudden Break,BRAKING,harsh,98,3.575398150634765,-1.1410081054687495,-9.8449572265625,0.6475254005394293,0.23202413988892825,0.03923616673487765,-0.1782365953444755,0.5876154208742905,7.822524566942485,-21.473020130582906,-15.836508083883306,-7.0668303308806175,50.05557410888672,-15.974113476562499,-137.829401171875,0.3016694091796875,-3.201047619628906,-10.512939489746094,6.308721374511719,1.1516109985351561,-8.621520178222656,0.6475254005394293,0.23202413988892825,0.039236166734878626,3.592499591064453,-1.016338604736328,-10.091559997558592,2.5199315405780367,1.5084361211008437,0.6203026313909996,4.179736886446708,1.0743790907793866,10.536059710591672,0
Yuksel_Atmaca_2020_DrivingBehaviorDataset,,Sudden Break,BRAKING,harsh,99,3.6031024841308583,-1.151268969726562,-9.808531158447266,0.6590029695922363,0.23502562767588106,0.038697793169546406,-0.3218365433408731,0.6144362493066369,6.09293874205494,-21.715132956500376,-16.061005340995226,-8.558381647754207,50.44343477783203,-16.117765576171873,-137.3194362182617,0.3016694091796875,-3.201047619628906,-10.512939489746094,6.308721374511719,1.1516109985351561,-8.621520178222656,0.6590029695922354,0.23502562767588106,0.03869779316954837,3.782838623046875,-1.016338604736328,-9.878476049804688,2.5421666884277476,1.5181614115922215,0.6160322340479878,4.196630977793546,1.0719882845643849,10.512613910823326,0
Yuksel_Atmaca_2020_DrivingBehaviorDataset,,Sudden Break,BRAKING,harsh,100,3.63149087524414,-1.2085587951660155,-9.75346452026367,0.6767243886240392,0.25282003165242717,0.03708451275401416,-0.185916354426405,0.6417965860183872,3.9149536075498856,-21.525293145696278,-16.965130356584172,-9.175644630508508,50.84087225341796,-16.91982313232422,-136.5485032836914,0.3016694091796875,-3.201047619628906,-10.512939489746094,6.658274816894531,1.1516109985351561,-8.621520178222656,0.6767243886240392,0.25282003165242717,0.03708451275401318,3.782838623046875,-1.016338604736328,-9.710881933593749,2.576120964881101,1.574584886058633,0.6030545887389882,4.235494120458877,1.0684096292486895,10.477519290671662,0
Yuksel_Atmaca_2020_DrivingBehaviorDataset,,Sudden Break,BRAKING,harsh,101,3.6359372497558584,-1.1950486572265617,-9.679244268798826,0.679343714714852,0.24716839548578545,0.0454476720987598,-0.17509145006048224,0.8431447288014715,2.6731736955648957,-21.517898267193058,-17.113708929770187,-13.566685419978672,50.90312149658203,-16.730681201171873,-135.5094197631836,0.3016694091796875,-3.019088293457031,-10.512939489746094,6.658274816894531,1.1516109985351561,-8.621520178222656,0.679343714714852,0.24716839548578545,0.0454476720987598,3.782838623046875,-1.016338604736328,-9.668983404541015,2.5811017104927116,1.556885977067905,0.6675997405536565,4.21223620235919,1.0613671055486693,10.408455725628857,0
Yuksel_Atmaca_2020_DrivingBehaviorDataset,,Sudden Break,BRAKING,harsh,102,3.593696691894531,-1.1218544921874996,-9.661287756347654,0.7128240847670109,0.2792238328488967,0.04334710276172764,-0.7300931393341399,1.6972515332106848,2.5935468601092193,-20.289635749524663,-16.311546952391804,-12.64918199284443,50.31175368652343,-15.705962890624999,-135.25802858886718,-0.28969840087890625,-3.019088293457031,-10.512939489746094,6.658274816894531,1.3479355346679687,-8.621520178222656,0.7128240847670109,0.2792238328488967,0.04334710276172665,3.782838623046875,-1.016338604736328,-9.668983404541015,2.6439395437264466,1.6547659654487819,0.6519891604147198,4.718234504542083,1.0573316131722723,10.368881064315863,0
Yuksel_Atmaca_2020_DrivingBehaviorDataset,,Sudden Break,BRAKING,harsh,103,3.507847460937499,-1.0395965637207023,-9.649829791259766,0.7695270116893137,0.3237714568572542,0.04169257501306319,-1.0204578001188995,3.210437344880252,2.82591595348168,-20.034839317058662,-13.696527466401518,-12.22498202916575,49.109864453125,-14.554351892089842,-135.0976170776367,-0.28969840087890625,-3.019088293457031,-10.512939489746094,6.658274816894531,1.9608511596679685,-8.621520178222656,0.7695270116893137,0.3237714568572542,0.04169257501306417,3.782838623046875,-1.016338604736328,-9.668983404541015,2.747086105163617,1.7818847766870891,0.6394251252115987,4.947874470280313,1.0523598278988202,10.320124506263966,0
Yuksel_Atmaca_2020_DrivingBehaviorDataset,,Sudden Break,BRAKING,harsh,104,3.4727895080566404,-1.0286516418457023,-9.484458862304686,0.790640921900707,0.32579115341569326,0.05555940940655053,-1.0060050345038842,3.021258503319344,4.076795464503279,-20.217684965268628,-14.053282232067456,-6.009246582795522,48.61905311279297,-14.401122985839843,-132.78242407226563,-0.28969840087890625,-3.019088293457031,-10.512939489746094,6.658274816894531,1.9608511596679685,-8.027758166503906,0.790640921900707,0.32579115341569326,0.05555940940655152,3.782838623046875,-1.016338604736328,-9.583989245605467,2.7845176955368003,1.7874338630125621,0.7381406927251504,5.021495711667067,1.0352673614529906,10.152504670192968,0
Yuksel_Atmaca_2020_DrivingBehaviorDataset,,Sudden Break,BRAKING,harsh,105,3.4208011291503904,-1.0968863891601555,-9.412461798095704,0.7691164364483492,0.3384429273834592,0.05426814595403593,-0.72344146599677,3.786122456781659,1.4185336081998134,-19.745380579513625,-14.7780689822098,-6.361555053700236,47.891215808105464,-15.356409448242186,-131.77446517333985,-0.28969840087890625,-3.019088293457031,-10.512939489746094,6.658274816894531,1.9608511596679685,-8.027758166503906,0.7691164364483492,0.3384429273834592,0.05426814595403593,3.4356793823242184,-1.4939818359375,-9.370905297851563,2.7463531640151824,1.8218099060618265,0.7295126548046634,5.003495760686179,1.0273329724690565,10.074694894463672,0
Yuksel_Atmaca_2020_DrivingBehaviorDataset,,Sudden Break,BRAKING,harsh,106,3.4674880615234374,-1.1432312927246093,-9.496942913818359,0.8015214532297388,0.36107488590559117,0.04978135592880071,-0.45515610119621885,2.97465152751375,4.354576714068291,-19.49384220889126,-14.33899905026768,-0.8165039369720423,48.544832861328125,-16.00523809814453,-132.95720079345702,-0.28969840087890625,-3.6679169433593746,-10.512939489746094,6.931213806152344,1.9608511596679685,-8.027758166503906,0.8015214532297388,0.36107488590559117,0.049781355928801695,3.4356793823242184,-1.4939818359375,-9.583989245605467,2.803612020111809,1.88173723720026,0.6987047546132656,5.090214318302559,1.0375199108145428,10.174594633389434,0
Yuksel_Atmaca_2020_DrivingBehaviorDataset,,Sudden Break,BRAKING,harsh,107,3.509044561767577,-1.1680283813476557,-9.577661712646485,0.8240189974105123,0.370187052242114,0.054047106753290296,-0.5233966382450264,2.934429396284654,6.238366811353041,-19.785009359645475,-14.668881097386324,-1.623723062601992,49.126623864746094,-16.352397338867185,-134.08726397705078,-0.28969840087890625,-3.6679169433593746,-10.512939489746094,6.931213806152344,1.9608511596679685,-8.027758166503906,0.8240189974105123,0.370187052242114,0.05404710675328932,3.4356793823242184,-1.4939818359375,-9.668983404541015,2.842686388076568,1.9053332663526679,0.7280254524686278,5.15970311944279,1.046932698465761,10.266902547409254,0
Yuksel_Atmaca_2020_DrivingBehaviorDataset,,Sudden Break,BRAKING,harsh,108,3.4734735656738276,-1.1909443115234368,-9.636832696533203,0.803952861956335,0.3775178431565945,0.05075785434372152,-0.4959120829474461,3.0009080431431516,9.07307966423195,-19.57484723329564,-15.01197980851261,5.89563039248559,48.62862991943359,-16.673220361328124,-134.91565775146483,-0.28969840087890625,-3.6679169433593746,-10.512939489746094,6.931213806152344,1.9608511596679685,-8.027758166503906,0.8039528619563339,0.3775178431565945,0.05075785434372152,3.4356793823242184,-1.4939818359375,-9.733626849365233,2.8078611670992726,1.9241063787097679,0.7055242818641024,5.165694414622299,1.0516033821477342,10.312706307539079,0
Yuksel_Atmaca_2020_DrivingBehaviorDataset,,Sudden Break,BRAKING,harsh,109,3.4052388183593747,-1.125445794677734,-9.718235552978514,0.8448939666353733,0.3920953469715433,0.052466996349165664,-0.4636302049743599,2.0620678188052004,11.512695613597263,-19.94252054568875,-16.739044866404313,9.988680998172384,47.673343457031244,-15.75624112548828,-136.0552977416992,-0.28969840087890625,-3.6679169433593746,-10.512939489746094,6.931213806152344,1.9608511596679685,-8.027758166503906,0.8448939666353733,0.3920953469715433,0.05246699634916468,3.4356793823242184,-1.3060370056152344,-9.78629928588867,2.8784682416008667,1.9609033210177618,0.7173043076320805,5.102499753914536,1.0563117247176623,10.358879375202463,0
Yuksel_Atmaca_2020_DrivingBehaviorDataset,,Sudden Break,BRAKING,harsh,110,3.2482475952148437,-1.034637145996093,-9.714986279296875,0.9486211528709299,0.4217776736374077,0.0519149346943068,-0.6523912260172874,1.3069037629600715,11.737602136891852,-19.997638290456212,-18.578021147309038,10.326191933185957,45.47546633300781,-14.484920043945312,-136.00980791015624,-0.7805097412109374,-3.6679169433593746,-10.467449658203124,6.931213806152344,1.9608511596679685,-8.027758166503906,0.9486211528709299,0.4217776736374077,0.051914934694307795,3.4356793823242184,-1.2509703674316406,-9.78629928588867,3.0500484633529523,2.033771379279463,0.7135205633476445,5.296279313798851,1.0498747003398692,10.295753730087977,0
Yuksel_Atmaca_2020_DrivingBehaviorDataset,,Sudden Break,BRAKING,harsh,111,3.1794998046874996,-1.090045812988281,-9.704212371826172,0.9842060875635877,0.399555102042509,0.05053238305392064,-0.34874721944867954,1.511205697670122,12.081952035359972,-20.63462892037372,-17.714611346191,11.376025298235174,44.512997265624996,-15.260641381835937,-135.8589732055664,-0.7805097412109374,-3.6679169433593746,-10.467449658203124,6.931213806152344,1.9608511596679685,-8.027758166503906,0.9842060875635877,0.399555102042509,0.05053238305392163,3.4356793823242184,-1.2509703674316406,-9.78629928588867,3.106728927442086,1.979468878625066,0.7039555343029418,5.272584436868937,1.047229966508134,10.26981775105699,0
Yuksel_Atmaca_2020_DrivingBehaviorDataset,,Sudden Break,BRAKING,harsh,112,3.4539779235839836,-1.2174515441894531,-9.709855847167967,1.0148302331533567,0.3859957518562673,0.05057127945285616,-2.795348668307288,3.559825909996076,12.342069766780343,-20.536357746333334,-15.663028507878163,11.834232519323965,48.355690930175776,-17.044321618652344,-135.93798186035156,-0.7805097412109374,-3.6679169433593746,-10.467449658203124,6.931213806152344,1.9608511596679685,-8.027758166503906,1.0148302331533559,0.3859957518562673,0.05057127945285518,5.318718988037109,-1.9728221679687499,-9.791087689208984,3.154692521618131,1.9455912314618562,0.7042264107844488,5.555352956198477,1.0582151482128292,10.377545583221341,0
Yuksel_Atmaca_2020_DrivingBehaviorDataset,,Sudden Break,BRAKING,harsh,113,3.535893823242187,-1.2863703491210936,-9.715670336914062,1.0642692969175476,0.4129443403005591,0.05052912964362298,-2.7650363929880517,3.3392797800172453,12.640135003818646,-20.62601090676599,-16.119753787538542,12.479837190372333,49.50251352539062,-18.009184887695312,-136.01938471679688,-0.7805097412109374,-3.6679169433593746,-10.467449658203124,6.931213806152344,1.9608511596679685,-8.027758166503906,1.0642692969175476,0.41294434030056004,0.05052912964362298,5.3570262145996095,-1.9728221679687499,-9.791087689208984,3.2306216894920508,2.012361949254777,0.7039328726658826,5.659048926576326,1.0624226642732693,10.418807220595454,0
Yuksel_Atmaca_2020_DrivingBehaviorDataset,,Sudden Break,BRAKING,harsh,114,3.5293952758789056,-1.316126855468749,-9.764409442138671,1.0598730628219935,0.42537604177685834,0.051921335530167735,-2.78094271604054,3.217749870338953,14.172860584745003,-20.633100570671427,-16.305673655531542,14.943537133142463,49.41153386230469,-18.425775976562498,-136.7017321899414,-0.7805097412109374,-3.6679169433593746,-10.467449658203124,6.931213806152344,1.9608511596679685,-8.027758166503906,1.0598730628219923,0.42537604177685834,0.05192133553016577,5.3570262145996095,-1.9728221679687499,-9.94072529296875,3.2239423337775905,2.0424284467493674,0.7135645486407693,5.685932097834922,1.0672123679584784,10.46577816824001,0
Yuksel_Atmaca_2020_DrivingBehaviorDataset,,Sudden Break,BRAKING,harsh,115,3.076549133300781,-1.0520806152343742,-9.925505010986328,1.0723916460903788,0.4265661540375303,0.05073538557921587,0.38923862598905656,0.07224524474733694,15.428836797955704,-21.577567476428918,-17.508322918917756,34.34384221686574,43.07168786621094,-14.72912861328125,-138.9570701538086,-0.7805097412109374,-3.6679169433593746,-10.939107385253905,6.931213806152344,1.9608511596679685,-8.027758166503906,1.0723916460903788,0.4265661540375303,0.05073538557921391,2.7353753967285153,-0.8391676818847655,-10.144232434082031,3.2429260762669583,2.045283592681501,0.7053681088555122,5.2493908339357604,1.0650430753991467,10.444504675363042,0
Yuksel_Atmaca_2020_DrivingBehaviorDataset,,Sudden Break,BRAKING,harsh,116,3.1507693847656246,-1.1011617492675774,-9.845470269775388,1.0253823274135585,0.40413362025286037,0.05721355817948518,0.31776015543992775,-0.0567276432949763,11.113012351709768,-21.336314513422042,-17.150224867374437,14.768473718303573,44.110771386718746,-15.416264489746093,-137.83658377685546,-0.7805097412109374,-3.6679169433593746,-10.939107385253905,6.931213806152344,1.9608511596679685,-8.027758166503906,1.0253823274135585,0.4041336202528614,0.05721355817948322,2.858676782226562,-0.8391676818847655,-10.007762939453125,3.1710511823573864,1.9907779803515813,0.7490482897122415,5.30423942815618,1.0600791903834605,10.395825592373962,0
Yuksel_Atmaca_2020_DrivingBehaviorDataset,,Sudden Break,BRAKING,harsh,117,3.239012817382812,-1.178802288818359,-9.843760125732421,0.9743201908863499,0.36052497285042717,0.05707224519516263,0.11810978562714769,-1.429945146370123,11.097131918522859,-20.86801202368761,-19.347562276754843,14.870175187028115,45.346179443359375,-16.50323204345703,-137.8126417602539,-0.7805097412109374,-3.6679169433593746,-10.939107385253905,6.931213806152344,1.0438719238281249,-8.027758166503906,0.9743201908863499,0.36052497285042817,0.05707224519516361,3.0729578308105467,-0.8391676818847655,-10.006565838623047,3.091086718284628,1.8803037587059308,0.7481226726568007,5.064594404137086,1.0635419744575145,10.429783903813785,0
Yuksel_Atmaca_2020_DrivingBehaviorDataset,,Sudden Break,BRAKING,harsh,118,3.257995416259765,-1.13006318359375,-9.963299194335937,0.9634268000757455,0.37527906008591927,0.02979386436205619,0.07203949634935444,-1.7067322433831338,3.787482421058438,-20.744806914872576,-19.876671782476954,2.1732870486059177,45.611935827636714,-15.820884570312499,-139.48618872070313,-0.7805097412109374,-3.6679169433593746,-10.939107385253905,6.931213806152344,1.0438719238281249,-8.95670841064453,0.9634268000757455,0.37527906008591927,0.029793864362055212,3.0729578308105467,-0.6236895324707031,-10.006565838623047,3.0737581929883184,1.9183926591267977,0.5405349201912459,4.874776981430684,1.0751064313084617,10.543192484591126,0
Yuksel_Atmaca_2020_DrivingBehaviorDataset,,Sudden Break,BRAKING,harsh,119,3.2728736694335936,-1.1832486633300772,-10.035467272949218,0.9693305450297315,0.3939720861763905,0.022374842758819458,-0.03242868940151465,-1.3548553423166176,4.101802900553054,-20.88534589734164,-20.708243135457845,14.962650418377983,45.82023137207031,-16.565481286621093,-140.49654182128904,-0.7805097412109374,-3.6679169433593746,-10.939107385253905,6.931213806152344,1.0438719238281249,-8.95670841064453,0.9693305450297315,0.3939720861763905,0.022374842758819458,3.1771056030273437,-0.6236895324707031,-10.122684619140625,3.083161589896938,1.9655905878136735,0.46842528939072375,4.875162994041629,1.08312095556094,10.621788118851692,0
Yuksel_Atmaca_2020_DrivingBehaviorDataset,,Sudden Break,BRAKING,harsh,120,3.1565838745117176,-1.1319443420410154,-10.036493359375,0.8951992950517396,0.3697324130433107,0.022324239863799965,-0.06209409445084063,-1.1625192764305716,4.172438257843522,-20.673126360689423,-20.89938247624139,15.234777381870684,44.19217424316406,-15.847220788574218,-140.51090703124999,-0.7805097412109374,-3.5146880371093747,-10.939107385253905,6.816292126464844,1.0438719238281249,-8.95670841064453,0.8951992950517386,0.3697324130433107,0.022324239863798005,3.1771056030273437,-0.6236895324707031,-10.122684619140625,2.962921896847627,1.9041629048931668,0.46789529476189595,4.726955594339445,1.0790530710388881,10.581895799103512,0
Yuksel_Atmaca_2020_DrivingBehaviorDataset,,Sudden Break,BRAKING,harsh,121,3.223450506591796,-1.1444283935546875,-10.039571618652344,0.9469252461111308,0.3750832902160974,0.02254495789867039,0.3002161951669874,-1.1651912591496236,4.218095656704752,-20.176901829238957,-20.953446958350874,14.500639965365016,45.128307092285155,-16.021997509765622,-140.5540026611328,-0.7805097412109374,-3.5146880371093747,-10.939107385253905,7.180210778808593,1.0438719238281249,-8.95670841064453,0.9469252461111308,0.3750832902160974,0.02254495789867039,3.1771056030273437,-0.6236895324707031,-10.122684619140625,3.047320866724691,1.9178922149061692,0.4702026279988285,4.7772817763981115,1.081540396115245,10.606288125563568,0
Yuksel_Atmaca_2020_DrivingBehaviorDataset,,Sudden Break,BRAKING,harsh,122,3.261415704345703,-1.159648675537109,-10.042307849121093,0.9705565283068093,0.3809363873118382,0.02239264819484266,0.25705025143760224,-1.1093999445203755,4.39904880827011,-20.389881135506375,-21.116479874356266,15.28819234411245,45.65981986083984,-16.23508145751953,-140.5923098876953,-0.7805097412109374,-3.5146880371093747,-10.939107385253905,7.180210778808593,1.0438719238281249,-8.95670841064453,0.9705565283068093,0.3809363873118382,0.022392648194843642,3.1771056030273437,-0.6236895324707031,-10.122684619140625,3.0851107238347164,1.9327984433540002,0.46861163389311045,4.802280483563364,1.0831554272438846,10.62212617058124,0
Yuksel_Atmaca_2020_DrivingBehaviorDataset,,Sudden Break,BRAKING,harsh,123,3.224647607421874,-1.125445794677734,-9.968429626464843,0.9969677163183683,0.3936738258530308,0.025306264998820365,0.16864782218018667,-1.1614578033716194,1.5358045495309791,-20.369908794861374,-21.298222513281505,5.973255795896905,45.14506650390625,-15.75624112548828,-139.5580147705078,-0.7805097412109374,-3.5146880371093747,-10.939107385253905,7.180210778808593,1.0438719238281249,-8.95670841064453,0.9969677163183683,0.3936738258530308,0.025306264998820365,3.1771056030273437,-0.5925649108886718,-9.92755718383789,3.126805631188726,1.9648464123950322,0.4981663212730113,4.772142464225908,1.0745049765169181,10.537294227959634,0
Yuksel_Atmaca_2020_DrivingBehaviorDataset,,Sudden Break,BRAKING,harsh,124,3.3323866821289054,-1.124248693847656,-9.947565869140625,0.9187654319616458,0.3942462301543122,0.023641019944958742,0.5422941037188592,-1.1522220284515536,1.1224895598603415,-20.75649893150116,-21.28634047525542,10.55286632238732,46.65341354980468,-15.739481713867187,-139.26592216796874,-0.28490999755859375,-3.5146880371093747,-10.939107385253905,7.180210778808593,1.0606313354492187,-8.95670841064453,0.9187654319616458,0.3942462301543122,0.023641019944960703,3.1771056030273437,-0.5925649108886718,-9.92755718383789,3.0016680401647804,1.9662743432549756,0.4814968413637319,4.637144068387201,1.0758987193691278,10.550962176301256,0
Yuksel_Atmaca_2020_DrivingBehaviorDataset,,Sudden Break,BRAKING,harsh,125,3.411737365722656,-1.1635820068359375,-9.922939794921874,0.8762288876313422,0.38349545947313224,0.023041647345286024,0.336171902291217,-0.8088384493346812,-0.44711306164088666,-20.246336642871047,-20.843835802436946,12.84324058296314,47.76432312011718,-16.290148095703124,-138.92115712890623,-0.28490999755859375,-3.5146880371093747,-10.939107385253905,7.180210778808593,1.0606313354492187,-8.95670841064453,0.8762288876313422,0.38349545947313224,0.023041647345285046,3.3315316101074215,-0.8678981018066406,-9.846154327392577,2.9313597563059206,1.939279698146247,0.4753539428033041,4.556499533892755,1.0765547810661358,10.55739594374222,0
Yuksel_Atmaca_2020_DrivingBehaviorDataset,,Sudden Break,BRAKING,harsh,126,3.323151904296875,-1.2326718261718745,-9.97903251953125,0.8420144833404278,0.39634080974780567,0.025746840344025475,0.9921223468926328,0.14883524455056893,1.6281861277621148,-19.221441339849576,-21.72958141135814,5.7645894823383586,46.52412666015625,-17.25740556640625,-139.70645527343748,-0.28490999755859375,-3.5146880371093747,-10.939107385253905,7.180210778808593,1.0606313354492187,-8.95670841064453,0.8420144833404278,0.39634080974780567,0.025746840344024496,2.996343377685547,-1.351526837158203,-9.955090502929687,2.873559001143079,1.9714907055102535,0.5024840812003247,4.6023134547922675,1.0798592889686687,10.589802096164595,0
Yuksel_Atmaca_2020_DrivingBehaviorDataset,,Sudden Break,BRAKING,harsh,127,3.2937374267578123,-1.1856428649902335,-9.860690551757811,0.8206828001852216,0.3759272659566533,0.05246090383254591,0.8716935672173889,0.2656445383892442,11.558945533360346,-19.299240826763267,-21.82450524589993,20.8368741656832,46.112323974609374,-16.59900010986328,-138.04966772460938,-0.28490999755859375,-3.411737365722656,-10.939107385253905,7.180210778808593,1.0606313354492187,-8.06367119140625,0.8206828001852216,0.3759272659566533,0.05246090383254493,2.996343377685547,-1.351526837158203,-9.955090502929687,2.836925974084697,1.920048729249812,0.7172626593999102,4.835256092622092,1.066993903503177,10.46363576378943,0
Yuksel_Atmaca_2020_DrivingBehaviorDataset,,Sudden Break,BRAKING,harsh,128,3.275609899902343,-1.1697385253906247,-9.857270263671873,0.8081186755959803,0.36851242914474847,0.05221424844173333,0.8155770254689342,0.3695883611424166,11.513767420407518,-19.30427433436009,-21.98018877957992,21.057871422158186,45.85853859863281,-16.376339355468748,-138.00178369140625,-0.28490999755859375,-3.189076611328125,-10.939107385253905,7.180210778808593,1.0606313354492187,-8.06367119140625,0.8081186755959803,0.36851242914474847,0.05221424844173234,2.996343377685547,-1.351526837158203,-9.955090502929687,2.815126464305523,1.9010187829877838,0.7155744961086286,4.841224573569202,1.0659019262665113,10.452927125221482,0
Yuksel_Atmaca_2020_DrivingBehaviorDataset,,Sudden Break,BRAKING,harsh,129,3.60960103149414,-1.3708514648437495,-9.76235726928711,0.727612812953614,0.3443402008450945,0.04252295580219686,-1.6201144351948975,3.151302105039779,14.769621163240313,-17.976168477968713,-20.097991934340026,27.577060915697846,50.53441444091796,-19.191920507812497,-136.6730017700195,-0.28490999755859375,-3.189076611328125,-10.563217724609375,7.180210778808593,1.0606313354492187,-8.06367119140625,0.727612812953614,0.3443402008450945,0.04252295580219686,4.594472985839843,-2.3295582153320313,-9.846154327392577,2.6712252230299782,1.8376136238658953,0.645761368090118,4.895391624244191,1.070517841202638,10.49819378742985,0
Yuksel_Atmaca_2020_DrivingBehaviorDataset,,Sudden Break,BRAKING,harsh,130,3.5635981567382804,-1.3397268432617184,-9.831618103027344,0.7595326637199288,0.3596114197350457,0.03711585533160314,-1.790425092165192,3.265611148288848,19.957522861589094,-17.973405771272592,-19.946808678759755,55.42210706508707,49.890374194335934,-18.75617580566406,-137.6426534423828,-0.28490999755859375,-3.189076611328125,-10.563217724609375,7.180210778808593,1.0965443603515623,-8.06367119140625,0.7595326637199288,0.3596114197350457,0.037115855331604115,4.594472985839843,-2.3295582153320313,-9.900023864746093,2.7291887066798886,1.877919947533625,0.6033093756006742,4.885905102798804,1.075086635829055,10.542998357253,0
Yuksel_Atmaca_2020_DrivingBehaviorDataset,,Sudden Break,BRAKING,harsh,131,3.543247442626952,-1.3197181579589834,-9.810583331298828,0.7707869357758987,0.3699107371828867,0.036004624621113764,-1.7288782293180194,3.363291390070361,19.895827301632504,-18.231206442747677,-19.785743185818333,57.103336196627886,49.60546419677734,-18.47605421142578,-137.34816663818359,-0.28490999755859375,-3.189076611328125,-10.563217724609375,7.180210778808593,1.1540052001953125,-8.06367119140625,0.7707869357758987,0.3699107371828867,0.03600462462111082,4.594472985839843,-2.3295582153320313,-9.894038360595703,2.7493340473152257,1.9046220440797603,0.5942093503476885,4.881167756186032,1.0721277242067515,10.513981346592141,0
Yuksel_Atmaca_2020_DrivingBehaviorDataset,,Sudden Break,BRAKING,harsh,132,3.571122790527343,-1.3335703247070312,-9.859322436523437,0.7549086459402848,0.3644505672633647,0.03822611290949997,-1.7943326520889444,3.4482128095053803,20.198772495684867,-17.90468569462739,-19.5308354083254,55.50482877514011,49.99571906738281,-18.669984545898437,-138.03051411132813,-0.28490999755859375,-3.189076611328125,-10.563217724609375,7.180210778808593,1.1540052001953125,-8.06367119140625,0.7549086459402848,0.3644505672633647,0.03822611290949997,4.594472985839843,-2.3295582153320313,-9.920374578857421,2.7208684041515676,1.890512934484521,0.6122663719035619,4.927614458232084,1.0779011349258103,10.570599164820196,0
Yuksel_Atmaca_2020_DrivingBehaviorDataset,,Sudden Break,BRAKING,harsh,133,3.7252067687988273,-1.3879529052734365,-9.795363049316405,0.8431232282270599,0.390120109404967,0.04157735033264562,-1.5430688325143853,2.782795794043904,15.627562448233043,-18.240689009869918,-18.836535745036525,33.52560619732848,52.15289476318359,-19.431340673828124,-137.13508269042967,-0.28490999755859375,-3.890577697753906,-10.563217724609375,7.333439685058593,1.1540052001953125,-8.06367119140625,0.8431232282270599,0.390120109404967,0.04157735033264464,4.594472985839843,-2.3295582153320313,-9.894038360595703,2.8754502962306447,1.955957916443046,0.6385409326265892,5.053844495088021,1.0779742029952413,10.571315717803284,0
Yuksel_Atmaca_2020_DrivingBehaviorDataset,,Sudden Break,BRAKING,harsh,134,3.8312356994628907,-1.416512310791015,-9.75295147705078,0.8959186584333954,0.40108036052710727,0.04392859284556906,-1.799290583515784,2.7420420495090103,12.746615380982924,-18.960523186245986,-18.968641691878513,21.90979925033337,53.63729979248046,-19.83117235107422,-136.54132067871092,-0.28490999755859375,-3.890577697753906,-10.563217724609375,7.333439685058593,1.1540052001953125,-8.06367119140625,0.8959186584333954,0.4010803605271063,0.04392859284556808,4.594472985839843,-2.3295582153320313,-9.894038360595703,2.964112128737012,1.9832434841852256,0.6563477241744589,5.138470935683405,1.0782260353813007,10.573785349872033,0
Yuksel_Atmaca_2020_DrivingBehaviorDataset,,Sudden Break,BRAKING,harsh,135,3.3411084167480465,-1.1485327392578117,-9.636490667724608,0.8783562550488573,0.3999782059641982,0.04709775812339225,1.1191735080387448,-0.40880120251014473,9.031222990375094,-19.380921039592536,-19.806617047646995,7.619646901050232,46.77551783447265,-16.079458349609375,-134.91086934814453,-0.28490999755859375,-3.890577697753906,-10.563217724609375,7.333439685058593,1.1540052001953125,-8.06367119140625,0.8783562550488562,0.3999782059641982,0.04709775812339323,2.996343377685547,-1.1528080993652343,-9.840168823242188,2.9349160752183145,1.9805166683264253,0.6796110870937689,5.092276565096431,1.0466088497842416,10.263726676736631,0
Yuksel_Atmaca_2020_DrivingBehaviorDataset,,Sudden Break,BRAKING,harsh,136,2.9597462951660156,-0.9139009765624991,-9.640595013427733,0.8346107652910617,0.38266988332546614,0.0472751958451576,4.31658467584629,-3.4862425757988045,9.168182358769421,-16.86198488999694,-17.89996087338346,7.588692323818925,41.436448132324216,-12.794613671875,-134.96833018798827,-0.28490999755859375,-3.890577697753906,-10.563217724609375,7.333439685058593,1.1540052001953125,-8.06367119140625,0.8346107652910617,0.38266988332546614,0.04727519584515859,1.322796417236328,0.05027823486328125,-9.868899243164062,2.8608977020231947,1.9371911654025493,0.6808900787461437,5.520551323167976,1.0325672018537981,10.126025150059549,0
Yuksel_Atmaca_2020_DrivingBehaviorDataset,,Sudden Break,BRAKING,harsh,137,3.0883491271972647,-0.9554574768066403,-9.62537473144531,0.7665755005239292,0.3695609490067908,0.048715531649498475,4.622546413611296,-3.37635884574814,8.342674881371517,-16.655175802386665,-17.54793386804324,4.3048984827276895,43.23688778076172,-13.376404675292967,-134.75524624023436,0.105344873046875,-3.890577697753906,-10.563217724609375,7.333439685058593,1.1540052001953125,-8.06367119140625,0.7665755005239282,0.3695609490067908,0.0487155316494975,1.5011644409179687,0.017956512451171875,-9.868899243164062,2.741812836831316,1.9037213242955089,0.6911846124231562,5.39209073577471,1.035394344629111,10.153749949757069,0
Yuksel_Atmaca_2020_DrivingBehaviorDataset,,Sudden Break,BRAKING,harsh,138,3.4806561706542967,-1.2730312255859364,-9.583989245605467,0.7829019805476065,0.37291870930882504,0.046161582083885,1.39900683273976,-0.41132432312826195,7.411185662406643,-19.159558616458725,-19.22943013698036,5.700860772995096,48.729186389160155,-17.822437158203122,-134.17584943847655,0.105344873046875,-3.890577697753906,-10.563217724609375,7.333439685058593,1.1540052001953125,-8.06367119140625,0.7829019805476065,0.37291870930882504,0.046161582083885,3.010708587646484,-1.1528080993652343,-9.737218151855469,2.770856493493877,1.912350192993792,0.6728227693404383,4.899679308765891,1.0478219257495613,10.275622888151934,0
Yuksel_Atmaca_2020_DrivingBehaviorDataset,,Sudden Break,BRAKING,harsh,139,3.7891661560058587,-1.5481934020996087,-9.54277477416992,0.7836783540834602,0.41463641233982884,0.045964209596354146,-1.59296377620116,1.979895720522319,5.4887766118010894,-19.118238943093438,-18.958062544172062,3.881883457903995,53.04832618408203,-21.67470762939453,-133.5988468383789,0.105344873046875,-4.027047192382812,-10.563217724609375,7.333439685058593,1.1540052001953125,-8.06367119140625,0.7836783540834593,0.41463641233982884,0.045964209596354146,4.594472985839843,-2.3295582153320313,-9.603142858886718,2.7722300285280372,2.0164806403911704,0.6713828386532446,4.802099951018358,1.0588329413240711,10.383604064035701,0
Yuksel_Atmaca_2020_DrivingBehaviorDataset,,Sudden Break,BRAKING,harsh,140,3.8175545471191406,-1.5216861694335932,-9.452821197509767,0.7892976006717628,0.40993362862972044,0.03735537120504967,-1.884745975826013,1.63839778879936,6.62185932615739,-19.260665950991704,-18.719166924458825,8.127167029514192,53.44576365966797,-21.303606372070313,-132.33949676513672,0.105344873046875,-4.027047192382812,-10.383652600097655,7.333439685058593,1.1540052001953125,-8.06367119140625,0.7892976006717628,0.40993362862972044,0.03735537120504967,4.7931917236328125,-2.1440075866699217,-9.449913952636718,2.782151202869418,2.0050126232025707,0.6052528818832735,4.78221316016337,1.0510750777879916,10.307525411589607,0
Yuksel_Atmaca_2020_DrivingBehaviorDataset,,Sudden Break,BRAKING,harsh,141,3.556244537353515,-1.3537500244140617,-9.567229833984374,0.7383095635348781,0.40097039012037766,0.021135592119510115,0.4235711750930206,-0.8337975642867809,-0.7110747144901526,-18.285721432041,-18.31306258561273,-5.542208232065084,49.78742352294922,-18.952500341796874,-133.94121767578125,0.105344873046875,-4.027047192382812,-10.383652600097655,7.333439685058593,1.1540052001953125,-8.755595471191405,0.7383095635348781,0.40097039012037766,0.021135592119510115,3.7146038757324216,-1.3180080139160155,-9.603142858886718,2.6907886355563706,1.982971577273361,0.4552684421951478,4.698964467320922,1.0499185562116673,10.296183809273145,0
Yuksel_Atmaca_2020_DrivingBehaviorDataset,,Sudden Break,BRAKING,harsh,142,3.177789660644531,-1.1011617492675774,-9.563809545898437,0.713597131024415,0.3902355781714497,0.020704459050985963,3.6156161667808306,-4.021486603772663,-0.5412162430641647,-16.416264248695207,-16.210562289063212,-5.219906921382873,44.48905524902344,-15.416264489746093,-133.8933336425781,0.105344873046875,-4.027047192382812,-10.383652600097655,7.333439685058593,1.1540052001953125,-8.755595471191405,0.713597131024415,0.3902355781714497,0.02070445905098498,2.1308394775390624,-0.14724340209960937,-9.603142858886718,2.6453728102028613,1.9562473597873684,0.4506011355426743,5.148045783126345,1.0337798142464694,10.13791681538014,0
Yuksel_Atmaca_2020_DrivingBehaviorDataset,,Sudden Break,BRAKING,harsh,143,2.9286216735839843,-0.9226227111816401,-9.605537060546874,0.7198534711442314,0.3953656249013081,0.02361648287222953,6.271611167429859,-6.572884024930377,0.5596007107221755,-14.151694398989811,-14.000794213279201,-9.628024796933975,41.000703430175776,-12.916717956542968,-134.47751884765626,0.105344873046875,-4.027047192382812,-10.383652600097655,7.333439685058593,1.1540052001953125,-8.755595471191405,0.7198534711442304,0.3953656249013081,0.023616482872228547,1.3551181396484375,0.24301146850585936,-9.630676177978515,2.6569439291781403,1.9690638144657513,0.48124690311621526,5.455481076771176,1.0283189595336282,10.084364124510454,0
Yuksel_Atmaca_2020_DrivingBehaviorDataset,,Sudden Break,BRAKING,harsh,144,2.9434999267578115,-1.0004342651367182,-9.616481982421874,0.710943787044287,0.3695019925874009,0.024558706465133993,6.417455654150751,-6.818861137811532,0.7459615583784444,-14.172999024780434,-13.6996243528439,-10.868324256405323,41.20899897460937,-14.006079711914062,-134.63074775390623,0.3136404174804687,-4.027047192382812,-10.383652600097655,7.333439685058593,1.1540052001953125,-8.755595471191405,0.710943787044286,0.3695019925874009,0.024558706465133993,1.3551181396484375,0.10893617553710937,-9.630676177978515,2.6404501300380305,1.9035694669770353,0.4907531342297357,5.401211204730071,1.030578430588511,10.106521966330822,0
Yuksel_Atmaca_2020_DrivingBehaviorDataset,,Sudden Break,BRAKING,harsh,145,2.8797115539550777,-1.0430168518066398,-9.60365590209961,0.7454794503467583,0.35194131386360233,0.023954352582761882,6.034974715926417,-7.401874120677043,0.05739425638076011,-14.28612439830896,-13.79936485122109,-9.739938400525352,40.31596175537109,-14.602235925292968,-134.4511826293945,0.0,-4.027047192382812,-10.383652600097655,7.333439685058593,0.5746083984375,-8.755595471191405,0.7454794503467583,0.35194131386360233,0.023954352582761882,1.3551181396484375,0.10893617553710937,-9.630676177978515,2.703822488948385,1.8577850482767104,0.4846771624037409,5.427645698987193,1.0278963472267728,10.08021971353143,0
Yuksel_Atmaca_2020_DrivingBehaviorDataset,,Sudden Break,BRAKING,harsh,146,3.094505645751953,-1.193338513183593,-9.50891392211914,0.7301589132252787,0.3375127153942216,0.020538175420003163,3.7962396323117926,-5.500005277653973,-1.0808739833217065,-15.70189455838037,-15.24693829416449,-10.951219401058943,43.32307904052734,-16.70673918457031,-133.12479490966797,0.0,-4.027047192382812,-10.194510668945313,7.333439685058593,0.5746083984375,-8.755595471191405,0.7301589132252787,0.3375127153942216,0.02053817542000415,2.1308394775390624,-0.24899697265624998,-9.449913952636718,2.6758947861193434,1.8193045568075568,0.448788032352233,5.154217239956971,1.0269279733876757,10.070723210222251,0
Yuksel_Atmaca_2020_DrivingBehaviorDataset,,Sudden Break,BRAKING,harsh,147,2.9414477539062496,-1.187866052246093,-9.557653027343749,0.6211057401721286,0.33431359497537955,0.019991727744615405,3.050218905274673,-5.441948728842096,1.8490960737728022,-16.459965746906388,-15.370314831906391,-9.763540351698978,41.180268554687494,-16.63012473144531,-133.8071423828125,0.0,-4.027047192382812,-10.194510668945313,6.787561706542968,0.5746083984375,-8.755595471191405,0.6211057401721286,0.33431359497537955,0.019991727744615405,2.1308394775390624,-0.24899697265624998,-9.630676177978515,2.4679883725129286,1.810661872400616,0.4427774575187164,4.84735375298275,1.0268895262608415,10.07034617270588,0
Yuksel_Atmaca_2020_DrivingBehaviorDataset,,Sudden Break,BRAKING,harsh,148,2.9405926818847656,-1.1728167846679682,-9.556284912109374,0.6203844819118188,0.3274921345962921,0.020094398051040418,3.0363788749304077,-5.492075085784418,1.796940955161294,-16.49281771926415,-15.041651884783445,-9.983944820832303,41.16829754638672,-16.41943498535156,-133.78798876953124,0.0,-4.027047192382812,-10.194510668945313,6.775590698242187,0.5746083984375,-8.755595471191405,0.6203844819118188,0.3274921345962921,0.0200943980510414,2.1308394775390624,-0.24899697265624998,-9.630676177978515,2.4665549820631494,1.7920939544953363,0.44391297418215897,4.847158403290213,1.0265517396190817,10.067033617335467,0
Yuksel_Atmaca_2020_DrivingBehaviorDataset,,Sudden Break,BRAKING,harsh,149,3.3395692871093745,-1.4096717346191403,-9.643331243896483,0.6178594083698895,0.316678688394908,0.015603782940255556,0.03890700145258526,-2.611295563122807,1.7787492807176206,-17.848726248112477,-17.487993813156017,-13.776819709811361,46.753970019531245,-19.73540428466797,-135.00663741455077,0.0,-4.027047192382812,-10.194510668945313,6.775590698242187,0.5578489868164063,-9.057264880371093,0.6178594083698895,0.316678688394908,0.015603782940254576,3.456030096435547,-1.1192892761230469,-9.700108026123047,2.461530208445668,1.7622590784410583,0.39117878006232504,4.358941523709924,1.050524168268575,10.302122834751023,0
Yuksel_Atmaca_2020_DrivingBehaviorDataset,,Sudden Break,BRAKING,harsh,150,3.559151782226562,-1.5353673217773436,-9.638371826171875,0.5740154876951981,0.29271655075137337,0.015398413422474307,-2.2760468834683167,-1.2527884378348677,1.4857860400699228,-15.477092771339668,-16.245848055457312,-13.351443466902198,49.82812495117187,-21.49514250488281,-134.93720556640625,0.0,-4.027047192382812,-10.194510668945313,6.775590698242187,0.5578489868164063,-9.057264880371093,0.5740154876951981,0.29271655075137337,0.015398413422474307,4.121618157958984,-1.608903515625,-9.700108026123047,2.372586980999036,1.6942752912162655,0.3885959997085778,4.383345214441239,1.0593429529579834,10.388605569625406,0
Yuksel_Atmaca_2020_DrivingBehaviorDataset,,Sudden Break,BRAKING,harsh,151,3.474670666503906,-1.5062948730468744,-9.719945697021483,0.6221231422726926,0.30507212306902926,0.015173215123667842,-2.3057106319937515,-0.9622531959956409,3.1424986508003165,-16.38455481710935,-16.24885045602644,-10.935627488923318,48.64538933105469,-21.08812822265625,-136.0792397583008,0.0,-4.027047192382812,-10.237606298828124,6.775590698242187,0.6177040283203125,-9.057264880371093,0.6221231422726916,0.30507212306902926,0.015173215123666862,4.121618157958984,-1.608903515625,-9.764751470947266,2.4700088892893675,1.7296634168805487,0.3857439696126299,4.343578520167056,1.0637336470690093,10.4316635700293,0
Yuksel_Atmaca_2020_DrivingBehaviorDataset,,Sudden Break,BRAKING,harsh,152,3.3872823059082027,-1.3725616088867185,-9.688308032226562,0.5803310636487142,0.2754111057588684,0.01746368984167505,-2.4141874985007807,-2.6058899575218857,2.1543154823350057,-15.723357852799797,-12.902420199054422,-14.71689912907307,47.42195228271484,-19.21586252441406,-135.63631245117188,0.0,-4.027047192382812,-10.237606298828124,6.775590698242187,0.6177040283203125,-9.057264880371093,0.5803310636487142,0.2754111057588684,0.01746368984167309,4.121618157958984,-1.4987702392578124,-9.764751470947266,2.3856034090625085,1.6434294387926145,0.41383607139282885,4.350303774916551,1.055890998947679,10.354753464830257,0
Yuksel_Atmaca_2020_DrivingBehaviorDataset,,Sudden Break,BRAKING,harsh,153,3.4421779296875,-1.3698253784179681,-9.730206561279296,0.6137944247562146,0.27382655041905546,0.016366025177676786,-1.901347642894608,-2.5262253504747973,5.054877513031545,-15.581119886771198,-13.059005677111443,-10.706098980481338,48.190491015625,-19.177555297851562,-136.22289185791016,0.0,-3.9887399658203124,-10.237606298828124,6.775590698242187,0.6177040283203125,-9.057264880371093,0.6137944247562146,0.2738265504190545,0.016366025177675807,4.121618157958984,-1.4987702392578124,-9.809044201660155,2.4534194699511818,1.6386949504611974,0.40061937148452337,4.377231204955945,1.0616902573619023,10.411624762358098,0
Yuksel_Atmaca_2020_DrivingBehaviorDataset,,Sudden Break,BRAKING,harsh,154,3.5338416503906247,-1.5310919616699217,-9.754319592285155,0.6552056038659351,0.3388413818243604,0.014938208419082685,-2.017340322651782,-2.8217456547086917,6.756733689643788,-16.492576562979373,-14.388082596709182,-5.200017276333121,49.47378310546875,-21.435287463378906,-136.5604742919922,0.0,-4.414907861328125,-10.237606298828124,6.775590698242187,0.6177040283203125,-9.057264880371093,0.6552056038659351,0.3388413818243594,0.014938208419083665,4.121618157958984,-1.4987702392578124,-9.809044201660155,2.5348317567743766,1.822882014028297,0.38274506083425075,4.614143065029365,1.0693854408938375,10.487088733941553,0
Yuksel_Atmaca_2020_DrivingBehaviorDataset,,Sudden Break,BRAKING,harsh,155,3.6342271057128896,-1.5846194702148433,-9.728496417236329,0.6522250336123201,0.3308707610451251,0.016394544707239892,-3.354929036434675,-2.0634578522353797,4.9011305522132576,-15.726795274958345,-13.795766848303401,-10.91347643556298,50.879179479980465,-22.18467258300781,-136.19894984130858,0.0,-4.414907861328125,-10.237606298828124,6.775590698242187,0.6177040283203125,-9.057264880371093,0.6522250336123201,0.3308707610451251,0.016394544707237932,4.158728283691406,-1.4987702392578124,-9.809044201660155,2.5290596327240396,1.8013144502843421,0.40096828035798626,4.654964103927265,1.071247035212692,10.505344737868546,0
Yuksel_Atmaca_2020_DrivingBehaviorDataset,,Sudden Break,BRAKING,harsh,156,3.761119793701171,-1.6677324707031247,-9.702844256591796,0.6022190960231883,0.3054692254016032,0.015153559772209354,-4.510306655903088,-1.82326004053012,4.117872729986314,-12.504458392808683,-12.17008320917029,-9.480734839942105,52.6556771118164,-23.348254589843748,-135.83981959228515,0.0,-4.414907861328125,-10.237606298828124,6.775590698242187,0.6177040283203125,-9.057264880371093,0.6022190960231874,0.3054692254016022,0.015153559772211314,4.158728283691406,-1.4987702392578124,-9.775525378417969,2.4301752813358535,1.7307887737342844,0.3854940426779117,4.702102451077376,1.0746886861379097,10.539095803914332,0
Yuksel_Atmaca_2020_DrivingBehaviorDataset,,Sudden Break,BRAKING,harsh,157,3.765224139404296,-1.6767962341308589,-9.673942822265625,0.5999296715175877,0.30153259572925445,0.013225096803444567,-4.525762136624157,-1.934733362296746,4.516838575922464,-12.400794775121977,-12.09382439818103,-7.407450873939931,52.71313795166015,-23.47514727783203,-135.43519951171874,0.0,-4.414907861328125,-10.237606298828124,6.775590698242187,0.6177040283203125,-9.057264880371093,0.5999296715175867,0.30153259572925445,0.013225096803444567,4.158728283691406,-1.4987702392578124,-9.773131176757811,2.4255515482438113,1.7196001366330178,0.3601303868982788,4.6962176043029515,1.0722728278207918,10.515404326948767,0
Yuksel_Atmaca_2020_DrivingBehaviorDataset,,Sudden Break,BRAKING,harsh,158,3.7388879211425774,-1.6208745239257811,-9.682151513671874,0.6208846913364071,0.3266799317955969,0.014052625639621135,-4.789542258863141,-1.2172653190465985,3.6043481078496864,-12.066227211266348,-12.373233484723706,-7.547744099823972,52.34443089599609,-22.692243334960935,-135.55012119140625,-0.055066638183593745,-4.414907861328125,-10.237606298828124,6.775590698242187,0.7900865478515624,-9.057264880371093,0.6208846913364062,0.3266799317955969,0.014052625639621135,4.158728283691406,-1.4987702392578124,-9.773131176757811,2.4675491602588533,1.7898703174094177,0.3712265901424611,4.7530197551899045,1.0711902837363039,10.504788196002623,0
Yuksel_Atmaca_2020_DrivingBehaviorDataset,,Sudden Break,BRAKING,harsh,159,3.7245227111816397,-1.6537092895507801,-9.770736975097655,0.6329756615142402,0.31250711303949286,0.026280373939642415,-4.961307613126189,-1.5203598850098816,-7.071405893592893,-11.77495924206379,-11.978837436704866,11.830630158796009,52.143317956542965,-23.151930053710934,-136.7903176513672,-0.201112939453125,-4.414907861328125,-10.97502041015625,6.775590698242187,0.7900865478515624,-9.057264880371093,0.6329756615142402,0.31250711303949286,0.026280373939641433,4.158728283691406,-1.4987702392578124,-9.792284790039062,2.491459566396499,1.7506135724621659,0.5076636968458488,4.948245285581184,1.0795232557769987,10.586506736265502,0
Yuksel_Atmaca_2020_DrivingBehaviorDataset,,Sudden Break,BRAKING,harsh,160,3.694937219238281,-1.68876724243164,-9.820502166748048,0.6313571493066268,0.3148753420154631,0.022017696672561357,-4.577185313682868,-0.8484055122389083,-8.716035136336052,-11.953313944510269,-12.4800441412962,20.01354773502569,51.72912106933593,-23.642741394042968,-137.48703033447265,-0.201112939453125,-4.414907861328125,-10.97502041015625,6.775590698242187,0.7900865478515624,-9.153032946777342,0.6313571493066268,0.3148753420154631,0.022017696672562335,4.114435552978516,-1.4987702392578124,-9.792284790039062,2.4882722094352614,1.7572342680405317,0.46467176057297827,4.893256777178058,1.0837178094172895,10.627641255722061,0
Yuksel_Atmaca_2020_DrivingBehaviorDataset,,Sudden Break,BRAKING,harsh,161,3.7725777587890623,-1.680045507812499,-9.771079003906248,0.6654677784805104,0.3109129869566508,0.025473271253015017,-4.540557219229781,-0.7780433642876843,-8.1042914104477,-12.74285044216553,-12.370128750477942,13.214547345613967,52.81608862304687,-23.520637109375,-136.7951060546875,-0.201112939453125,-4.414907861328125,-10.97502041015625,6.775590698242187,0.7900865478515624,-9.131485131835937,0.6654677784805114,0.3109129869566508,0.025473271253016978,4.114435552978516,-1.4987702392578124,-9.773131176757811,2.5546055644337553,1.7461428474035112,0.4998074184457451,4.9718371622225055,1.0817111941671895,10.607963082279669,0
Yuksel_Atmaca_2020_DrivingBehaviorDataset,,Sudden Break,BRAKING,harsh,162,3.7854038391113276,-1.6680744995117178,-9.784931170654296,0.6741621401322565,0.30728220675725126,0.024027128769686747,-4.357372512414341,-0.8684586301681029,-8.863343589275347,-12.68141105096529,-11.971744076745875,16.27070275170762,52.99565374755859,-23.35304299316406,-136.98903638916016,-0.201112939453125,-4.414907861328125,-10.97502041015625,6.955155822753905,0.7900865478515624,-9.131485131835937,0.6741621401322575,0.30728220675725126,0.024027128769685765,4.114435552978516,-1.4987702392578124,-9.773131176757811,2.571239419332241,1.7359173519773345,0.4854128576266237,4.985350734034855,1.0832853467262824,10.623400245473297,0
Yuksel_Atmaca_2020_DrivingBehaviorDataset,,Sudden Break,BRAKING,harsh,163,3.7546212463378907,-1.6410542236328116,-9.738415252685547,0.6611907643688407,0.30195507980080694,0.025181989864086634,-4.321967631131728,-1.2749804989627198,-10.728155314517691,-12.333709570266935,-11.120695085873335,16.963522967383565,52.56469744873046,-22.974759130859372,-136.33781353759764,-0.201112939453125,-4.414907861328125,-10.97502041015625,6.955155822753905,0.7900865478515624,-9.131485131835937,0.6611907643688407,0.30195507980080694,0.02518198986408762,4.114435552978516,-1.4987702392578124,-9.75517466430664,2.5463830052444383,1.7208044000782265,0.4969416071337333,4.9871123175114445,1.077367561371774,10.565366595726505,0
Yuksel_Atmaca_2020_DrivingBehaviorDataset,,Sudden Break,BRAKING,harsh,164,3.503230072021484,-1.4991122680664055,-9.707290631103515,0.7335941419476495,0.3356012517351367,0.026180353251671645,-1.9625990526285717,-2.3277258428784076,-11.86069129283174,-16.493000465516786,-13.41651790214106,16.874344802508105,49.04522100830078,-20.987571752929686,-135.9020688354492,-0.201112939453125,-4.414907861328125,-10.97502041015625,6.955155822753905,0.7900865478515624,-9.131485131835937,0.7335941419476495,0.3356012517351367,0.026180353251672624,3.9516298400878904,-1.3838485595703125,-9.69771382446289,2.6821821325426276,1.8141455331170038,0.5066967152207666,4.881716898903738,1.0634004808706043,10.428396325729711,0
Yuksel_Atmaca_2020_DrivingBehaviorDataset,,Sudden Break,BRAKING,harsh,165,3.480143127441406,-1.5032166137695306,-9.570137078857423,0.7504311183388405,0.33371711286856504,0.037060322540424274,-2.0797649179468523,-2.3813303000670953,-3.61325675047022,-16.47342913914943,-13.406392065005512,22.327704763175007,48.722003784179684,-21.045032592773435,-133.9819191040039,-0.201112939453125,-4.414907861328125,-10.97502041015625,6.955155822753905,0.7900865478515624,-8.317456567382813,0.7504311183388416,0.33371711286856504,0.03706032254042526,3.9516298400878904,-1.3838485595703125,-9.520542901611327,2.7127873721796925,1.8090458603674253,0.6028578705143213,4.899315189464585,1.0496569588473281,10.29361841548015,0
Yuksel_Atmaca_2020_DrivingBehaviorDataset,,Sudden Break,BRAKING,harsh,166,3.1930099426269525,-1.2771355712890617,-9.6479486328125,0.7724913245264152,0.4061931381679496,0.038575695539436745,0.7939908904208035,-2.202020094477398,-0.4588809675838177,-17.524927338487416,-13.638657778363093,17.346547314442333,44.70213919677734,-17.879897998046875,-135.07128085937498,-0.201112939453125,-4.414907861328125,-10.97502041015625,6.955155822753905,1.6519991455078125,-8.317456567382813,0.7724913245264152,0.4061931381679496,0.038575695539437724,3.2716765686035156,-1.035492218017578,-9.69771382446289,2.7523720765308908,1.9958441668664217,0.6150596269158195,5.076373282537894,1.0444467918618383,10.242524131411896,0
Yuksel_Atmaca_2020_DrivingBehaviorDataset,,Sudden Break,BRAKING,harsh,167,3.034821618652343,-1.1001356628417969,-9.666760217285155,0.690732368995592,0.34550565077834344,0.04005312279050234,1.1771248854002199,-3.306725761235493,0.2000718425696208,-15.801574103015723,-9.240420758518818,13.768508908649636,42.48750266113281,-15.401899279785155,-135.33464304199217,-0.201112939453125,-4.414907861328125,-10.97502041015625,6.955155822753905,1.6519991455078125,-8.317456567382813,0.690732368995593,0.34550565077834344,0.04005312279050136,3.2716765686035156,-1.035492218017578,-9.69771382446289,2.6026468424299583,1.8407207800765013,0.6267271787735652,5.308234672595617,1.0392438864273172,10.191501058832449,0
Yuksel_Atmaca_2020_DrivingBehaviorDataset,,Sudden Break,BRAKING,harsh,168,2.9753086059570313,-0.9096256164550774,-9.651881964111329,0.6545918044952238,0.25862265110783844,0.040451847010736744,1.0626237187552552,-1.356177512763586,-0.5689895589004904,-15.268286916029316,-9.883301539894141,12.80332321243333,41.654320483398436,-12.734758630371093,-135.12634749755858,-0.201112939453125,-3.6918589599609373,-10.97502041015625,6.955155822753905,1.6519991455078125,-8.317456567382813,0.6545918044952247,0.25862265110783744,0.040451847010735766,3.2716765686035156,-1.035492218017578,-9.593566052246093,2.53364415803662,1.5925519839197344,0.6298389520249097,5.035940566189764,1.034088301573681,10.14094204262754,0
Yuksel_Atmaca_2020_DrivingBehaviorDataset,,Sudden Break,BRAKING,harsh,169,3.0529491455078115,-1.0175357055664063,-9.622980529785155,0.683254997976468,0.283421624974562,0.04385338864464041,0.47227719782330163,-0.16302814417521896,-0.8189265505849941,-16.61946878290621,-13.142646591363045,7.27942086744674,42.74128803710937,-14.245499877929687,-134.72172741699217,-0.201112939453125,-3.6918589599609373,-10.97502041015625,6.955155822753905,1.6519991455078125,-8.317456567382813,0.683254997976468,0.283421624974562,0.043853388644639425,3.2716765686035156,-1.1635820068359375,-9.593566052246093,2.5885213203498885,1.6671582643998708,0.6557856614412675,4.920084720719069,1.0346860561742035,10.146804012780752,0
Yuksel_Atmaca_2020_DrivingBehaviorDataset,,Sudden Break,BRAKING,harsh,170,3.237815716552734,-1.1298921691894523,-9.60741821899414,0.7214344165796267,0.29648078500617,0.043743206268435086,-1.3643984828576423,1.653022361914988,-1.6284081652384894,-18.020826839236832,-14.56548056444211,7.662590374646834,45.32942003173828,-15.818490368652343,-134.50385506591797,-0.201112939453125,-3.6918589599609373,-10.97502041015625,6.955155822753905,1.6519991455078125,-8.317456567382813,0.7214344165796267,0.296480785006169,0.04374320626843411,4.055777612304687,-1.629254229736328,-9.485826977539062,2.6598599251371495,1.7051343906803227,0.6549613070650365,4.840234757243828,1.040223458495117,10.20110737925114,0
Yuksel_Atmaca_2020_DrivingBehaviorDataset,,Sudden Break,BRAKING,harsh,171,3.1950621154785153,-1.088848712158203,-9.56209940185547,0.7426891740848229,0.3112508181272791,0.04485898468769479,-1.1846090610832931,1.521109249631482,-3.620328361242953,-18.597806291723945,-15.560071942535041,6.59952551899693,44.730869616699216,-15.243881970214844,-133.86939162597656,-0.201112939453125,-3.6918589599609373,-10.97502041015625,6.955155822753905,1.6519991455078125,-8.317456567382813,0.742689174084824,0.3112508181272782,0.04485898468769479,4.055777612304687,-1.629254229736328,-9.41639512939453,2.698757638069587,1.7470912499316908,0.6632619107016369,4.86280756786263,1.0340332611560787,10.140402280516259,0
Yuksel_Atmaca_2020_DrivingBehaviorDataset,,Sudden Break,BRAKING,harsh,172,3.2638099060058594,-1.0669588684082025,-9.653250079345703,0.7003621840636315,0.3209682183406672,0.06938072174913468,-1.1009287163592891,1.6285365513318915,-8.577290332155489,-18.272227852972605,-15.748994852418267,8.503084677315648,45.69333868408203,-14.937424157714842,-135.14550111083983,-0.201112939453125,-3.6918589599609373,-11.470620153808593,6.955155822753905,1.6519991455078125,-8.317456567382813,0.7003621840636315,0.3209682183406672,0.06938072174913566,4.055777612304687,-1.629254229736328,-9.41639512939453,2.6207263902108537,1.7741541585754323,0.8248590515604256,4.931693557601064,1.0447792241061422,10.2457841780805,0
Yuksel_Atmaca_2020_DrivingBehaviorDataset,,Sudden Break,BRAKING,harsh,173,3.2827925048828117,-1.034637145996093,-9.467699450683593,0.6864307503663567,0.33073065564448934,0.06466599066853446,-0.9394641029295036,1.340347155088848,-10.041120512118324,-18.48769640335285,-16.614246289838295,21.911648031701546,45.959095068359375,-14.484920043945312,-132.5477923095703,0.009576806640625,-3.6918589599609373,-11.470620153808593,6.955155822753905,1.6519991455078125,-8.317456567382813,0.6864307503663578,0.33073065564448934,0.06466599066853446,4.055777612304687,-1.629254229736328,-9.379285003662108,2.5945300379992218,1.8009330315633716,0.7963395867276669,4.971514683099889,1.0272573430439957,10.0739532231624,0
Yuksel_Atmaca_2020_DrivingBehaviorDataset,,Sudden Break,BRAKING,harsh,174,3.3428185607910157,-1.003512524414062,-9.397583544921874,0.6977566552587418,0.3239817659061687,0.06727584878939637,-1.59916619894405,0.9780715114606251,-11.842666544648102,-18.88031206109155,-16.049411497182394,22.88255478548596,46.79945985107422,-14.049175341796873,-131.56616962890624,0.009576806640625,-3.6918589599609373,-11.470620153808593,6.955155822753905,1.6519991455078125,-8.317456567382813,0.6977566552587428,0.3239817659061687,0.06727584878939832,4.475960003662109,-1.629254229736328,-9.340977777099608,2.6158469571618954,1.78246340344584,0.8122503939860881,4.957183457717465,1.0222422343937212,10.024771807917183,0
Yuksel_Atmaca_2020_DrivingBehaviorDataset,,Sudden Break,BRAKING,harsh,175,3.30810263671875,-0.9874371704101556,-9.358250231933594,0.6771003935703861,0.3148590749639728,0.07178328335697785,-1.7553285028835617,1.4339609481133355,-11.571453185336777,-18.903064668274205,-16.798305961064283,19.33601550427193,46.3134369140625,-13.824120385742187,-131.0155032470703,0.009576806640625,-3.4668040039062498,-11.470620153808593,6.955155822753905,1.6519991455078125,-8.317456567382813,0.6771003935703861,0.3148590749639728,0.07178328335697785,4.475960003662109,-1.629254229736328,-9.340977777099608,2.5768365440219587,1.7571888764431227,0.8390193893663682,4.972899324780061,1.0171403308843925,9.974739225867427,0
Yuksel_Atmaca_2020_DrivingBehaviorDataset,,Sudden Break,BRAKING,harsh,176,3.0197723510742183,-0.8511386901855468,-9.405963250732421,0.5648287562778358,0.2819951892292264,0.07546695636407488,-1.3551586105792413,0.3657539467348018,-9.322220739671138,-19.936044090051404,-14.874316673543358,11.353583673273054,42.27681291503906,-11.915941662597655,-131.6834855102539,0.009576806640625,-3.4668040039062498,-11.470620153808593,5.791573815917968,1.6519991455078125,-8.317456567382813,0.5648287562778358,0.2819951892292264,0.07546695636407684,3.6391865234374996,-1.2868833923339842,-9.340977777099608,2.3535245744950366,1.662957643012832,0.8602778781462277,4.4906336275128895,1.0110917258810752,9.915422673611644,0
Yuksel_Atmaca_2020_DrivingBehaviorDataset,,Sudden Break,BRAKING,harsh,177,2.8195144836425774,-0.7502401916503901,-9.423235705566407,0.5141738355965559,0.2630236641515902,0.07557821785761794,0.3583187072249264,-1.0192991584369127,-8.619234174119496,-18.551091201418817,-12.430828760285216,10.229726479627823,39.47320277099609,-10.503362683105468,-131.9252998779297,0.009576806640625,-3.4668040039062498,-11.470620153808593,5.791573815917968,1.6519991455078125,-8.317456567382813,0.514173835596557,0.2630236641515902,0.07557821785761697,2.7940333374023436,-1.006761798095703,-9.396044415283203,2.2455117111369014,1.6060451475759308,0.8609118016111791,4.517149399735113,1.0059069826859663,9.864577711757331,0
Yuksel_Atmaca_2020_DrivingBehaviorDataset,,Sudden Break,BRAKING,harsh,178,2.9058767578125,-0.8097532043457023,-9.428879180908204,0.48192259945869353,0.25170179631423445,0.07554398478716587,-0.07834116260218088,-0.21768360695586061,-8.400413512221283,-17.377696384756245,-10.768279569495753,9.968651832746398,40.682274609375,-11.336544860839844,-132.00430853271484,0.009576806640625,-3.4668040039062498,-11.470620153808593,5.791573815917968,1.6519991455078125,-8.317456567382813,0.48192259945869453,0.25170179631423445,0.07554398478716587,2.7940333374023436,-1.006761798095703,-9.435548742675781,2.173947161267175,1.5710987941008003,0.8607168050021241,4.429128419793647,1.0094860001289347,9.899675883164416,0
Yuksel_Atmaca_2020_DrivingBehaviorDataset,,Sudden Break,BRAKING,harsh,179,2.892024591064452,-0.7533184509277338,-9.533026953125,0.49100814114430713,0.27322941634551773,0.0656060560267703,-0.2938317473516785,0.13010888889776406,-8.308475075270001,-17.05748233083413,-11.925278309386515,13.643731855575162,40.48834427490234,-10.54645831298828,-133.46237734375,-0.18435352783203124,-3.4668040039062498,-11.470620153808593,5.791573815917968,1.6519991455078125,-8.377311608886718,0.49100814114430713,0.27322941634551773,0.0656060560267703,2.7940333374023436,-1.006761798095703,-9.488221179199218,2.1943438626051353,1.6369072227236259,0.8021069936953105,4.5366698786646875,1.0187465004856675,9.990490368987771,0
Yuksel_Atmaca_2020_DrivingBehaviorDataset,,Sudden Break,BRAKING,harsh,180,2.8610709838867185,-0.7861532165527338,-9.535934197998047,0.5053961506706013,0.25742250562528,0.06607106888328479,-0.27701409860505394,-0.5857005191163264,-8.206692924983813,-17.424299516587936,-12.377871155207266,12.942108751593706,40.05499377441406,-11.006145031738281,-133.50307877197264,-0.18435352783203124,-3.4668040039062498,-11.470620153808593,5.791573815917968,1.350329736328125,-8.377311608886718,0.5053961506706013,0.2574225056252791,0.06607106888328576,2.7940333374023436,-1.006761798095703,-9.488221179199218,2.2262621501013435,1.5888525465851604,0.8049446239737728,4.4948313481071756,1.018378513519736,9.98688164960832,0
Yuksel_Atmaca_2020_DrivingBehaviorDataset,,Sudden Break,BRAKING,harsh,181,2.9330680480957025,-0.8422459411621092,-9.533711010742186,0.5364959943054954,0.2708410213643538,0.06577993523065802,-0.4278211065313215,0.016631298394516242,-8.30005458177843,-18.228959702991066,-14.092115976730023,13.43993951959952,41.062952673339844,-11.79144317626953,-133.47195415039062,-0.18435352783203124,-3.4668040039062498,-11.470620153808593,5.791573815917968,1.350329736328125,-8.377311608886718,0.5364959943054954,0.2708410213643538,0.06577993523065802,2.7940333374023436,-1.006761798095703,-9.488221179199218,2.293736785805205,1.6297371267056358,0.8031692236569689,4.512010564622968,1.0207553455668497,10.010190409603144,0
Yuksel_Atmaca_2020_DrivingBehaviorDataset,,Sudden Break,BRAKING,harsh,182,3.0225085815429678,-0.9453676269531245,-9.554574768066407,0.5954617756806881,0.3065311796321313,0.06594058240055993,0.5681010018102006,-0.0060521320916436,-7.392617912528898,-16.936416374892932,-15.639668931799346,12.085581621445145,42.31512014160156,-13.235146777343749,-133.7640467529297,-0.18435352783203124,-3.4668040039062498,-11.470620153808593,6.605602380371093,1.350329736328125,-8.377311608886718,0.5954617756806881,0.3065311796321313,0.06594058240055993,2.7940333374023436,-1.006761798095703,-9.551667523193359,2.4165026841448007,1.7337946800989568,0.8041493719443273,4.781990432283087,1.0264201076066457,10.065742748260712,0
Yuksel_Atmaca_2020_DrivingBehaviorDataset,,Sudden Break,BRAKING,harsh,183,3.0693665283203124,-0.9566545776367184,-9.613061694335936,0.621402253353137,0.3112246077803465,0.06240597211030654,0.6305982915199656,-0.06647451306563584,-5.983618257182876,-17.310602924444385,-15.746679551772578,14.328466742061496,42.971131396484374,-13.393164086914062,-134.58286372070313,-0.18435352783203124,-3.4668040039062498,-11.470620153808593,6.605602380371093,1.350329736328125,-8.377311608886718,0.621402253353137,0.3112246077803455,0.062405972110307524,2.7940333374023436,-1.006761798095703,-9.641450085449218,2.468577405682379,1.7470176873429564,0.7823001510900746,4.7176622996871025,1.0336279038013505,10.136427082813514,0
Yuksel_Atmaca_2020_DrivingBehaviorDataset,,Sudden Break,BRAKING,harsh,184,2.740676843261719,-0.7536604797363279,-9.620244299316406,0.6088467617025731,0.30617339121412773,0.06236199807891299,3.8276445790583344,-3.138021182138096,-5.675487353312784,-15.38469115382154,-14.336176075973183,14.10949525932501,38.36947580566406,-10.551246716308594,-134.68342019042967,-0.18435352783203124,-3.4668040039062498,-11.470620153808593,6.605602380371093,1.350329736328125,-8.377311608886718,0.6088467617025741,0.30617339121412673,0.06236199807891398,2.2182278381347653,-0.6404489440917969,-9.67856021118164,2.4435112227388176,1.7327825273097666,0.7820244807297211,5.07175393656209,1.0229152151131287,10.031371494289164,0
Yuksel_Atmaca_2020_DrivingBehaviorDataset,,Sudden Break,BRAKING,harsh,185,2.745123217773437,-0.7989792968749991,-9.608444305419923,0.6068368414333223,0.29347768817819075,0.06376541907775905,3.831973134670801,-2.9767383272061836,-5.735040463621591,-15.34859779832305,-13.544010372702987,12.641698728640776,38.43172504882812,-11.18571015625,-134.5182202758789,-0.18435352783203124,-3.4668040039062498,-11.470620153808593,6.605602380371093,1.350329736328125,-8.377311608886718,0.6068368414333233,0.2934776881781898,0.06376541907775807,2.2182278381347653,-0.6404489440917969,-9.67856021118164,2.4394746383272974,1.6964766343137923,0.7907750293218049,5.048592568490662,1.0222433612796178,10.024782858892765,0
Yuksel_Atmaca_2020_DrivingBehaviorDataset,,Sudden Break,BRAKING,harsh,186,2.669876879882812,-0.7839300292968743,-9.464792205810548,0.6452909307264361,0.3000662647591178,0.0344727790244489,3.528656273732344,-2.738772048817553,5.833899239890883,-15.685183163258156,-13.52961680950139,-5.4433437924737476,37.378276318359376,-10.97502041015625,-132.50709088134764,-0.18435352783203124,-3.4668040039062498,-10.283096130371094,6.605602380371093,1.350329736328125,-8.377311608886718,0.6452909307264361,0.3000662647591178,0.0344727790244489,2.2182278381347653,-0.6404489440917969,-9.60194575805664,2.5155799144150452,1.7154138962069794,0.5814314047418839,4.8857304497399205,1.0059854743209347,9.865347451749395,0
Yuksel_Atmaca_2020_DrivingBehaviorDataset,,Sudden Break,BRAKING,harsh,187,2.6933058532714833,-0.7292054199218746,-9.628281976318359,0.6326687297122979,0.3203824471157324,0.03358237875688481,3.646391004711797,-2.45307477729447,2.0673764423692935,-15.592505555988662,-14.187798214981974,-0.632800948201766,37.70628194580078,-10.20887587890625,-134.79594766845702,-0.18435352783203124,-3.4668040039062498,-10.666168395996094,6.605602380371093,1.350329736328125,-8.580818749999999,0.6326687297122979,0.3203824471157324,0.03358237875688481,2.2182278381347653,-0.6404489440917969,-9.67856021118164,2.4908554350329353,1.772534491909114,0.5738733611487898,4.888526294649359,1.022208671336534,10.024442666762418,0
Yuksel_Atmaca_2020_DrivingBehaviorDataset,,Sudden Break,BRAKING,harsh,188,2.83798403930664,-0.8176198669433593,-9.66111674194336,0.7228860991742742,0.35211155746980327,0.028948957240467012,3.6171175296089384,-1.9940751854488465,1.4146877337689407,-16.75407509681414,-16.282456031185536,4.665475773633272,39.73177655029296,-11.44667813720703,-135.255634387207,-0.18435352783203124,-3.4668040039062498,-10.666168395996094,6.617573388671874,1.350329736328125,-8.580818749999999,0.7228860991742742,0.35211155746980327,0.028948957240466033,2.2182278381347653,-0.6404489440917969,-9.67856021118164,2.6625346879369296,1.8582343245837558,0.5328154385171515,4.740307584194067,1.0301649031110085,10.10246664709357,0
Yuksel_Atmaca_2020_DrivingBehaviorDataset,,Sudden Break,BRAKING,harsh,189,2.8603869262695314,-0.7345068664550779,-9.739612353515625,0.7381353599534578,0.31361435486983774,0.01912079012898271,3.631513832937463,-1.5014855224428332,-4.734551602546415,-16.91376740495125,-16.163895880041153,5.10339897313338,40.045416967773434,-10.283096130371094,-136.35457294921875,-0.18435352783203124,-3.191470812988281,-10.666168395996094,6.617573388671874,1.350329736328125,-8.990227233886719,0.7381353599534578,0.31361435486983774,0.01912079012898271,2.2182278381347653,-0.6404489440917969,-9.698910925292969,2.6904711720603105,1.75371212380604,0.4330252839250734,4.583844243392276,1.037815455627471,10.177492937929138,0
Yuksel_Atmaca_2020_DrivingBehaviorDataset,,Sudden Break,BRAKING,harsh,190,3.062867980957031,-0.8470343444824217,-9.702844256591796,0.799250810504418,0.3398104677309207,0.0184019727293099,1.7069626879566782,-0.20590647508019244,-7.513508347741992,-19.76150632849316,-18.35781846550908,10.973228756998894,42.880151733398435,-11.858480822753906,-135.83981959228515,-0.18435352783203124,-3.191470812988281,-10.666168395996094,6.617573388671874,1.350329736328125,-8.990227233886719,0.799250810504418,0.3398104677309207,0.018401972729310878,2.2182278381347653,-0.6404489440917969,-9.65940659790039,2.799638005320179,1.8254868729666158,0.4248078458149074,4.365811068754168,1.0411288258327105,10.209985999852348,0
Yuksel_Atmaca_2020_DrivingBehaviorDataset,,Sudden Break,BRAKING,harsh,191,3.1411925781249996,-0.8759357788085932,-9.726957287597656,0.8012424628587864,0.3416596862320713,0.018501145539375034,0.7576023995138308,0.3190883277073352,-5.628361598567274,-20.03468226607003,-18.555012111764192,8.459693793458342,43.97669609375,-12.263100903320312,-136.1774020263672,-0.18435352783203124,-3.191470812988281,-10.666168395996094,6.617573388671874,1.350329736328125,-8.990227233886719,0.8012424628587864,0.3416596862320713,0.018501145539375034,2.7665000183105466,-0.842758984375,-9.698910925292969,2.80312404263424,1.8304472027315468,0.42595100528548574,4.281243223713306,1.0461316904883082,10.259047342527168,0
Yuksel_Atmaca_2020_DrivingBehaviorDataset,,Sudden Break,BRAKING,harsh,192,3.0880070983886716,-0.8203560974121087,-9.74474278564453,0.8213338451622768,0.3527290695180104,0.017823768172353656,1.1069571103310412,-0.42681042097826527,-4.781120010801077,-20.499582180603486,-19.45073901140362,10.479440790431251,43.2320993774414,-11.48498536376953,-136.42639899902343,-0.18435352783203124,-3.191470812988281,-10.666168395996094,6.617573388671874,1.350329736328125,-8.990227233886719,0.8213338451622768,0.3527290695180104,0.017823768172355616,2.39420166015625,-0.5865794067382812,-9.702502227783203,2.8380510130476235,1.8598630405459438,0.4180806813851029,4.350752618494547,1.0457376648639567,10.255183271138119,0
Yuksel_Atmaca_2020_DrivingBehaviorDataset,,Sudden Break,BRAKING,harsh,193,3.0859549255371084,-0.8357473937988278,-9.746110900878907,0.822814779544679,0.3457294520056012,0.017835689849577455,1.093015927477084,-0.5411076949385369,-4.66519296707495,-20.48185311685503,-19.529066484656482,10.331063628614146,43.20336895751953,-11.700463513183593,-136.44555261230468,-0.21308394775390624,-3.191470812988281,-10.666168395996094,6.617573388671874,1.3168109130859373,-8.990227233886719,0.822814779544679,0.3457294520056012,0.017835689849577455,2.39420166015625,-0.5865794067382812,-9.702502227783203,2.8406084837270034,1.8413168468546455,0.41822047757536623,4.343761916955547,1.0459339558361587,10.257108228000666,0
Yuksel_Atmaca_2020_DrivingBehaviorDataset,,Sudden Break,BRAKING,harsh,194,3.0546592895507807,-0.8049648010253898,-9.74200655517578,0.8416886669851257,0.36079354460044494,0.017375677545711937,1.0575699664882885,-0.20613220981605074,-4.635199338481205,-20.537944295051936,-19.135276106486103,11.896960515882121,42.76523005371094,-11.269507214355468,-136.38809177246094,-0.21308394775390624,-3.191470812988281,-10.666168395996094,6.617573388671874,1.6232687255859375,-8.990227233886719,0.8416886669851267,0.36079354460044494,0.017375677545711937,2.39420166015625,-0.5865794067382812,-9.702502227783203,2.8730029874836007,1.8810039909994751,0.4127919429975122,4.409620170207809,1.0443288241718418,10.241367263564793,0
Yuksel_Atmaca_2020_DrivingBehaviorDataset,,Sudden Break,BRAKING,harsh,195,3.067485369873047,-0.8942343200683593,-9.71413120727539,0.8484396539366011,0.4014047380592954,0.01619832520519464,1.0064647883320008,-0.5768288759729012,-6.830084799115191,-20.66270213063059,-19.03851512345117,20.585495699575407,42.944795178222655,-12.51928048095703,-135.99783690185546,-0.21308394775390624,-3.545812658691406,-10.666168395996094,6.617573388671874,1.6232687255859375,-8.990227233886719,0.8484396539366011,0.4014047380592954,0.016198325205192675,2.39420166015625,-0.5865794067382812,-9.702502227783203,2.8845018170001864,1.9840453055535787,0.39856154590415044,4.532148214233639,1.0427737187433157,10.226116888914136,0
Yuksel_Atmaca_2020_DrivingBehaviorDataset,,Sudden Break,BRAKING,harsh,196,2.999079608154296,-0.7799966979980467,-9.677876153564453,0.801963098057302,0.3623972928128561,0.01798629416261619,0.8508790223797641,-1.207220377434158,-7.35457905844863,-20.757557191277446,-17.381244824168324,14.687532963979807,41.987114514160154,-10.919953771972656,-135.49026614990234,-0.21308394775390624,-3.545812658691406,-10.666168395996094,6.617573388671874,1.6232687255859375,-8.990227233886719,0.801963098057302,0.3623972928128561,0.01798629416261717,2.39420166015625,-0.5865794067382812,-9.683348614501952,2.804384320232097,1.8851799414281902,0.41998248969430846,4.660467436268715,1.0362251604671715,10.161897469895386,0
Yuksel_Atmaca_2020_DrivingBehaviorDataset,,Sudden Break,BRAKING,harsh,197,2.93050283203125,-0.7509242492675775,-9.724734100341795,0.7650667628118621,0.34991832856661986,0.021534431959459588,1.043591355872293,-1.1726311117181198,-5.160668688710227,-20.202832362615528,-17.05576278276569,1.3330599032958397,41.027039648437494,-10.512939489746094,-136.14627740478514,-0.21308394775390624,-3.545812658691406,-10.666168395996094,6.617573388671874,1.6232687255859375,-8.990227233886719,0.7650667628118621,0.34991832856661986,0.02153443195945861,2.39420166015625,-0.5865794067382812,-9.683348614501952,2.7391133546330186,1.8524380089055184,0.45954394477049954,4.721460477840725,1.0385207012930935,10.184409035335914,0
Yuksel_Atmaca_2020_DrivingBehaviorDataset,,Sudden Break,BRAKING,harsh,198,3.106989697265625,-0.8454952148437493,-9.720287725830078,0.7261023024059257,0.33769024304243206,0.021646326149769447,-0.6815846790908008,0.2937746078965679,-5.428487709913945,-18.949929470614805,-15.93522936125754,1.2192620304785986,43.497855761718746,-11.8369330078125,-136.0840281616211,-0.21308394775390624,-3.545812658691406,-10.666168395996094,6.617573388671874,1.6232687255859375,-8.990227233886719,0.7261023024059257,0.33769024304243206,0.02164632614977043,3.507505432128906,-1.1133037719726562,-9.683348614501952,2.6684510757907995,1.819782960116966,0.46073630672723176,4.5288632562828814,1.0441627169011989,10.239738307699142,0
Yuksel_Atmaca_2020_DrivingBehaviorDataset,,Sudden Break,BRAKING,harsh,199,3.1548737304687497,-0.8316430480957027,-9.789548559570312,0.7042285940294082,0.3410900696505719,0.017389063739318818,-0.9231918414309193,0.13550614267953573,-6.759478023546524,-18.310450541706576,-16.25808579028424,2.172203068354709,44.168232226562495,-11.643002673339844,-137.05367983398438,-0.21308394775390624,-3.545812658691406,-10.666168395996094,6.617573388671874,1.6232687255859375,-9.217676391601563,0.7042285940294082,0.3410900696505719,0.01738906373931784,3.507505432128906,-1.1133037719726562,-9.706093530273437,2.6279504069975324,1.8289207012713207,0.4129509195039802,4.4861417649932145,1.052237049126951,10.318920457820813,0
Yuksel_Atmaca_2020_DrivingBehaviorDataset,,Sudden Break,BRAKING,harsh,200,3.13349692993164,-0.8367734802246093,-9.828197814941406,0.7203788214333923,0.33871755311019075,0.016719843985483474,-1.1176165387560928,0.09500527346164979,-4.4837425081441165,-18.038814330024444,-16.247129350938334,1.7953925759885778,43.868957019042966,-11.71482872314453,-137.5947694091797,-0.44532150878906246,-3.545812658691406,-10.666168395996094,6.617573388671874,1.6232687255859375,-9.217676391601563,0.7203788214333923,0.33871755311019075,0.016719843985483474,3.507505432128906,-1.1133037719726562,-9.759963067626952,2.657913273455284,1.8225488998125832,0.4049267316691349,4.566073738181248,1.0553568459778484,10.349515213608667,0
Yuksel_Atmaca_2020_DrivingBehaviorDataset,,Sudden Break,BRAKING,harsh,201,3.1500853271484375,-0.898509680175781,-9.84649635620117,0.710785850514356,0.31495778850683787,0.020565602985599403,-1.1262888567240983,0.040271723311699335,-8.897855305650861,-17.886252539471506,-15.359787824875617,14.022200173687231,44.10119458007812,-12.579135522460938,-137.8509489868164,-0.44532150878906246,-3.545812658691406,-10.922347973632812,6.617573388671874,1.6232687255859375,-9.217676391601563,0.710785850514357,0.31495778850683787,0.020565602985597443,3.507505432128906,-1.1133037719726562,-9.759963067626952,2.6401568250667644,1.7574643087871176,0.4490875978233075,4.592670255820037,1.058167958775742,10.37708281292813,0
Yuksel_Atmaca_2020_DrivingBehaviorDataset,,Sudden Break,BRAKING,harsh,202,3.11981577758789,-0.9234777832031241,-9.857783306884766,0.6890415495032296,0.32751592656419776,0.019224260138432564,-1.4564139254238764,-0.33548139761679036,-10.424573531684317,-18.26721384164944,-15.084164472683025,16.59773492805635,43.677420886230465,-12.928688964843749,-138.00896629638672,-0.44532150878906246,-3.545812658691406,-10.922347973632812,6.193799694824218,1.6232687255859375,-9.217676391601563,0.6890415495032296,0.32751592656419776,0.019224260138433546,3.507505432128906,-1.1133037719726562,-9.759963067626952,2.599459426772392,1.7921590502075404,0.4341953370161512,4.551938268430904,1.0585516467290583,10.38084550639552,0
Yuksel_Atmaca_2020_DrivingBehaviorDataset,,Sudden Break,BRAKING,harsh,203,3.0897172424316404,-0.9352777770996087,-9.919006463623047,0.6705996397975544,0.331290515206754,0.022181478421388585,-1.6229101921605382,-0.2645083434610107,-6.643286378920894,-18.307286375933224,-15.373573745745443,2.0874187442923153,43.25604139404297,-13.09388887939453,-138.86609049072266,-0.44532150878906246,-3.545812658691406,-10.922347973632812,6.193799694824218,1.6232687255859375,-9.217676391601563,0.6705996397975544,0.331290515206754,0.02218147842138956,3.507505432128906,-1.1133037719726562,-9.848548529052733,2.5644367720068058,1.8024566932251977,0.46639682177425196,4.507558710249729,1.0636758816096445,10.43109708438722,0
Yuksel_Atmaca_2020_DrivingBehaviorDataset,,Sudden Break,BRAKING,harsh,204,3.0467926269531245,-0.8991937377929684,-9.94123833618164,0.6481191944878826,0.3196517048271795,0.02109927789420143,-1.679531382017535,-0.46795226256029676,-5.939354404572045,-18.081699166296374,-14.48353727470941,3.9594339787788098,42.65509677734375,-12.588712329101561,-139.17733670654297,-0.44532150878906246,-3.545812658691406,-10.922347973632812,6.193799694824218,1.6232687255859375,-9.217676391601563,0.6481191944878836,0.3196517048271795,0.02109927789419849,3.507505432128906,-1.1133037719726562,-9.883264453125,2.5210866900256734,1.7705119008759767,0.4548771631563231,4.490214802234698,1.0642228299334306,10.436460815166678,0
Yuksel_Atmaca_2020_DrivingBehaviorDataset,,Sudden Break,BRAKING,harsh,205,2.993778161621093,-0.8653328857421868,-9.927044140625,0.6437564130297071,0.31789786937878617,0.021507926139918806,-0.9929603413168319,-1.115000617007986,-6.710828500120472,-17.97936092847281,-14.150163048029883,3.520400120408894,41.91289426269531,-12.114660400390624,-138.97861796875,-0.44532150878906246,-3.545812658691406,-10.922347973632812,6.193799694824218,1.6232687255859375,-9.217676391601563,0.6437564130297071,0.31789786937878617,0.021507926139922733,3.1364041748046874,-0.8762778076171874,-9.829394915771484,2.5125870786577287,1.7656480795287255,0.45926104110851446,4.47247225549865,1.060983794722821,10.40469673051855,0
Yuksel_Atmaca_2020_DrivingBehaviorDataset,,Sudden Break,BRAKING,harsh,206,3.0047230834960934,-0.8721734619140623,-9.91934849243164,0.6391883551918537,0.31599194261936037,0.021998298253807936,-1.0610647550764347,-1.065954039238075,-6.808356274616598,-17.80102042790051,-13.986724424308212,2.5860643813126174,42.06612316894531,-12.210428466796873,-138.87087889404296,-0.44532150878906246,-3.545812658691406,-10.922347973632812,6.193799694824218,1.6232687255859375,-9.217676391601563,0.6391883551918537,0.3159919426193594,0.021998298253805972,3.1364041748046874,-0.8762778076171874,-9.829394915771484,2.503656622510803,1.7603472339536164,0.4644670188190894,4.478522323556071,1.0606152688098027,10.401082725873652,0
Yuksel_Atmaca_2020_DrivingBehaviorDataset,,Sudden Break,BRAKING,harsh,207,3.0146419189453115,-0.8518227478027341,-9.91934849243164,0.6323188612447328,0.32555388891502063,0.021998298253807936,-0.9797277095727487,-0.8001292575259801,-6.808356274616598,-17.888527921554545,-13.981276979914956,2.5860643813126174,42.204986865234375,-11.92551846923828,-138.87087889404296,-0.44532150878906246,-3.545812658691406,-10.922347973632812,6.193799694824218,1.6232687255859375,-9.217676391601563,0.6323188612447337,0.32555388891502063,0.021998298253805972,3.1364041748046874,-0.8762778076171874,-9.829394915771484,2.490166613025255,1.786782875653471,0.4644670188190894,4.498325968682035,1.0607359511133927,10.402266214986152,0
Yuksel_Atmaca_2020_DrivingBehaviorDataset,,Sudden Break,BRAKING,harsh,208,3.024902783203124,-0.9409212524414062,-9.878305035400391,0.6259127582664668,0.2884523800629829,0.021642189533320366,-0.9361157088427814,-1.6017604675082366,-9.611176405869168,-17.880473906530497,-13.510040415097317,7.751754451387744,42.34863896484375,-13.172897534179686,-138.29627049560546,-0.44532150878906246,-3.545812658691406,-10.922347973632812,6.193799694824218,1.419761584472656,-9.217676391601563,0.6259127582664668,0.2884523800629829,0.021642189533320366,3.1364041748046874,-0.8762778076171874,-9.759963067626952,2.477520403720997,1.6818892748765173,0.4606922812322111,4.462952109530278,1.0578359258030745,10.373826681776722,0
Yuksel_Atmaca_2020_DrivingBehaviorDataset,,Sudden Break,BRAKING,harsh,209,3.0505549438476556,-0.9344227050781247,-9.847351428222655,0.641063758346667,0.28479475039656343,0.02405055782015387,-0.8144685752644522,-1.4290278587069156,-8.87329629209242,-17.90469990842075,-13.795696354895671,4.3546070551871665,42.70776921386719,-13.081917871093749,-137.86291999511718,-0.44532150878906246,-3.4548329956054684,-10.922347973632812,6.193799694824218,1.419761584472656,-9.217676391601563,0.6410637583466678,0.28479475039656243,0.024050557820154847,3.1364041748046874,-0.8762778076171874,-9.749189160156249,2.5073268446276304,1.6711919216464808,0.4856494649920066,4.441760661870446,1.0555385958740586,10.351297571228336,0
Yuksel_Atmaca_2020_DrivingBehaviorDataset,,Sudden Break,BRAKING,harsh,210,3.0792853637695305,-1.0508835144042963,-9.863084753417969,0.6586317885573093,0.3209809750491607,0.022228082801288764,-0.662603041568171,-0.7809062701429246,-10.395053378358073,-17.896377066386904,-16.260134167884285,6.2497509572575,43.10999509277344,-14.712369201660156,-138.08318654785157,-0.44532150878906246,-3.4548329956054684,-10.922347973632812,6.193799694824218,1.419761584472656,-9.291896643066405,0.6586317885573093,0.3209809750491607,0.022228082801286804,3.1364041748046874,-0.8762778076171874,-9.749189160156249,2.541450654499422,1.774189414624564,0.46688652604593334,4.432716929874035,1.0590664556304468,10.385894057108322,0
Yuksel_Atmaca_2020_DrivingBehaviorDataset,,Sudden Break,BRAKING,harsh,211,2.8041231872558594,-0.8714894042968749,-9.853336932373047,0.6546062601711887,0.3091860009752785,0.021269739893193654,2.298161526499789,-3.6602161912229842,-11.090829750814123,-17.279186706976795,-13.980013441272312,10.206923133656211,39.25772462158203,-12.20085166015625,-137.94671705322264,-0.44532150878906246,-3.4548329956054684,-10.922347973632812,6.193799694824218,1.419761584472656,-9.291896643066405,0.6546062601711887,0.3091860009752785,0.021269739893192675,2.205059729003906,-0.4381389038085937,-9.749189160156249,2.533672133743391,1.7412865635685055,0.45671095314606164,4.393899810311028,1.0484291938492858,10.2815781538621,0
Yuksel_Atmaca_2020_DrivingBehaviorDataset,,Sudden Break,BRAKING,harsh,212,2.6421725463867185,-0.7876923461914062,-9.856586206054688,0.6762278629720203,0.3192105513834029,0.02108746862503052,4.033951456292949,-4.859519806620538,-11.072163672696563,-17.248778948946818,-14.167043616676771,10.517655925453434,36.99041564941406,-11.027692846679686,-137.9922068847656,-0.44532150878906246,-3.4548329956054684,-10.922347973632812,6.193799694824218,1.419761584472656,-9.291896643066405,0.6762278629720213,0.3192105513834029,0.0210874686250315,1.2808978881835937,0.1484405029296875,-9.749189160156249,2.575175716803529,1.7692897314244647,0.4547498479292425,4.567662727315405,1.0436725779803955,10.234931686851445,0
Yuksel_Atmaca_2020_DrivingBehaviorDataset,,Sudden Break,BRAKING,harsh,213,2.602326190185546,-0.7697358337402344,-9.855047076416014,0.6894857861393914,0.3242598088377937,0.02105593334791936,4.244649378211625,-4.89691057581141,-11.20809029414736,-17.47485108141242,-14.375523196111983,10.866142852353654,36.43256666259765,-10.77630167236328,-137.97065906982422,-0.44532150878906246,-3.4548329956054684,-10.922347973632812,6.193799694824218,1.419761584472656,-9.291896643066405,0.6894857861393914,0.3242598088377937,0.021055933347917395,1.1288660827636718,0.1484405029296875,-9.749189160156249,2.60029724928591,1.7832280993577778,0.45440969264129333,4.609507555951948,1.0423402647214377,10.221866157030487,0
Yuksel_Atmaca_2020_DrivingBehaviorDataset,,Sudden Break,BRAKING,harsh,214,2.7066449768066403,-0.8056488586425781,-9.850258673095702,0.6351948791599039,0.3102852393520564,0.020935611765089276,4.740868970315729,-5.299145727344488,-11.64300527175387,-17.592147668088224,-14.300047427087154,12.074592492742232,37.893029675292965,-11.279084020996093,-137.90362142333984,-0.07422025146484375,-3.4548329956054684,-10.922347973632812,6.193799694824218,1.419761584472656,-9.291896643066405,0.6351948791599039,0.3102852393520564,0.020935611765086338,1.1288660827636718,0.1484405029296875,-9.749189160156249,2.495823283350301,1.7443791854100543,0.45310949793188576,4.508636167096899,1.0449110850916288,10.247077292613822,0
Yuksel_Atmaca_2020_DrivingBehaviorDataset,,Sudden Break,BRAKING,harsh,215,2.7906130493164056,-0.8663589721679682,-9.707974688720702,0.6068685854682548,0.298770977098208,0.016334255449473298,4.396512411531002,-4.728053117631854,-2.0490354871721097,-17.224294638032905,-13.843203744900476,7.622157067685243,39.068582690429686,-12.129025610351562,-135.91164564208984,-0.07422025146484375,-3.4548329956054684,-10.536881506347656,6.193799694824218,1.419761584472656,-8.930372192382812,0.6068685854682557,0.298770977098208,0.016334255449473298,1.4879963317871092,-0.201112939453125,-9.677363110351562,2.4395384427555697,1.7117074523878608,0.40023034143300884,4.355337372291827,1.0338075463041065,10.138188773963165,0
Yuksel_Atmaca_2020_DrivingBehaviorDataset,,Sudden Break,BRAKING,harsh,216,2.679453686523437,-0.927240100097656,-9.649145733642579,0.5414230096051323,0.3376174540088721,0.025382654301820184,4.492411615212977,-6.028866732390313,5.188339918874816,-16.234293150515413,-10.57318698479028,9.13728004287725,37.51235161132812,-12.981361401367186,-135.0880402709961,-0.07422025146484375,-4.228160131835938,-10.536881506347656,6.050147595214844,1.419761584472656,-8.566453540039062,0.5414230096051323,0.3376174540088721,0.025382654301822145,1.4879963317871092,-0.201112939453125,-9.677363110351562,2.3042452033462446,1.8195868227034697,0.49891763529561134,4.8404413918681435,1.025538788703777,10.057099962241894,0
Yuksel_Atmaca_2020_DrivingBehaviorDataset,,Sudden Break,BRAKING,harsh,217,2.595656628417968,-0.9099676452636715,-9.573899395751951,0.4961535877777977,0.33219678106846684,0.01879464297283055,4.7054659693855445,-6.285948785045222,9.89253560090542,-14.865123598894636,-9.677869297545838,13.436957152646375,36.33919279785156,-12.739547033691405,-134.03459154052734,-0.07422025146484375,-4.228160131835938,-10.237606298828124,6.050147595214844,1.419761584472656,-8.566453540039062,0.4961535877777977,0.33219678106846684,0.01879464297283153,1.4879963317871092,-0.201112939453125,-9.636661682128906,2.2058115471592634,1.8049203758241203,0.42931630007433813,4.894778480158109,1.015757250297248,9.961175838627506,0
Yuksel_Atmaca_2020_DrivingBehaviorDataset,,Sudden Break,BRAKING,harsh,218,2.5212653625488275,-0.892695190429687,-9.571676208496093,0.462281588059549,0.3279821437927389,0.018659994180386594,5.225174981184426,-6.6030394152171175,9.90069363373739,-12.707032627992959,-8.767858681966366,13.801206121767574,35.29771507568359,-12.497732666015624,-134.0034669189453,-0.07422025146484375,-4.228160131835938,-10.237606298828124,6.050147595214844,1.419761584472656,-8.566453540039062,0.462281588059549,0.3279821437927389,0.018659994180385615,1.4879963317871092,-0.201112939453125,-9.636661682128906,2.129186167422703,1.7934341611626186,0.42777567945020184,4.958710396923374,1.0134289876415965,9.938343381655462,0
Yuksel_Atmaca_2020_DrivingBehaviorDataset,,Sudden Break,BRAKING,harsh,219,2.521607391357422,-0.8928662048339837,-9.595276196289063,0.4623195113258861,0.3279817487587148,0.020139425506498748,5.21935266341326,-6.599778538053953,9.686161597595834,-12.715558658484001,-8.771222617964371,10.456426036721716,35.3025034790039,-12.50012686767578,-134.33386674804686,-0.07422025146484375,-4.228160131835938,-10.237606298828124,6.050147595214844,1.419761584472656,-8.566453540039062,0.46231951132588706,0.3279817487587148,0.02013942550649973,1.4879963317871092,-0.201112939453125,-9.636661682128906,2.1292734995166804,1.79343308112253,0.4444100551780076,4.963190265116541,1.0157573275392984,9.96117659611326,0
Yuksel_Atmaca_2020_DrivingBehaviorDataset,,Sudden Break,BRAKING,harsh,220,2.5063871093749994,-0.9291212585449216,-9.61237763671875,0.4671498813908824,0.3199461015250816,0.020496561957781084,5.261406038122689,-6.3893407621115115,10.635189088989165,-12.879344846667221,-8.310791754258405,10.944471075086156,35.089419531249995,-13.007697619628905,-134.5732869140625,-0.07422025146484375,-4.228160131835938,-10.237606298828124,6.050147595214844,1.419761584472656,-8.566453540039062,0.4671498813908834,0.3199461015250816,0.020496561957781084,1.4413093994140624,-0.2765302917480469,-9.72285294189453,2.1403680488042025,1.7713270269831436,0.44833314546581843,4.9533678527341705,1.0173837308032003,9.977126163681202,0
jair_jr_driverBehaviorDataset_2016,DRIVER1,Non-aggressive event,NON_AGGRESSIVE,baseline,0,0.0637043567249136,0.2450510396943035,9.786005616191453,3.96469020192304,2.902158275020282,0.0222260637814389,-0.600779931101535,-0.1823779458829031,-0.524674390498155,0.6749445333601143,-0.8038335447750735,1.4900840911326547,14.588297690005216,56.11668808999551,2240.9952861078427,-0.7885183010677377,-1.3586503165533883,8.957822831253175,0.6625245578554306,1.5548192390322768,10.43235544101498,0.0637906142874685,0.5057725868644786,0.0473081574903092,0.107411841953402,0.2864504760853563,9.794339647885508,0.2525680389270751,0.7111769026511466,0.217504384990991,1.9960030620602711,9.789280575060236,9.789280575060236,0
jair_jr_driverBehaviorDataset_2016,DRIVER1,Aggressive right turn,TURN,harsh,1,0.156143416189615,-0.5800365777733022,10.23790806170006,14.410856743357687,-3.181401182439404,0.1348307314329781,0.0163069996763635,0.7616886433804254,1.2227513064458384,-1.0337206423453813,-0.2638550504319936,2.404388373389147,31.69711348649186,-117.74742528798036,2078.2953365251124,-4.506628493746269,-3.675016393100208,7.483075293565158,5.863539048462243,4.048929488721967,16.043974224870478,5.063221835300434,3.405239318961456,1.9054617330971908,0.0148183070752079,-1.037139976966305,10.009741878056955,2.2501604021270203,1.8453290543860883,1.3803846323026023,9.365473615315022,10.255514842161626,10.255514842161626,1
jair_jr_driverBehaviorDataset_2016,DRIVER1,Non-aggressive event,NON_AGGRESSIVE,baseline,2,0.3502852799042049,0.3710371308499392,9.661621829456188,1.1076876623364895,1.1417485872103552,0.0250132736759593,0.0472533741100829,0.1766185166444409,-0.7013630284219243,0.5884692354248826,-0.1786621667970505,0.886064939698433,62.70106510285268,66.41564642213912,1729.4303074726577,-0.8710684177341363,-0.5599959255890603,8.929857219063773,1.4398478407228956,1.552120485240947,10.4066133584021,0.1505491859346864,0.1794633257905164,0.0584038045307436,0.337631907854143,0.3650548399470412,9.703499810929372,0.3880066828479717,0.4236311199505018,0.2416687909738111,1.8551752270218387,9.675086806081445,9.675086806081445,0
jair_jr_driverBehaviorDataset_2016,DRIVER1,Aggressive right turn,TURN,harsh,3,0.7054580615705376,-0.9165396229865538,10.60474033711978,3.1377689195186256,-1.530017388344139,0.1242066852180744,-0.2851033105393504,0.8568768720961103,0.8828819094061358,-0.757794274193047,1.0313750028261277,1.5098004726117482,107.93508342029224,-140.23056231694272,1622.5252715793265,-4.327481759592036,-3.896998181585843,7.841184075156317,5.466981614932941,3.409653195916185,15.04076559476131,4.899867262721986,1.9665057584143788,1.734962216865268,0.8949082449010808,-1.1494750399985083,10.458825645045476,2.2135643796198896,1.4023215602758088,1.317179644872053,7.982778190342207,10.667625489061498,10.667625489061498,1
jair_jr_driverBehaviorDataset_2016,DRIVER1,Aggressive left turn,TURN,harsh,4,0.7962199839064253,-0.4680822031581669,10.206823488303332,2.2015569398142407,-4.479505370494191,0.1488417955303073,0.0301541247838349,-0.3015125673875735,1.8480002928024013,-0.2413176919298059,-0.7428410037132807,5.234130612745188,182.3343763145714,-107.1908245232202,2337.362578821463,-4.514579714300311,-4.849697265572949,7.768515095068736,5.200071174511425,4.738707268589678,17.609011281463882,3.072741256777231,4.396472709481461,2.307974518274635,0.6586170185007632,0.0040738467466781,9.869287503990314,1.7529236311879737,2.096776742879761,1.519201934659983,10.493218484468528,10.248527354360037,10.248527354360037,1
jair_jr_driverBehaviorDataset_2016,DRIVER1,Aggressive left turn,TURN,harsh,5,0.577073455386502,-0.3583170561617353,10.551485713275753,3.80432688440726,-5.896411630899941,0.1642437428154387,0.0543047788838033,-0.476128518373124,1.5316315647579513,-0.8339121169565056,0.1436040380771324,4.187763179766337,106.18151579111635,-65.9303383337593,1941.4733712427385,-4.104983198454448,-5.40349054126759,6.231253400149804,5.217828447516873,4.652557072423974,18.505242295064026,4.819676047476048,4.463859854089254,3.0033427433849536,0.3333977266226107,-0.0612043111114282,10.272725797529468,2.195376060604663,2.112784857501884,1.733015505812038,10.518444455666044,10.573327557732734,10.573327557732734,1
jair_jr_driverBehaviorDataset_2016,DRIVER1,Non-aggressive event,NON_AGGRESSIVE,baseline,6,0.0030895090908052,-0.2843790929992568,9.93531646083922,180.6008212427472,-1.7220592726553965,0.024484298900084,0.2743926691258248,0.0633190955003692,-0.1188970514992925,-0.7588088011576093,-0.7904835392545371,-0.3617056907634945,0.6271703454334627,-57.728955878849135,2016.8692415503613,-0.9499775274246643,-1.2291812990350053,9.261254073488212,1.42995668260534,0.9214030529174266,10.47623148229064,0.3113281540363325,0.2398233806869637,0.0591750665511944,-0.0295323166811982,-0.2600575663707261,9.91375466245831,0.5579678790363586,0.4897176540487015,0.2432592578941127,1.9860061974490761,9.939386006722158,9.939386006722158,0
jair_jr_driverBehaviorDataset_2016,DRIVER1,Aggressive left turn,TURN,harsh,7,1.0060955479844291,-0.225018047180756,10.52639625671741,2.089081843364829,-9.645614251370178,0.1518486180015842,-0.0552192374300333,-0.3664936001056368,2.3005013039582325,-0.1207209003019933,-0.127749286902187,9.150456867734896,179.08500754122838,-40.053212398174566,1873.698533695699,-5.719174120112115,-5.713241802656484,7.374983790986718,5.359229540260426,4.508885261427999,18.98840220448057,4.4176302539800165,4.710797998143654,2.554942417616092,0.9007995030160204,-0.078469160961224,10.38504370261306,2.101815941984458,2.170437282702187,1.5984187241195882,12.122516106764577,10.576761296666643,10.576761296666643,1
jair_jr_driverBehaviorDataset_2016,DRIVER1,Aggressive right turn,TURN,harsh,8,0.5738060547821427,-0.3371354950139004,10.632052542883384,4.4429302042872685,-4.915570586949102,0.1488376791668458,-0.1199313066866836,0.2602521494237418,1.6196334960092438,-1.3373430941110998,-0.0731481192144034,4.549270284365854,87.79232638166783,-51.58173073712676,1626.7040390611576,-4.371912340355234,-4.522856162614374,7.637658050667479,5.436346532771925,4.11842709469024,17.656499017104856,6.499339670279277,2.7463559982828643,2.5041480824539954,0.6167767285445958,-0.5263822586155555,10.471797422114856,2.549380252194497,1.6572133231068549,1.5824500252627238,9.677552206212775,10.652861352948134,10.652861352948134,1
jair_jr_driverBehaviorDataset_2016,DRIVER1,Aggressive left turn,TURN,harsh,9,0.7733665102413941,-0.3244363707070711,10.470098852395576,2.256443360263398,-5.39831937831323,0.1759542303479516,-0.0109305638411585,-0.7435910248034135,1.836107601197952,-0.8284566118686048,1.3711029493480105,5.835803867241255,149.25973647658907,-62.61621954646473,2020.7290785123464,-3.111356919893637,-6.21063229179086,6.340190787754006,4.312341061666714,4.586252179014039,20.11303863949564,3.045226470856516,3.067441005897494,3.393915221084648,0.7231750387204308,-0.0346954084677371,10.145011505761632,1.745057727084269,1.7514111470175968,1.842258185240236,11.94674291544189,10.503633880554657,10.503633880554657,1
jair_jr_driverBehaviorDataset_2016,DRIVER1,Aggressive right turn,TURN,harsh,10,0.6021432468835669,-0.582230457893222,10.519713074156291,4.265490502375972,-3.506050798457314,0.1485447148690834,-0.1348304457883077,0.5168538526878276,1.1761021410555184,-0.7921454535982799,0.2663523504358398,2.897927145242381,101.7622087233228,-98.39694738395453,1777.8315095324133,-5.009741406240096,-5.234294387925431,7.099706615422747,6.586443112965725,5.017486381564595,17.00692157618536,6.596865030505311,4.167026379807945,2.4418680815421503,0.4027937557932244,-0.7687434289597661,10.39721809023727,2.5684363006516846,2.0413295617826988,1.5626477791051157,10.452394353357349,10.553005825756037,10.553005825756037,1
jair_jr_driverBehaviorDataset_2016,DRIVER1,Aggressive right turn,TURN,harsh,11,0.8952915616056802,-0.7685576523813586,10.680184730801756,2.5316232529476688,-1.9359102029432915,0.1372818488033009,-0.5475605144842857,1.2368046232478462,1.015285957352061,-0.3276991734116343,2.619734866923599,3.1598961565464814,145.93252454172588,-125.27489733816144,1740.8701111206865,-5.337771730853532,-4.8413515468493244,6.767658831608886,5.148696456586293,5.206724633432685,16.497512276600748,5.137207812427634,2.213723215960296,2.1497292600705555,1.2706386966370653,-0.9840212160654448,10.647853164180376,2.2665409355287705,1.4878586007952157,1.4661955054052498,10.411358037166782,10.74516513271747,10.74516513271747,1
jair_jr_driverBehaviorDataset_2016,DRIVER1,Aggressive left turn,TURN,harsh,12,0.730084737012251,-0.1920906569173286,10.580948047622485,2.9491668011384804,-10.068463509535594,0.156609607951476,0.1803872604415827,-0.3280395779594679,1.3411730860476958,-1.031663201685166,0.1269494267609263,3.05226716438767,130.68516792519293,-34.38422758820183,1893.9897005244245,-3.796818946537428,-5.112273505621836,6.871781686907512,4.740658101836605,4.24075540053326,17.278724491375,4.636019044262556,3.740579456516997,2.745907913987702,0.2122317267953022,-0.4150230936686299,10.32648758434673,2.153141668414449,1.9340577696948449,1.6570781254930926,9.463681393374767,10.607845404707746,10.607845404707746,1
jair_jr_driverBehaviorDataset_2016,DRIVER1,Aggressive right lane change,LANE_CHANGE,excluded,13,0.4233735905605703,-0.8738920566367391,9.762858069929775,5.015358024435392,-2.7158824193935747,0.0949909078970682,-0.0085622068926727,0.2744370447670601,0.1711774708370123,-0.9428020691436668,-0.9928731338001257,-0.538547111744943,47.41784214278388,-97.87591034331476,1093.4401038321348,-3.4268900255329413,-5.4279217390194745,7.767456918075679,4.934465864331697,3.782550108962973,12.036416057965509,4.508700729156642,5.63297094537865,0.8600387682115906,0.8015909524485236,-1.3942319561347247,9.68413334355727,2.12337013475198,2.3733880730674137,0.9273827517328488,6.870332820832888,9.811031047623377,9.811031047623377,1
jair_jr_driverBehaviorDataset_2016,DRIVER1,Aggressive right lane change,LANE_CHANGE,excluded,14,-0.7731900386279021,0.1537259758384704,9.737854650170371,-4.86489904282038,6.034097425627556,0.0893991754581404,-0.00617118644278,-0.2790270892615709,0.6581714371499727,-1.322235889180319,-0.5620888755198621,0.221810415049878,-74.9994337469065,14.911419656331628,944.5719010665262,-6.8216298419378845,-2.0154090270534937,7.882959681268463,5.301042716453738,2.081485368006355,12.172247377241565,14.148818145379408,0.8604371499436283,0.7578680563664744,-0.8470394435763682,0.1198259635882195,9.683042270385052,3.761491478839133,0.927597515058998,0.8705561764564503,6.894034970414274,9.76971175108691,9.76971175108691,1
jair_jr_driverBehaviorDataset_2016,DRIVER1,Aggressive right lane change,LANE_CHANGE,excluded,15,-0.4671992535722291,0.1353923388037943,9.77646410745456,-6.706502435327153,5.300061413559779,0.0889099348987446,-0.0102095245113119,-0.5421734532684431,0.1537633782872973,-0.8422799557725367,-0.0461700030051219,0.9875379907907712,-49.99032013222852,14.48698025200599,1046.081659497638,-5.848846475666369,-1.811402676576208,7.521627689020477,5.683641254668407,1.534404395047325,12.776966651476826,9.81739926555904,0.5149321223834865,0.7555517309153131,-0.2075408504867226,0.2264762181967157,9.78750533777427,3.133272931865183,0.7175877105856026,0.8692247873336983,7.11518554265498,9.788557435715054,9.788557435715054,1
jair_jr_driverBehaviorDataset_2016,DRIVER2,Aggressive right turn,TURN,harsh,0,0.964063998350662,-1.02819571161674,11.09207329354644,2.7763424508240657,-2.0587298557479103,0.1554012281869841,0.0596963618618846,0.313947939178315,0.317699252558703,-0.0763624686196888,-0.4499693551179868,0.3077786963392341,147.50179174765128,-157.31394387736125,1697.0872139126056,-5.144206144912438,-5.733911884357411,6.988821523765278,8.099578420012648,3.88876921883076,16.594407642793,7.16403662160447,4.480745752784628,2.9712168884643293,0.9186706077118564,-1.1924110507389545,11.037282187297308,2.676571803932125,2.116777209057351,1.7237218129571632,10.26488156190296,11.181265391882489,11.181265391882489,1
jair_jr_driverBehaviorDataset_2016,DRIVER2,Non-aggressive event,NON_AGGRESSIVE,baseline,1,0.0756462140951804,-0.2413435328623852,9.880549072755771,13.08261082301449,-1.7946738585276476,0.1069928944785121,0.0889843467320684,-0.6478147925384377,-0.5870706377923368,0.1398952530508812,1.891502205649334,3.674625166532288,15.43182767541682,-49.23408070392658,2015.632010842177,-2.4715933858031747,-2.153337744884343,5.587080321940147,3.178529652649708,0.9600304336115286,13.196025279592655,0.9794070814130568,0.1876041344897644,1.117563044781404,0.0807308510601418,-0.1624309939780905,9.944765095333636,0.9896499792416796,0.4331329293528309,1.057148544331119,5.631827537690738,9.883785662877173,9.883785662877173,0
jair_jr_driverBehaviorDataset_2016,DRIVER2,Aggressive right turn,TURN,harsh,2,-0.4671441655688774,0.3452481977647599,10.595725050196052,-4.287758556588921,7.088520648417876,0.2168726479149949,0.323972579157776,-0.4429867645940786,0.286671722558818,-0.0074554493498935,-0.5843110738688511,0.1690068469695234,-78.4802198155714,58.00169722447967,1780.081808432937,-5.744524220377485,-6.022038217838791,4.340465646172163,5.318326728874927,4.754891752178239,17.637485856038936,4.012014580674594,5.989272291070487,5.280449875934317,-0.7736072499849984,0.7551213565468311,10.548243676916409,2.003001393078545,2.447298978684559,2.2979229482152608,11.11757190287029,10.611635563325617,10.611635563325617,1
jair_jr_driverBehaviorDataset_2016,DRIVER2,Aggressive right turn,TURN,harsh,3,1.1402639992654475,0.2946176089289645,10.94251709161111,2.455799545913049,8.093722644077754,0.2336763491813239,-0.4738322020720853,-0.2567906104023811,0.0687946232060692,0.2537544448815416,-0.1450108856296088,0.3716852594462976,185.863031880268,48.02267025542122,1783.630285932611,-7.114689464336228,-6.257247276406289,3.904299938224757,7.9204695991364815,7.800699783544609,17.80795678973734,7.841455012557746,5.686094024352434,6.53828707287474,1.4301995813147,0.5182511798622116,10.711902875414586,2.800259811617084,2.384553212732405,2.557007444821924,13.191740862999618,11.005711327475073,11.005711327475073,1
jair_jr_driverBehaviorDataset_2016,DRIVER2,Aggressive right turn,TURN,harsh,4,0.5995787946118846,-0.4797786175787694,11.088283062032904,4.59955858704827,-3.3159571397746213,0.1759637963263781,0.6676439141761313,-0.3944319903881487,1.1653901880357316,-0.3726324613491516,1.0010545214274489,3.584473474055666,109.72291941397488,-87.79948701691481,2029.1558003520213,-4.081699055586192,-5.662707861355983,5.967488976043246,9.259089257541168,4.371536652271331,19.634563838582544,7.605448669111721,2.531043413499611,3.806933182478284,-0.2224116145907544,-0.3951741561589976,10.974539859640052,2.757797793369144,1.5909253324715182,1.9511363823367869,13.224552624387892,11.114841587562093,11.114841587562093,1
jair_jr_driverBehaviorDataset_2016,DRIVER2,Non-aggressive event,NON_AGGRESSIVE,baseline,5,-0.0538704783916487,-0.3709376172059874,9.681770892415418,-15.101596278298262,-3.230374839081805,0.1341109230481056,0.1530488186375498,-0.0245721703916627,0.5452073493326122,0.385554319069648,0.3789194123526482,0.6782661820816922,-10.989577591896335,-75.67127391002143,1975.0812620527447,-2.620381734433991,-3.9361877788790736,6.681649648267381,2.448067958387213,3.166143438818068,14.32067686704182,0.661831412327872,1.4358451105774563,1.6859236619532856,-0.0792899371881401,-0.3073817505543698,9.643468962642377,0.813530215989469,1.1982675454911798,1.298431231122113,6.388852587446868,9.689023911495061,9.689023911495061,1
jair_jr_driverBehaviorDataset_2016,DRIVER2,Non-aggressive event,NON_AGGRESSIVE,baseline,6,-0.3620497927311618,0.2620491485118119,9.75611871994111,-2.2922197155400093,3.4473356516573865,0.0696180956896977,0.3629177833131685,0.2275632030778019,-0.1001884332559662,-0.1690564066422779,-0.0179640865293086,-0.5595987874371606,-64.80691289887797,46.906797583614335,1746.3452508694586,-2.3094361235969565,-2.0698165787499434,8.078745167335121,1.6745071637777365,2.5991267808063485,11.191985639521777,0.6887301474940357,0.8160798360223968,0.4613159091379032,-0.4608514878957486,0.2127215417447985,9.782252029338393,0.8298976729055431,0.9033713721512304,0.6792024066049113,3.524638723537245,9.766350510105493,9.766350510105493,0
jair_jr_driverBehaviorDataset_2016,DRIVER2,Aggressive right turn,TURN,harsh,7,0.0261209887192259,0.1237071936725836,10.365433408836315,96.3310910379504,17.64626606218348,0.2140616783293961,-0.1381487113310779,-0.4855345840786257,-0.0070707445616945,-0.6090093259355718,-0.0252845706071953,-0.0438496214806103,5.981706416702735,28.32894735102165,2373.6842506235166,-6.839420111282287,-6.727995238719757,4.050544724219769,6.419092269992561,4.75329473531621,16.412992489230987,6.331581207868328,4.765358253833693,4.923260140952513,0.2322846674333298,0.0869220066439027,10.27558154737642,2.516263342313028,2.1829700533524714,2.2188420721070963,11.574078793448711,10.366204490016491,10.366204490016491,1
jair_jr_driverBehaviorDataset_2016,DRIVER2,Aggressive right turn,TURN,harsh,8,0.3830633576262538,-0.2805878737238355,10.957346747135391,7.229436226872396,-7.214465152589332,0.2028708254415248,0.5722932036728051,0.0113750429608184,1.0876979742426247,-0.3025536489088445,0.3944153271296957,3.621360870087506,80.06024174388705,-58.642865608281625,2290.085470151297,-4.841256797130242,-7.542872555386168,4.549227677992301,8.805149117788678,4.025871537365314,21.36731469001445,7.669200362121438,4.09775582280119,4.941399909181735,0.0529432845624814,-0.5945949666374446,10.941003501579496,2.769332114810616,2.024291437219748,2.222925979240365,15.232850682679448,10.967630319617601,10.967630319617601,1
jair_jr_driverBehaviorDataset_2016,DRIVER2,Non-aggressive event,NON_AGGRESSIVE,baseline,9,-0.1609471672277004,-0.9250915721426174,9.691167417808687,-4.68159725318518,-0.9244457662670856,0.0494803045129711,-0.6130177090234311,1.1382768014434916,0.5278672045767515,-0.6635359457929906,1.6346397499360554,2.9026800719970085,-20.44029023791795,-117.4866296621124,1230.7782620617036,-1.99651195420978,-2.194596287302716,7.806565070177958,1.022525917369114,2.163142359325674,11.421855198914413,0.5677469028174288,0.7313618870469814,0.2299412668879281,0.0889210534568381,-1.1111034707297944,9.596681788374646,0.753489816001138,0.8551969872766048,0.4795219149193582,4.0568723065159356,9.736550946176198,9.736550946176198,0
jair_jr_driverBehaviorDataset_2016,DRIVER2,Aggressive left turn,TURN,harsh,10,0.039580265581767,0.2454724408862955,10.315631027098105,60.01252172212925,5.149217696240745,0.1449780744022039,-0.54774475351413,-0.1842358122070734,0.8721392193406818,-0.4206581223505234,-0.3910999546231131,1.3736503209153872,8.074374178680472,50.07637794080429,2104.3887295280133,-6.396567535267274,-3.2566711651337616,6.561686802938425,4.58026077109322,2.9292999606191543,15.84297956445894,5.642104950030984,1.5976733404815833,2.236640856379876,0.3701595762242351,0.2234519357373852,10.09231017020159,2.375311547993438,1.263991036551123,1.4955403225523127,9.178267276835323,10.318627176319886,10.318627176319886,1
jair_jr_driverBehaviorDataset_2016,DRIVER2,Aggressive left turn,TURN,harsh,11,-0.1732630229914117,-0.5336049745701943,10.164710083866186,-7.398807564583374,-5.482247212228237,0.1281123556821866,0.0022563900809992,-0.1459263709539978,0.542199339460066,0.2690713946712786,-1.0731785012523574,0.2767134248084431,-25.642927402728937,-78.97353623638875,1504.3770924121957,-3.9214173747120142,-6.847316339375368,7.018296743638825,3.3912555913167424,5.234761921983138,13.96226092962269,1.643369561527808,8.557698273559327,1.695789829962328,-0.2028575530572289,-0.2233685235394384,9.994187708641295,1.2819397651714404,2.9253543842685668,1.3022249536705737,8.266377965499645,10.180181011802938,10.180181011802938,1
jair_jr_driverBehaviorDataset_2016,DRIVER2,Aggressive left turn,TURN,harsh,12,0.8955278706028228,-0.3264621143012395,10.466853202833024,2.298626120964207,-5.891530755669693,0.1533691343446376,0.4825652815461905,-0.0872803735926116,0.0598240283321549,-0.1163450444775642,-0.5562594368798917,-0.7355188248421203,150.44868226127423,-54.84563520260824,1758.431338075948,-3.7778068032144745,-4.846815989493994,6.812282444150711,6.185557017679269,3.938736424566685,14.23970011540459,4.237355371324333,3.699319794219092,2.576963095638812,0.5537651809629898,-0.3770361503662505,10.341647714975805,2.058483755419103,1.923361586966708,1.6052922150308997,7.915325726689288,10.510164777431246,10.510164777431246,1
jair_jr_driverBehaviorDataset_2016,DRIVER2,Non-aggressive event,NON_AGGRESSIVE,baseline,13,0.3980164100350425,0.1734929383163798,9.609396592972452,0.6264080942676052,0.6943114077965834,0.0051767842399463,1.4011010160311872,0.6634629886187239,-0.5421322144782019,1.7173966465771595,0.921121949951131,1.322635845207401,42.58775587374956,18.563744399852645,1028.2054354480524,0.0675260769970513,-0.1106785455166345,9.413080390945773,1.181798016312877,0.5400492030774053,9.714170842888418,0.0621608118959133,0.0145101601785073,0.0024746419152393,0.3284694013775935,0.1575282823204951,9.612593275061313,0.2493207008972847,0.1204581262452115,0.0497457728378937,0.8872525867830408,9.619200577144309,9.619200577144309,0
jair_jr_driverBehaviorDataset_2016,DRIVER2,Aggressive left turn,TURN,harsh,14,-0.0941939439151614,0.3471756375053645,10.306939964199245,-30.197449639803324,8.203160239005038,0.2807114086206206,0.3146046582101738,0.165746125109356,0.9364004107516404,-0.1357745378090249,-0.0667145363980332,1.4425236589192156,-14.882643138595512,54.85375072584759,1628.4965143434806,-6.3620766622111375,-7.716832114842674,3.933155862225149,8.083472488868992,8.733591085948476,21.64444008193587,8.090707374443548,8.110747351929255,8.37104390539983,-0.2167179115923935,0.0775931137465528,9.979413812915883,2.844416877752547,2.847937385535233,2.89327563591854,16.301690135671453,10.313215543561332,10.313215543561332,1
jair_jr_driverBehaviorDataset_2016,DRIVER2,Aggressive left turn,TURN,harsh,15,-0.3588274964719993,-0.1583503113011878,10.375355714126142,-7.341043557009351,-8.524888481836554,0.1518919712235998,0.068186233180594,-0.5958000727947387,1.479429111044261,-1.3236164630671885,-0.1720136433231616,3.4193470860207427,-58.488881924935896,-25.811100742093625,1691.1829814025612,-4.835943659935055,-4.078426994302326,6.889781716434285,4.610578014371274,2.5310591713678026,17.240319452254436,6.938842532908702,1.822280617850559,2.483565550349833,-0.318768744488032,0.1078073774638177,10.02331196560436,2.6341682810535665,1.3499187449067291,1.57593323156466,9.33754354515282,10.382766403418866,10.382766403418866,1
jair_jr_driverBehaviorDataset_2016,DRIVER2,Aggressive left turn,TURN,harsh,16,-0.1697085936138148,-0.6001630050634865,10.102867841075286,-7.953837018624083,-4.570296022172344,0.1346438765139274,-0.0848197813216528,-0.1721405510102295,0.7692513176320114,-0.7287935722754919,-0.4859337219456661,0.6468621360963698,-24.098620293161705,-85.22314671901509,1434.6072334326905,-3.035334134719676,-7.045496963090585,7.282356554897954,2.561677089852573,5.494314353160551,14.401337264101528,1.822053161905464,7.523624360497419,1.8503869525710543,-0.3014775508618346,-0.7605409710456861,9.8672748613133,1.3498344942641909,2.742922594696653,1.3602892900302694,8.260204534575829,10.122101325990885,10.122101325990885,1
jair_jr_driverBehaviorDataset_2016,DRIVER3,Non-aggressive event,NON_AGGRESSIVE,baseline,0,-0.3580572352482992,-0.302739457965508,9.647039094197895,-0.8457255245267536,-1.3227814177754351,0.0148083236689553,-0.6703081463555052,-0.880463786261515,0.7361545163743479,0.9622034303843968,0.8251025834201013,1.256782555776148,-65.88253128568707,-55.70406026565348,1775.0551933324127,-1.275146786065697,-1.478217377548564,9.319797494817834,0.3536140483622745,0.5281751677242799,10.209206108972364,0.0916988277850614,0.1603667134219144,0.0204079731219791,-0.3317269654095636,-0.2310284015204002,9.63151674407659,0.3028181430909671,0.4004581294241814,0.1428564773539483,1.5933716880082323,9.65842737965687,9.65842737965687,0
jair_jr_driverBehaviorDataset_2016,DRIVER3,Aggressive left lane change,LANE_CHANGE,excluded,1,-0.6534368151427777,0.1741661131988146,9.53749129881252,-5.56400903206883,12.395626619948631,0.1592774583530103,0.086569869982329,0.0163453510767851,0.3213215920436423,-1.1825178393000682,-0.8592642346532458,0.4612260340186469,-53.58181884170777,14.281621282302805,782.0742865026267,-7.063116323778566,-4.135810218107778,6.111172287404276,5.982948791900544,4.984513666863791,14.13527713806621,13.21852057202804,4.660841045303768,2.3076872111246955,-1.2009803173794058,0.3009971121923867,9.298116423999629,3.6357283413407058,2.158898109060214,1.5191073731388098,9.397908923588487,9.561435759408482,9.561435759408482,1
jair_jr_driverBehaviorDataset_2016,DRIVER3,Non-aggressive event,NON_AGGRESSIVE,baseline,2,-0.1671936672288524,-0.2449968389896385,9.860917644782669,-5.139531367073804,-2.968329812014429,0.0461240761050874,0.2400830732791617,0.5206938651919629,-1.504166493735322,-0.5117506241186991,-0.3960660190964336,4.641149077385502,-29.76047276673573,-43.60943734015567,1755.2433407713152,-1.651454428223989,-1.4064825521942268,7.70626724919462,2.3096492212155084,1.7170632996184914,10.87125512563119,0.7383915010824018,0.5288655397220311,0.2068664318566418,-0.0838868896192357,-0.2997292036421122,9.884791665498277,0.8592970970987868,0.7272314210222431,0.4548257159139552,3.824519448082346,9.86537753817169,9.86537753817169,0
jair_jr_driverBehaviorDataset_2016,DRIVER3,Aggressive left lane change,LANE_CHANGE,excluded,3,-0.6611974751332725,0.0954260312827825,9.624284715344668,-4.407631783051554,13.299803653489628,0.1333941575573783,0.4643580745475136,0.0116568719729564,0.4410075648167998,-0.459423867085952,0.6250820902505629,-0.2173104957975575,-77.36010459059288,11.164845660085554,1126.0413116953262,-5.808849389279029,-3.120748162141382,7.099484697265597,6.720462329499789,3.8224083435932,12.848586660402797,8.493231955775471,1.6107353247028418,1.648202398359322,-0.7806701786608521,0.2561932694190689,9.576862471680055,2.914315006270851,1.2691474794927664,1.283823351695755,8.875551907375437,9.647442381822552,9.647442381822552,1
jair_jr_driverBehaviorDataset_2016,DRIVER3,Aggressive left lane change,LANE_CHANGE,excluded,4,-0.6619652791107222,0.1891655997931889,9.72077995752393,-5.567540328667316,9.126574121944405,0.1496364288857974,-0.500023203634249,0.4649093100429805,-0.5539715248452072,0.0594302921199054,0.427798202328761,2.078104009482299,-80.75976405150811,23.07820317476905,1185.9351548179195,-11.192538309555886,-3.395289819778128,3.9818112650426087,6.603736919360257,5.822783111934456,13.927560053303468,13.583045785532754,2.980573900006372,2.115811118647795,-0.3539009494129606,0.1334942791952329,9.92939460345727,3.6855183876264617,1.72643386783461,1.4545827988285147,13.250146273755794,9.74512927761824,9.74512927761824,1
jair_jr_driverBehaviorDataset_2016,DRIVER3,Non-aggressive event,NON_AGGRESSIVE,baseline,5,-0.1148578320964309,0.0172789614003708,9.563752103769662,-8.962014122302023,48.745937250690936,0.1119386191420616,-0.2875884103859509,0.2568989875897831,-0.5184001811952479,1.6003958270429122,0.1512301463891909,2.4183688237120755,-23.43099774767191,3.524908125675646,1951.0054291690112,-4.0981386826133175,-2.117647604714554,5.157526740184527,3.061892193279877,2.60954443466828,13.181981364237616,1.059576890197882,0.709434197149296,1.1460841632647527,-0.1443105709564802,0.0064445700435442,9.584352581775953,1.0293575133052084,0.8422791681795864,1.070553204312963,6.480832398133159,9.564457391115274,9.564457391115274,1
jair_jr_driverBehaviorDataset_2016,DRIVER3,Aggressive left lane change,LANE_CHANGE,excluded,6,-0.4603355775463232,0.0128657053168867,9.609212823672523,-9.705957398229714,232.5044790789489,0.1900400375147078,-0.317693274929631,1.282482292619895,0.2241908919268689,-0.0635332928312206,5.856369317652385,1.4302660742429945,-49.25590679745659,1.3766304689068782,1028.18577213296,-14.46654147801146,-7.237260533722726,4.777686516234908,9.22535623649764,15.537562172754454,15.157262875762507,19.96300170070152,8.94807977371899,3.3347696426667213,0.0446129502317171,-0.0728332625450107,9.457993649262333,4.467997504554084,2.991334112686008,1.8261351654975384,21.6326342250034,9.620241445044957,9.620241445044957,1
jair_jr_driverBehaviorDataset_2016,DRIVER3,Non-aggressive event,NON_AGGRESSIVE,baseline,7,-0.0861290910253688,-0.0726422609992945,9.617495317294813,-8.762164713222932,-12.174528552457806,0.0787940653334736,-0.1096542145639096,0.8243697095580074,-0.2007985382500292,2.729957074943081,2.934643389601701,1.612857124664929,-17.570334569175234,-14.819021243856076,1961.9690447281416,-2.630696094316775,-2.292169310435744,6.780652387983233,3.247043674315943,3.811942383908296,12.15300127282944,0.5695378002151246,0.7821373246321534,0.5742631958136268,-0.0302325885684489,-0.0969939464337538,9.628431007927652,0.7546772821644524,0.884385280651003,0.757801554375304,5.852154846947403,9.618155295928196,9.618155295928196,0
jair_jr_driverBehaviorDataset_2016,DRIVER3,Aggressive braking,BRAKING,harsh,8,0.6654933749686367,-0.5504176207763635,10.3797002085183,4.490528472520854,-3.3765497920625163,0.135846495141809,-0.8720610589303918,0.5123931125708758,-0.7159633720309364,-0.6728509067923976,-0.9452797010114912,-0.2482210942020519,81.19019174617368,-67.15094973471635,1266.3234254392326,-6.156980777454766,-3.27391086429898,6.795163476768996,4.171290940884887,3.326906499407809,13.127441412904725,8.930635858504374,3.454068723732892,1.988229423045016,1.865476224582147,-0.9584536750714464,10.761703559401004,2.98841694857066,1.858512502979975,1.4100458939499154,8.627206933574005,10.415566110783566,10.415566110783566,1
jair_jr_driverBehaviorDataset_2016,DRIVER3,Aggressive braking,BRAKING,harsh,9,-0.6639129439120748,0.345507474194567,10.40461924177954,-3.580248902883645,3.824739048646356,0.1217831963306584,-0.0814883336710182,-0.4012385956063954,-0.2013420731048514,-1.028854971859419,-0.6041082866742609,-0.4018504288104214,-125.47954639938212,65.30091262277317,1966.473036696333,-5.191904856977132,-3.270253263193382,7.792053835053402,3.614158348339544,2.398811053607268,13.73876928148228,5.650003443048163,1.7462986286828994,1.605562146074177,-0.8543028622807292,0.4085964549571059,10.730496197045474,2.3769735890514565,1.3214759281511337,1.2671077878673846,6.685281816204055,10.431503121709131,10.431503121709131,1
jair_jr_driverBehaviorDataset_2016,DRIVER3,Aggressive braking,BRAKING,harsh,10,-0.0941148740140874,-0.0084783526357127,10.236687083094273,-25.697758450856643,-187.780547003716,0.1032819346087029,-0.3724208904525491,0.1766060967082421,-0.5797581302547963,-1.2926829322436306,-1.2401953277873303,-0.9882600458441178,-11.482014629718671,-1.0343590215569518,1248.8758241375012,-4.050921110864879,-2.7666516619160006,8.127168109568462,3.580766868274317,2.559480708613464,12.124810709273264,5.849342015195101,2.534685915725989,1.1178089544307095,0.5624187602934541,-0.3572077519023153,10.566839165692713,2.4185412990468245,1.5920696956245315,1.0572648459258964,5.264399861301655,10.23712322526027,10.23712322526027,0
jair_jr_driverBehaviorDataset_2016,DRIVER3,Aggressive braking,BRAKING,harsh,11,0.7220621590609427,-0.5250495742191302,10.352053470012684,3.5846141819801995,-2.7358613521800472,0.0895805910249504,-0.8101112966190137,0.2233288695549311,-1.2072059653447769,-0.2688555521911029,-0.4478262629617644,0.806436873243412,80.87096181482559,-58.80555231254258,1159.4299886414206,-5.158202966018331,-3.763139009337358,7.828752357507071,4.954103655302937,2.3774030601668343,11.935136411095698,6.699370685954931,2.063425485198373,0.859965166074835,1.3602017165441689,-0.5458790299539231,10.595856722989051,2.588314255641098,1.4364628380847078,0.927343068165625,7.171456590917909,10.390479385617255,10.390479385617255,1
jair_jr_driverBehaviorDataset_2016,DRIVER3,Aggressive braking,BRAKING,harsh,12,0.5364798347791556,-0.395019941231,9.713381232592894,2.682032234129624,-2.816046969299116,0.0842063568277576,0.1622490495393948,0.1838592566791861,-0.3898612106063543,-0.2420839512776624,0.3524703097619523,3.194630090714714,76.71661637341926,-56.487851596033,1389.013516260784,-2.9955295414708845,-3.455160280728741,6.5596744675191765,3.898613040479973,2.638427243162228,11.873866851954835,2.0703071925900365,1.2374219870900451,0.6690069428999095,0.3353404346126349,-0.3515545490692897,9.721870524593,1.43885620983823,1.1123947083162726,0.8179284460757612,5.637855575607739,9.736201843469694,9.736201843469694,0
jair_jr_driverBehaviorDataset_2016,DRIVER3,Aggressive braking,BRAKING,harsh,13,0.1576013482050926,0.0811228293030888,10.011649178650874,15.762426212724408,36.49350684080247,0.133466646388888,0.121959057931663,0.0451263074503968,0.034208496305085,-1.658150619395517,-1.7514520252739991,-1.378278620888211,16.07533751691945,8.274528588915057,1021.1882162223892,-3.131794753069549,-4.270641276521879,7.258463348015443,4.554319218118586,4.769733165984782,12.271839284255943,6.17114839489992,8.764302843031828,1.7854872040887535,0.2521145869537537,0.7908379558111491,9.645862966350109,2.484179622108659,2.960456526117522,1.3362212406965972,6.9924407137184055,10.013218182720824,10.013218182720824,1
jair_jr_driverBehaviorDataset_2016,DRIVER3,Aggressive acceleration,ACCELERATION,harsh,14,0.6603177891668074,0.1951764977632681,9.954875806204315,2.080343375156677,4.382827302455356,0.0569449559203035,0.241341921232835,-0.1591951641631303,0.0781992802916766,-0.2935063636301032,-0.1309281238508899,-0.1207903320158765,117.53656647169171,34.74141660186172,1771.9678935043685,-2.511844308199162,-2.169926710388552,8.514852876348696,4.133313312612458,2.5119846079372934,11.38053810831803,1.88701800205705,0.7317517307882694,0.3213528935578862,0.5488688221990969,0.2956609783033039,9.929072363930228,1.373687738191271,0.8554248831944681,0.5668799639764015,4.441742578042262,9.978660519574824,9.978660519574824,0
jair_jr_driverBehaviorDataset_2016,DRIVER3,Aggressive acceleration,ACCELERATION,harsh,15,-0.095921605750091,-0.0902175996522477,10.047594449343098,-10.250956767436744,-8.88305189479893,0.0872835946044354,-0.1622472518017503,-0.1945669920496514,0.1328200733996699,1.5312611839816892,0.0758706222748659,1.1252481990896657,-22.92526377427176,-21.562006316887217,2401.3750733930005,-3.6683322191989935,-2.343793449409844,7.585914903782966,3.605083917749696,2.06574561594708,13.505171040750746,0.9668557503505546,0.6422541726489329,0.7691117419053951,-0.0915715144837001,-0.0782345535380812,10.029056936580313,0.9832882336072952,0.8014076195351109,0.8769901606662387,5.543544162450294,10.048457313847083,10.048457313847083,0
jair_jr_driverBehaviorDataset_2016,DRIVER3,Aggressive acceleration,ACCELERATION,harsh,16,0.7418309963596896,0.3371074178371143,9.966102008177938,1.988054080254005,2.364432196921131,0.0577993642210186,-0.053105569179037,-0.5505904488059086,0.3011603592224903,-0.1514018786347164,0.8300925912820745,-0.4547176195762299,90.50338155588211,41.127104976127946,1215.8644449977085,-3.081130679597191,-2.5446233157742384,8.886164607920165,4.024157828014322,2.255907516461903,11.38602700240872,2.1750354505010865,0.6353168108668609,0.3318155837099446,0.5334523579539212,0.3780799216738675,9.914664600406224,1.4748001391717749,0.7970676325550178,0.5760343598345021,4.993555345254176,9.999357173125137,9.999357173125137,0
jair_jr_driverBehaviorDataset_2016,DRIVER3,Aggressive acceleration,ACCELERATION,harsh,17,0.1500512217763674,0.3034777936276804,9.810203251514448,10.546369604438617,6.921909036069506,0.1617706145878952,0.636277880376876,-0.2551614067903601,0.1861438973331792,3.1070350458666045,-0.4847745410225332,1.8439107724290047,21.30727349224417,43.093846695130615,1393.0488617150515,-5.04921392532105,-5.026521976768905,5.171659460330751,6.430313714022312,5.075305531032637,16.127576917517825,2.50429246470689,4.412712281128277,2.518577281701751,0.1093543617987571,0.6068465051964491,9.818807780800244,1.582495644451159,2.100645681957878,1.5870026092296603,10.380742004300648,9.816043091613155,9.816043091613155,1
jair_jr_driverBehaviorDataset_2016,DRIVER3,Aggressive acceleration,ACCELERATION,harsh,18,0.3011761544888296,0.2134674405333906,9.820603312559294,5.878707138706538,4.921218072554694,0.1169604121701544,-0.3207908682673693,0.1015127198367439,0.005741840325046,-0.3791335163363691,-0.5556732307741656,-0.0444236108112963,49.09171318167923,34.795192806942666,1600.758339947165,-4.09859326530524,-2.446164166908588,6.675399674766879,4.073876554506427,2.9379492648565204,12.49702105434558,3.134763766388754,1.1035919053546592,1.319332065156372,0.4595903494177733,0.1940836532318339,9.74997793930796,1.7705264094016655,1.0505198262549162,1.1486218111965192,6.05583009021924,9.827539104315543,9.827539104315543,1
jair_jr_driverBehaviorDataset_2016,DRIVER3,Aggressive acceleration,ACCELERATION,harsh,19,0.5205922943698652,0.2039064872327946,9.93794370936809,3.106872734192444,5.424067930530493,0.0928388448916682,0.0184160573423924,-0.8840658548649158,0.3151859253575074,-0.4655256871336206,0.9040884789508196,1.5651111081418598,79.65062103858938,31.19769254661757,1520.5053875333178,-4.049835818920723,-3.502474106369114,7.4324588603647825,3.955027200544297,2.4680199701636383,13.19843943705559,2.61602806359738,1.223241835764037,0.8512409770765526,0.4426346462408439,0.3744744781035365,9.879119753997804,1.6174140050084207,1.106002638226527,0.922627214576154,6.727325072690797,9.953658591847608,9.953658591847608,1
jair_jr_driverBehaviorDataset_2016,DRIVER3,Non-aggressive event,NON_AGGRESSIVE,baseline,20,0.0393548271555598,-0.3308978256068151,9.724553843064278,31.33053210534312,-5.012596218169163,0.088850703473621,-0.2808353662224632,0.0658502595537176,0.4718170642427439,-0.0322672354979296,0.2038717106974452,0.402956999856114,6.414836826356257,-53.936345573910856,1585.1022764194774,-3.3332375077367526,-5.275368261084692,7.6534297415909105,2.8688556806025645,3.5628171712999546,12.808575007967445,1.5203079283289451,2.751143671407985,0.7465538025864737,0.0588392259810675,-0.3711557685139759,9.679380915196102,1.2330076756974977,1.6586571892371205,0.864033449923366,6.733004789116064,9.730261539140043,9.730261539140043,1
jair_jr_driverBehaviorDataset_2016,DRIVER3,Non-aggressive event,NON_AGGRESSIVE,baseline,21,-0.6752171032355607,-0.0605421501698531,9.523113220265628,-2.8790795715993016,-23.90581232539236,0.2343982907474692,0.3910721018020918,-0.4582513416594625,-0.3453529172810431,0.2268390142850127,0.4034462615484759,1.205981083579295,-110.0603878273964,-9.868370477686057,1552.2674549032974,-5.3914414177112775,-5.139109322356035,1.0219920507487124,5.245966216655802,3.5711040892049235,15.886951374517178,3.7791506512422033,2.094704151210604,4.982723364387419,-0.8292125868472198,0.0735740727044813,9.58836637552196,1.94400376831996,1.4473092797362297,2.232201461424891,11.537821179450455,9.54721262434471,9.54721262434471,1
