numeroApolice,total_veiculos,pct_autonomos,motorista_licenciado,classe_risco,sinistralidade_rc_declarada,sinistralidade_rcfv_declarada,valor_pago_historico,valor_sinistro_historico,qt_cias_anteriores,tipo_sinistro_predominante,lmi_por_veiculo,premio_por_veiculo,qt_coberturas_ativas,agravo_aplicado,desconto_aplicado,referral_pendente,tempo_cotacao_emissao,parcelas_com_juros,apolice_anterior,_perfil_gerador
RCT-2024-000001,0.02054794520547945,0.18481848184818478,1.0,0.5,0.0,0.0,0.0,0.0,0.0,0.0,0.5573111495836621,0.05383884948439044,0.875,0.0,1.0,0.0,0.0898876404494382,0.0,1.0,alta_cobertura
RCT-2024-000002,0.18493150684931506,0.8501650165016501,0.0,0.75,1.0,1.0,0.06866602549299924,0.0748760045198442,0.3333333333333333,1.0,0.13665343937378605,0.36984872486447257,0.0,0.0,0.0,0.0,0.0898876404494382,0.0,0.0,alto_risco
RCT-2025-000003,0.34931506849315064,0.2669600293362669,1.0,0.0,1.0,1.0,0.0,0.0,0.0,0.0,0.5393928378232793,0.32181757891579427,0.875,0.0,1.0,0.0,0.06741573033707865,0.0,0.0,alta_cobertura
RCT-2026-000004,0.18493150684931506,0.36963696369636956,1.0,0.75,0.0,1.0,0.025775192855541296,0.02364476210291312,0.3333333333333333,0.0,0.31184956457007984,0.46266427096039536,0.5,1.0,0.0,1.0,0.9101123595505618,0.0,0.0,referral
RCT-2025-000005,0.02054794520547945,0.0,1.0,0.5,0.0,1.0,0.0,0.0,0.0,0.0,0.38636832294609513,0.26086698859418495,0.875,0.0,1.0,0.0,0.033707865168539325,0.0,1.0,alta_cobertura
RCT-2024-000006,0.26712328767123283,0.18481848184818478,1.0,0.25,0.0,1.0,0.0,0.0,0.0,0.0,0.5638233209757149,0.031066368547805978,0.875,0.0,1.0,0.0,0.0,0.0,1.0,alta_cobertura
RCT-2025-000007,0.3904109589041096,0.03696369636963696,1.0,0.0,0.0,0.0,0.0,0.0,0.0,0.0,0.9916429968871386,0.13345735936455783,0.75,0.0,1.0,0.0,0.02247191011235955,0.0,1.0,alta_cobertura
RCT-2026-000008,0.06164383561643835,0.18481848184818478,1.0,0.25,0.0,0.0,0.007858684247155929,0.007867204736759007,0.3333333333333333,0.0,0.1322511167701631,0.19788242443410825,0.375,0.0,0.0,1.0,0.9325842696629213,1.0,0.0,referral
RCT-2024-000009,0.26027397260273977,0.8113982129920309,0.0,0.75,0.0,1.0,0.22995563044071626,0.27332166727766444,0.3333333333333333,1.0,0.3110321173046211,0.9890280234072122,0.75,1.0,0.0,0.0,0.0,0.0,0.0,alto_risco
RCT-2025-000010,0.3082191780821918,0.20792079207920788,1.0,0.25,0.0,0.0,0.01152523965056781,0.010521047284737507,0.3333333333333333,1.0,0.6522336159852339,0.32403411704561585,0.875,0.0,0.0,0.0,0.0,0.0,0.0,alta_cobertura
RCT-2026-000011,0.0410958904109589,0.2464246424642464,0.0,0.25,0.0,1.0,0.0,0.0,0.0,0.0,0.4806525325110441,0.1339899646012,0.25,0.0,0.0,1.0,0.3707865168539326,1.0,0.0,referral
RCT-2025-000012,0.13013698630136986,0.3024302430243024,0.0,0.0,0.0,0.0,0.0,0.0,0.0,0.0,0.5284282491162484,0.1815412331799494,0.875,0.0,1.0,0.0,0.0898876404494382,0.0,0.0,alta_cobertura
RCT-2025-000013,0.0821917808219178,0.29570957095709566,1.0,0.5,1.0,0.0,0.0,0.0,0.0,0.0,0.26479282957023054,0.36572223663720477,0.5,0.0,0.0,1.0,0.6067415730337078,1.0,0.0,referral
RCT-2026-000014,0.3561643835616438,0.2419441944194419,1.0,0.0,0.0,0.0,0.0,0.0,0.0,0.0,0.5274888980173813,0.2566612759902716,0.75,0.0,1.0,0.0,0.10112359550561797,0.0,0.0,alta_cobertura
RCT-2026-000015,0.8493150684931506,0.9779371637951195,0.0,1.0,1.0,1.0,0.15434737388520173,0.16980832234170376,0.6666666666666666,0.3333333333333333,0.09496003855046697,0.44263739835364074,0.0,0.0,0.0,0.0,0.033707865168539325,0.0,0.0,alto_risco
RCT-2025-000016,0.15753424657534246,0.1706016755521706,1.0,0.0,0.0,0.0,0.01274322428534623,0.012470788722480126,0.3333333333333333,1.0,0.4417770544918753,0.17312120373066797,0.75,0.0,1.0,0.0,0.06741573033707865,0.0,0.0,alta_cobertura
RCT-2025-000017,0.02054794520547945,0.0,1.0,0.25,0.0,1.0,0.0,0.0,0.0,0.0,0.8132806330413812,0.2324865608213328,0.875,0.0,0.0,0.0,0.02247191011235955,0.0,1.0,alta_cobertura
RCT-2025-000018,0.10273972602739725,0.18481848184818478,1.0,0.25,0.0,0.0,0.0,0.0,0.0,0.0,0.3245439277458547,0.21384708410966796,0.875,0.0,0.0,0.0,0.10112359550561797,0.0,1.0,alta_cobertura
RCT-2025-000019,0.3835616438356164,0.13156569894277562,1.0,0.5,0.0,0.0,0.0,0.0,0.0,0.0,0.6709588962458087,0.2683257075334858,0.875,0.0,1.0,0.0,0.07865168539325842,0.0,0.0,alta_cobertura
RCT-2026-000020,0.6712328767123288,0.8344279972551709,0.0,1.0,1.0,1.0,0.5724684980851672,0.6075116944921003,1.0,0.3333333333333333,0.3841797890700889,0.5063995402896642,0.375,1.0,0.0,0.0,0.033707865168539325,1.0,0.0,alto_risco
RCT-2026-000021,0.6164383561643836,0.512722239965932,1.0,1.0,1.0,1.0,0.7174259080175116,0.8338882855896529,1.0,0.6666666666666666,0.2644689515976969,0.6822790174165181,0.5,1.0,0.0,0.0,0.0449438202247191,0.0,0.0,alto_risco
RCT-2024-000022,0.726027397260274,0.48832773185575434,0.0,0.75,0.0,1.0,0.4889898603111211,0.5378613040839432,1.0,1.0,0.07588671403469777,0.8533485930434368,0.625,1.0,0.0,0.0,0.02247191011235955,1.0,0.0,alto_risco
RCT-2026-000023,0.22602739726027396,0.5852585258525852,0.0,1.0,0.0,1.0,0.6495247559091534,0.6624424472786765,1.0,0.3333333333333333,0.293047276469658,0.5491471361383577,0.375,1.0,0.0,0.0,0.0449438202247191,1.0,1.0,alto_risco
RCT-2025-000024,0.6986301369863014,0.7815181518151815,0.0,1.0,1.0,1.0,0.45071624169083,0.43963096295648424,0.6666666666666666,0.3333333333333333,0.3389070933749768,0.6304191092349294,0.25,0.0,0.0,0.0,0.0898876404494382,1.0,1.0,alto_risco
RCT-2025-000025,0.0821917808219178,0.5174917491749175,1.0,0.5,1.0,0.0,0.0,0.0,0.0,0.0,0.41131175762979144,0.30933502701399657,0.375,0.0,0.0,1.0,0.7415730337078651,1.0,0.0,referral
RCT-2026-000026,0.23287671232876714,0.26973508161626975,1.0,0.75,0.0,0.0,0.0,0.0,0.0,0.0,0.09802803594845261,0.5337718388064003,0.375,0.0,0.0,1.0,0.9325842696629213,1.0,0.0,referral
RCT-2025-000027,0.1780821917808219,0.19119153294639807,1.0,0.0,0.0,0.0,0.0,0.0,0.0,0.0,0.6040821058159526,0.13553402065562276,1.0,0.0,1.0,0.0,0.033707865168539325,0.0,1.0,alta_cobertura
RCT-2026-000028,0.6438356164383562,0.9259977544146166,0.0,1.0,0.0,1.0,0.5140699950385227,0.5115295854427958,0.6666666666666666,0.3333333333333333,0.2880227704945568,0.46972004848376053,0.25,1.0,0.0,0.0,0.07865168539325842,0.0,1.0,alto_risco
RCT-2025-000029,0.3561643835616438,0.1411341134113411,1.0,0.5,0.0,0.0,0.0,0.0,0.0,0.0,0.7322381931921099,0.25039215848836677,0.875,0.0,1.0,0.0,0.056179775280898875,0.0,0.0,alta_cobertura
RCT-2025-000030,0.17123287671232876,0.23762376237623759,1.0,0.0,1.0,0.0,0.0,0.0,0.0,0.0,0.44405110749292176,0.017858906735807534,0.75,0.0,0.0,0.0,0.10112359550561797,0.0,1.0,alta_cobertura
RCT-2026-000031,0.02054794520547945,0.36963696369636956,1.0,0.25,1.0,1.0,0.0,0.0,0.0,0.0,0.47800395944792295,0.13490996141252792,0.125,1.0,0.0,1.0,0.449438202247191,0.0,0.0,referral
RCT-2025-000032,0.2054794520547945,0.3024302430243024,1.0,0.5,0.0,1.0,0.0,0.0,0.0,0.0,0.2259071129851289,0.5316821750553935,0.5,1.0,0.0,1.0,0.797752808988764,1.0,0.0,referral
RCT-2026-000033,0.7602739726027398,0.5058190029529268,0.0,0.75,1.0,1.0,0.5562293408848511,0.5429363927607207,0.6666666666666666,0.3333333333333333,0.28467093902625373,0.32001752503814446,0.375,0.0,0.0,0.0,0.033707865168539325,0.0,1.0,alto_risco
RCT-2025-000034,0.0958904109589041,0.4566103669190448,1.0,0.75,0.0,1.0,0.0,0.0,0.0,0.0,0.14307202806427155,0.17084010332191413,0.375,0.0,0.0,1.0,0.3146067415730337,1.0,0.0,referral
RCT-2024-000035,0.3287671232876712,0.10871675402834399,0.0,0.25,0.0,0.0,0.0,0.0,0.0,0.0,0.40131758198540124,0.10784398558616892,1.0,0.0,0.0,0.0,0.0,0.0,1.0,alta_cobertura
RCT-2025-000036,0.2534246575342466,0.4435643564356435,0.0,1.0,1.0,1.0,0.2955761016430917,0.33147654315070846,0.6666666666666666,0.3333333333333333,0.37243496969290957,0.5526004675082039,0.375,1.0,0.0,0.0,0.06741573033707865,1.0,0.0,alto_risco
RCT-2025-000037,0.34931506849315064,0.1232123212321232,1.0,0.0,0.0,0.0,0.0,0.0,0.0,0.0,0.47512497773834605,0.3483735790603814,0.75,0.0,1.0,0.0,0.033707865168539325,0.0,1.0,alta_cobertura
RCT-2026-000038,0.0273972602739726,0.0,1.0,0.25,0.0,0.0,0.0,0.0,0.0,0.0,0.777302220715293,0.01008698378138928,0.75,0.0,0.0,0.0,0.011235955056179775,0.0,1.0,alta_cobertura
RCT-2025-000039,0.02054794520547945,0.36963696369636956,0.0,0.5,0.0,0.0,0.0,0.0,0.0,0.0,0.25117881410744997,0.23526935724709797,0.375,0.0,0.0,1.0,0.2921348314606741,0.0,0.0,referral
RCT-2025-000040,0.2191780821917808,0.28514851485148507,1.0,0.25,1.0,1.0,0.0,0.0,0.0,0.0,0.35332944225097385,0.3903156330645445,0.125,1.0,0.0,1.0,0.6404494382022472,1.0,0.0,referral
RCT-2025-000041,0.34246575342465757,0.25107416402017557,1.0,0.5,0.0,0.0,0.0,0.0,0.0,0.0,0.8840303197379816,0.03312075195843345,0.75,0.0,0.0,1.0,0.0449438202247191,0.0,1.0,alta_cobertura
RCT-2024-000042,0.1095890410958904,0.29181865554976544,0.0,0.0,0.0,0.0,0.0,0.0,0.0,0.0,0.7756924404395994,0.046263683763043184,0.875,0.0,1.0,0.0,0.06741573033707865,0.0,1.0,alta_cobertura
RCT-2024-000043,0.06164383561643835,0.2772277227722772,1.0,0.0,0.0,1.0,0.0,0.0,0.0,0.0,0.9670160839231089,0.12678870119624142,1.0,0.0,1.0,0.0,0.033707865168539325,0.0,1.0,alta_cobertura
RCT-2025-000044,0.3356164383561644,0.0,1.0,0.5,0.0,0.0,0.0,0.0,0.0,0.0,0.9515532677993083,0.011090467878173305,1.0,0.0,1.0,0.0,0.011235955056179775,0.0,1.0,alta_cobertura
RCT-2025-000045,0.14383561643835616,0.23102310231023102,0.0,0.75,0.0,0.0,0.0,0.0,0.0,0.0,0.12424424549193436,0.22731972375467846,0.75,0.0,0.0,1.0,0.7865168539325842,1.0,0.0,referral
RCT-2024-000046,0.19863013698630136,0.10396039603960394,0.0,0.0,0.0,0.0,0.0,0.0,0.0,0.0,0.5182533017418874,0.34033254706518407,1.0,0.0,0.0,0.0,0.06741573033707865,0.0,0.0,alta_cobertura
RCT-2026-000047,0.7945205479452054,0.5497961560861968,0.0,1.0,0.0,1.0,0.39148442107661124,0.4829967666034753,0.6666666666666666,0.3333333333333333,0.13362558601069974,0.488175791012703,0.25,1.0,0.0,0.0,0.011235955056179775,0.0,0.0,alto_risco
RCT-2025-000048,0.23972602739726026,0.17509119332985928,0.0,0.75,1.0,1.0,0.009192910212857553,0.00833318761290543,0.3333333333333333,0.0,0.43230893490832667,0.3751123673646632,0.625,1.0,0.0,1.0,0.7191011235955056,0.0,0.0,referral
RCT-2025-000049,0.03424657534246575,0.2772277227722772,0.0,0.75,0.0,0.0,0.0,0.0,0.0,0.0,0.11434488848472207,0.5138448959312729,0.375,0.0,0.0,1.0,0.3370786516853932,0.0,0.0,referral
RCT-2025-000050,0.29452054794520544,0.3133878605251829,1.0,0.25,0.0,0.0,0.0,0.0,0.0,0.0,0.591164332503626,0.11172715474803163,0.75,0.0,1.0,0.0,0.07865168539325842,0.0,1.0,alta_cobertura
RCT-2025-000051,0.0684931506849315,0.5118050266565117,0.0,0.5,0.0,0.0,0.0,0.0,0.0,0.0,0.37973398606000996,0.5231733431685823,0.625,0.0,0.0,1.0,0.3820224719101123,1.0,0.0,referral
RCT-2025-000052,0.636986301369863,0.5544554455445544,0.0,1.0,1.0,1.0,0.6242532612055962,0.5957694093304451,1.0,1.0,0.19997142047385652,0.8533939699109314,0.375,1.0,0.0,0.0,0.0898876404494382,1.0,1.0,alto_risco
RCT-2025-000053,0.00684931506849315,0.2772277227722772,1.0,0.25,1.0,1.0,0.0,0.0,0.0,0.0,0.5030466500117982,0.46920391237520404,0.75,0.0,0.0,1.0,0.9887640449438202,0.0,0.0,referral
RCT-2025-000054,0.08904109589041095,0.1386138613861386,1.0,0.5,1.0,0.0,0.0,0.0,0.0,0.0,0.9225225103936604,0.19307402541685897,0.875,0.0,1.0,0.0,0.0449438202247191,0.0,1.0,alta_cobertura
RCT-2025-000055,0.1095890410958904,0.4669098488796247,1.0,0.25,1.0,0.0,0.0,0.0,0.0,0.0,0.33161161190942756,0.08225888766402129,0.375,0.0,0.0,1.0,0.9550561797752808,1.0,0.0,referral
RCT-2024-000056,0.821917808219178,0.49585446349512996,0.0,1.0,1.0,1.0,0.38294990705597015,0.4089440997525538,0.6666666666666666,0.3333333333333333,0.3279979329982642,0.9548775207868303,0.375,1.0,0.0,0.0,0.02247191011235955,1.0,1.0,alto_risco
RCT-2025-000057,0.11643835616438356,0.0,1.0,0.0,0.0,0.0,0.0,0.0,0.0,0.0,0.5148034044294117,0.3373601002006183,0.75,0.0,1.0,0.0,0.056179775280898875,0.0,1.0,alta_cobertura
RCT-2026-000058,0.23287671232876714,0.4795290339844795,0.0,0.75,0.0,1.0,0.0,0.0,0.0,0.0,0.34679992172814134,0.18290196972434458,0.5,1.0,0.0,1.0,0.2696629213483146,0.0,0.0,referral
RCT-2026-000059,0.17123287671232876,0.23762376237623759,1.0,0.75,0.0,0.0,0.0,0.0,0.0,0.0,0.27140941813793973,0.4043144494934117,0.375,0.0,0.0,1.0,0.2584269662921348,1.0,0.0,referral
RCT-2025-000060,0.04794520547945205,0.22178217821782176,0.0,0.75,1.0,1.0,0.0,0.0,0.0,0.0,0.27089009485022975,0.48654884652479774,0.5,0.0,0.0,1.0,0.4719101123595505,0.0,0.0,referral
RCT-2026-000061,0.10273972602739725,0.4312431243124312,1.0,0.25,0.0,1.0,0.0,0.0,0.0,0.0,0.3345596711942077,0.21796395348325914,0.25,0.0,0.0,1.0,0.4606741573033708,0.0,0.0,referral
RCT-2025-000062,0.22602739726027396,0.2464246424642464,1.0,0.25,0.0,0.0,0.0,0.0,0.0,0.0,0.22968214280156057,0.20783111170615026,0.75,1.0,0.0,1.0,0.696629213483146,1.0,0.0,referral
RCT-2025-000063,0.815068493150685,0.7726018503489692,0.0,0.75,1.0,1.0,0.2769467680782501,0.2689876086966836,0.6666666666666666,0.3333333333333333,0.11857279039989982,0.7363405351592489,0.375,1.0,0.0,0.0,0.033707865168539325,1.0,0.0,alto_risco
RCT-2026-000064,0.4383561643835616,0.5792818087778926,0.0,1.0,1.0,1.0,0.17585588101107572,0.19220298695205276,0.3333333333333333,1.0,0.3233700400480928,0.6422594597614493,0.25,1.0,0.0,0.0,0.0898876404494382,1.0,0.0,alto_risco
RCT-2026-000065,0.0136986301369863,0.22178217821782176,1.0,0.0,1.0,0.0,0.0,0.0,0.0,0.0,0.5853946896774572,0.34413529493054323,0.875,0.0,1.0,0.0,0.0449438202247191,0.0,0.0,alta_cobertura
RCT-2026-000066,0.5,0.6565919749869723,0.0,0.75,0.0,0.0,0.2971682655844148,0.35239280624713215,0.6666666666666666,0.3333333333333333,0.25353074471249076,0.6566504252030716,0.375,1.0,0.0,0.0,0.0,1.0,0.0,alto_risco
RCT-2026-000067,0.34931506849315064,0.9035570223689035,0.0,1.0,0.0,1.0,0.07815519709196819,0.08309786017673804,0.3333333333333333,0.3333333333333333,0.30207459638481093,0.5337262519811292,0.625,1.0,0.0,0.0,0.06741573033707865,1.0,1.0,alto_risco
RCT-2025-000068,0.45890410958904104,0.7445544554455444,0.0,0.75,1.0,1.0,0.6258848339906504,0.576208593364378,1.0,0.6666666666666666,0.3639530291373829,0.5194945551259784,0.875,0.0,0.0,0.0,0.0,1.0,0.0,alto_risco
RCT-2026-000069,0.4931506849315068,0.9758415841584157,0.0,0.75,1.0,1.0,0.4427238587281215,0.46159220945681223,1.0,0.3333333333333333,0.26693288895529144,0.46687051499892246,0.0,0.0,0.0,0.0,0.033707865168539325,0.0,0.0,alto_risco
RCT-2026-000070,0.1506849315068493,0.17742574257425742,0.0,0.25,0.0,0.0,0.0,0.0,0.0,0.0,0.14654244548782458,0.4267113789106359,0.5,0.0,0.0,1.0,0.7303370786516854,1.0,0.0,referral
RCT-2025-000071,0.10273972602739725,0.18481848184818478,1.0,0.5,0.0,0.0,0.0,0.0,0.0,0.0,0.37497219453859953,0.2245016711273325,0.875,0.0,1.0,0.0,0.07865168539325842,0.0,1.0,alta_cobertura
RCT-2026-000072,0.3904109589041096,0.8686468646864686,0.0,1.0,1.0,1.0,0.22363441477300539,0.23992409570426498,0.6666666666666666,0.6666666666666666,0.03224961464576548,0.7105261660125137,0.25,1.0,0.0,0.0,0.011235955056179775,1.0,1.0,alto_risco
RCT-2025-000073,0.3904109589041096,0.11089108910891088,1.0,0.5,0.0,0.0,0.0,0.0,0.0,0.0,0.6253843504333126,0.1756928460303266,1.0,0.0,1.0,0.0,0.06741573033707865,0.0,1.0,alta_cobertura
RCT-2026-000074,0.10273972602739725,0.308030803080308,1.0,0.0,0.0,0.0,0.0,0.0,0.0,0.0,0.8528064478810676,0.2912163336575197,0.875,0.0,1.0,0.0,0.033707865168539325,0.0,1.0,alta_cobertura
RCT-2025-000075,0.2191780821917808,0.5386138613861385,0.0,0.75,1.0,0.0,0.0,0.0,0.0,0.0,0.2860580314886537,0.28786978818592707,0.375,0.0,0.0,1.0,0.7415730337078651,0.0,0.0,referral
RCT-2025-000076,0.0136986301369863,0.22178217821782176,1.0,0.25,0.0,0.0,0.0,0.0,0.0,0.0,0.5858454668298362,0.280455753078051,1.0,0.0,1.0,0.0,0.056179775280898875,0.0,1.0,alta_cobertura
RCT-2024-000077,0.7191780821917808,0.616061606160616,0.0,0.75,1.0,1.0,0.22176801707542637,0.2693277263013706,0.3333333333333333,0.6666666666666666,0.20001447093549102,0.6948393102082735,0.5,1.0,0.0,0.0,0.056179775280898875,1.0,0.0,alto_risco
RCT-2026-000078,0.8287671232876712,0.8942829766847651,0.0,0.75,0.0,1.0,0.48314107946164453,0.5296971085111282,1.0,1.0,0.30484810308527555,0.570965065958094,0.375,1.0,0.0,0.0,0.02247191011235955,1.0,1.0,alto_risco
RCT-2025-000079,0.0,0.36963696369636956,0.0,0.5,1.0,0.0,0.0,0.0,0.0,0.0,0.2691262285530891,0.33151250427928175,0.625,0.0,0.0,1.0,0.9662921348314606,1.0,0.0,referral
RCT-2026-000080,0.18493150684931506,0.18481848184818478,1.0,0.0,0.0,0.0,0.0,0.0,0.0,0.0,0.23986538821289938,0.04568975664956232,0.875,0.0,1.0,0.0,0.011235955056179775,0.0,0.0,alta_cobertura
RCT-2025-000081,0.04794520547945205,0.4435643564356435,1.0,0.5,1.0,0.0,0.0,0.0,0.0,0.0,0.4198037250732245,0.13762806329017774,0.375,1.0,0.0,1.0,0.5393258426966292,1.0,0.0,referral
RCT-2025-000082,0.1780821917808219,0.22942983953567767,1.0,0.75,0.0,0.0,0.008301998034089972,0.007673070905904095,0.3333333333333333,0.0,0.3328800383323123,0.24417627665809738,0.5,1.0,0.0,1.0,0.5393258426966292,1.0,0.0,referral
RCT-2026-000083,0.9657534246575342,0.6699669966996699,0.0,0.75,1.0,1.0,0.1872264987921651,0.16795480919638966,0.3333333333333333,0.6666666666666666,0.34517925748239764,0.558650893249306,0.5,1.0,0.0,0.0,0.0,0.0,0.0,alto_risco
RCT-2026-000084,0.17123287671232876,0.4356435643564356,0.0,0.75,0.0,1.0,0.0,0.0,0.0,0.0,0.13226359731338644,0.21286389985172255,0.75,1.0,0.0,1.0,0.5393258426966292,0.0,0.0,referral
RCT-2025-000085,0.17123287671232876,0.3564356435643564,0.0,0.25,1.0,0.0,0.005713749145733095,0.005400516648379685,0.3333333333333333,0.0,0.5109448104472917,0.42462431550109564,0.75,1.0,0.0,1.0,0.19101123595505617,0.0,0.0,referral
RCT-2025-000086,0.9726027397260274,0.695937179924889,1.0,0.75,0.0,1.0,0.37698542759219095,0.3579715503505932,0.3333333333333333,1.0,0.03339569381887525,0.6083949821454877,0.25,1.0,0.0,0.0,0.06741573033707865,0.0,0.0,alto_risco
RCT-2025-000087,0.1506849315068493,0.5322772277227722,0.0,0.25,0.0,1.0,0.016581592345227717,0.02194847070209716,0.3333333333333333,0.0,0.45477223470399686,0.21362753222307124,0.25,0.0,0.0,1.0,0.4157303370786517,1.0,0.0,referral
RCT-2026-000088,0.3356164383561644,0.23457730388423456,0.0,0.25,0.0,0.0,0.0,0.0,0.0,0.0,0.9402914093384828,0.2561500149313523,0.875,0.0,0.0,0.0,0.056179775280898875,0.0,1.0,alta_cobertura
RCT-2025-000089,0.15753424657534246,0.5544554455445544,1.0,0.25,1.0,1.0,0.0,0.0,0.0,0.0,0.24198398739132504,0.3881428966632085,0.375,0.0,0.0,1.0,1.0,0.0,0.0,referral
RCT-2025-000090,0.17123287671232876,0.47524752475247517,0.0,0.5,1.0,0.0,0.0,0.0,0.0,0.0,0.23222307799457975,0.4462391097732305,0.5,1.0,0.0,1.0,0.6067415730337078,1.0,0.0,referral
RCT-2025-000091,0.21232876712328766,0.489225393127548,1.0,0.25,0.0,0.0,0.0,0.0,0.0,0.0,0.23324247839118034,0.5712792605998183,0.75,0.0,0.0,1.0,0.8426966292134831,0.0,0.0,referral
RCT-2026-000092,0.3287671232876712,0.978450786255096,0.0,0.75,1.0,1.0,0.13401968958761123,0.14603297586461175,0.3333333333333333,0.3333333333333333,0.031162858644815994,0.4672326314385144,0.5,0.0,0.0,0.0,0.0449438202247191,1.0,1.0,alto_risco
RCT-2024-000093,0.5547945205479452,0.5940594059405939,0.0,0.75,1.0,1.0,0.29090512535578045,0.3441450821337014,0.3333333333333333,0.3333333333333333,0.27521916873952,0.9278971348972154,0.125,1.0,0.0,0.0,0.02247191011235955,0.0,1.0,alto_risco
RCT-2026-000094,0.2191780821917808,0.982178217821782,0.0,1.0,0.0,1.0,0.6888892016121501,0.6628041620660872,1.0,0.6666666666666666,0.05729335496465304,0.3320470554499167,0.125,1.0,0.0,1.0,0.0449438202247191,0.0,0.0,alto_risco
RCT-2025-000095,0.14383561643835616,0.41584158415841577,1.0,0.5,0.0,1.0,0.0,0.0,0.0,0.0,0.3569106664057272,0.4459945105246394,0.375,1.0,0.0,1.0,0.6853932584269662,0.0,0.0,referral
RCT-2026-000096,0.7671232876712328,0.7232027550581145,1.0,0.75,1.0,1.0,0.10718677060254883,0.116574921380995,0.3333333333333333,0.3333333333333333,0.18818252852360273,0.429628405697471,0.25,1.0,0.0,0.0,0.0,1.0,0.0,alto_risco
RCT-2024-000097,0.3082191780821918,0.0693069306930693,1.0,0.5,0.0,0.0,0.0,0.0,0.0,0.0,0.6259306372813163,0.03302000427236684,1.0,0.0,1.0,1.0,0.0,0.0,1.0,alta_cobertura
RCT-2026-000098,0.3904109589041096,0.7947194719471946,0.0,1.0,1.0,1.0,0.33310614612576456,0.30698531681818625,0.3333333333333333,0.3333333333333333,0.07283622836654607,0.6785250776015426,0.25,0.0,0.0,0.0,0.0449438202247191,1.0,0.0,alto_risco
RCT-2025-000099,0.3356164383561644,0.0853008377760853,1.0,0.25,0.0,0.0,0.012971965058913746,0.01154263374069132,0.3333333333333333,1.0,0.7565201984268813,0.039374480367088405,1.0,0.0,1.0,0.0,0.056179775280898875,0.0,1.0,alta_cobertura
RCT-2025-000100,0.07534246575342465,0.47524752475247517,1.0,0.25,0.0,0.0,0.0,0.0,0.0,0.0,0.16908253590729883,0.09861745024596963,0.5,0.0,0.0,1.0,0.23595505617977527,1.0,0.0,referral
RCT-2025-000101,0.13013698630136986,0.1512151215121512,1.0,0.5,0.0,0.0,0.0,0.0,0.0,0.0,0.08558554649790268,0.4878205830950872,0.5,1.0,0.0,1.0,0.3932584269662921,1.0,0.0,referral
RCT-2026-000102,0.6164383561643836,0.7869690194825933,0.0,1.0,0.0,1.0,0.5499917464227619,0.6020365594084187,1.0,0.3333333333333333,0.16118183123634677,0.7755520105697153,0.375,0.0,0.0,0.0,0.011235955056179775,0.0,1.0,alto_risco
RCT-2025-000103,0.04794520547945205,0.4435643564356435,0.0,0.75,0.0,1.0,0.019417624695594292,0.024362162886704113,0.3333333333333333,0.0,0.27401833391200214,0.4198396450212139,0.5,1.0,0.0,1.0,0.8876404494382022,0.0,0.0,referral
RCT-2025-000104,0.15753424657534246,0.04265041888804265,1.0,0.0,0.0,0.0,0.0,0.0,0.0,0.0,0.8783525356228784,0.24436107148729874,1.0,0.0,0.0,0.0,0.06741573033707865,0.0,1.0,alta_cobertura
RCT-2026-000105,0.4246575342465754,0.4435643564356435,0.0,0.75,1.0,1.0,0.07430763617424124,0.08202040072752932,0.6666666666666666,0.3333333333333333,0.24785337310407407,0.2883510370636821,0.25,1.0,0.0,1.0,0.10112359550561797,0.0,0.0,alto_risco
RCT-2026-000106,0.1917808219178082,0.25039923347173426,0.0,0.75,0.0,0.0,0.0,0.0,0.0,0.0,0.45895234183340916,0.2509889463473766,0.125,0.0,0.0,1.0,0.1797752808988764,0.0,0.0,referral
RCT-2026-000107,0.815068493150685,0.8089595844830384,1.0,0.75,1.0,0.0,0.27596866418977783,0.34921518554529624,0.3333333333333333,1.0,0.3571621307732612,0.5597166820110238,0.25,0.0,0.0,0.0,0.0449438202247191,0.0,1.0,alto_risco
RCT-2026-000108,0.23287671232876714,0.26973508161626975,0.0,0.5,0.0,0.0,0.0,0.0,0.0,0.0,0.7725726064889057,0.10439285247142444,0.75,0.0,0.0,0.0,0.02247191011235955,0.0,1.0,alta_cobertura
RCT-2025-000109,0.452054794520548,0.9481991677428612,1.0,1.0,1.0,1.0,0.2799041261573539,0.2946564518357751,0.6666666666666666,1.0,0.3791243421617524,0.8394951078814705,0.625,0.0,0.0,0.0,0.0898876404494382,1.0,0.0,alto_risco
RCT-2026-000110,0.1643835616438356,0.28749541620828745,0.0,0.75,0.0,0.0,0.0,0.0,0.0,0.0,0.21297007016301867,0.5643668517966507,0.0,1.0,0.0,1.0,0.2247191011235955,1.0,0.0,referral
RCT-2024-000111,0.0,0.36963696369636956,0.0,0.5,0.0,0.0,0.0,0.0,0.0,0.0,0.23854640191497972,0.28243680253559006,0.25,0.0,0.0,1.0,0.3707865168539326,1.0,0.0,referral
RCT-2026-000112,0.732876712328767,0.6351035103510351,0.0,0.75,1.0,1.0,0.7179839492416378,0.7411815887109836,1.0,0.3333333333333333,0.25099086024409534,0.47071796789713266,0.25,1.0,0.0,1.0,0.10112359550561797,1.0,0.0,alto_risco
RCT-2025-000113,0.3013698630136986,0.8729724036233409,0.0,0.75,1.0,1.0,0.13199570888250106,0.14070188114630122,0.6666666666666666,1.0,0.04050237704876675,0.9469509779897376,0.125,0.0,0.0,0.0,0.0449438202247191,1.0,0.0,alto_risco
RCT-2025-000114,0.06164383561643835,0.18481848184818478,1.0,0.25,1.0,0.0,0.0,0.0,0.0,0.0,0.10191706917018734,0.36481111399410765,0.5,0.0,0.0,1.0,0.9213483146067415,0.0,0.0,referral
RCT-2025-000115,0.21232876712328766,0.5218404193360512,1.0,0.5,0.0,0.0,0.0,0.0,0.0,0.0,0.17932294729552223,0.2033973677240587,0.625,0.0,0.0,1.0,0.5617977528089887,1.0,0.0,referral
RCT-2025-000116,0.0547945205479452,0.10081008100810081,1.0,0.0,0.0,0.0,0.0,0.0,0.0,0.0,0.3458307326440516,0.23326826898119546,0.875,0.0,1.0,0.0,0.0898876404494382,0.0,0.0,alta_cobertura
RCT-2026-000117,0.0136986301369863,0.22178217821782176,1.0,0.0,0.0,0.0,0.0,0.0,0.0,0.0,0.9115553010350433,0.32910679794620007,1.0,0.0,1.0,0.0,0.02247191011235955,0.0,1.0,alta_cobertura
RCT-2026-000118,0.26027397260273977,0.05409321419946872,1.0,0.25,0.0,0.0,0.0,0.0,0.0,0.0,0.37537261110414033,0.0726651105608016,1.0,0.0,1.0,0.0,0.011235955056179775,0.0,0.0,alta_cobertura
RCT-2024-000119,0.10273972602739725,0.18481848184818478,1.0,0.5,0.0,0.0,0.0,0.0,0.0,0.0,0.44989668322690324,0.2361131789430191,0.875,0.0,1.0,0.0,0.033707865168539325,0.0,1.0,alta_cobertura
RCT-2026-000120,0.07534246575342465,0.396039603960396,0.0,0.25,0.0,0.0,0.01976505378554983,0.0204029413250469,0.3333333333333333,0.0,0.3614349689980324,0.31885591022795673,0.75,1.0,0.0,1.0,0.6404494382022472,1.0,0.0,referral
RCT-2026-000121,0.3904109589041096,0.01848184818481848,1.0,0.25,0.0,0.0,0.0,0.0,0.0,0.0,0.2365953087238647,0.26584595548568285,0.875,0.0,1.0,0.0,0.06741573033707865,0.0,0.0,alta_cobertura
RCT-2026-000122,0.26712328767123283,0.0792079207920792,0.0,0.0,0.0,0.0,0.0,0.0,0.0,0.0,0.4084596747080429,0.03910937030249767,0.75,0.0,0.0,1.0,0.056179775280898875,0.0,1.0,alta_cobertura
RCT-2024-000123,0.3082191780821918,0.23102310231023102,1.0,0.0,0.0,0.0,0.0,0.0,0.0,0.0,0.6126965167079854,0.059506603870534525,0.75,0.0,1.0,1.0,0.02247191011235955,0.0,1.0,alta_cobertura
RCT-2025-000124,0.0684931506849315,0.42650418888042646,1.0,0.5,0.0,1.0,0.0,0.0,0.0,0.0,0.2047866725934136,0.5638630275386478,0.5,0.0,0.0,1.0,0.2808988764044944,1.0,0.0,referral
RCT-2026-000125,0.06164383561643835,0.2772277227722772,0.0,0.5,0.0,0.0,0.0,0.0,0.0,0.0,0.5494469150542061,0.28636315654926386,0.75,0.0,1.0,1.0,0.0449438202247191,0.0,1.0,alta_cobertura
RCT-2025-000126,0.2534246575342466,0.30495049504950494,1.0,0.5,0.0,0.0,0.0,0.0,0.0,0.0,0.29168698822973727,0.039397164631441384,1.0,0.0,0.0,0.0,0.10112359550561797,0.0,0.0,alta_cobertura
RCT-2025-000127,0.1506849315068493,0.17742574257425742,0.0,0.0,0.0,0.0,0.0,0.0,0.0,0.0,0.7700642013657816,0.3503826100735516,1.0,0.0,1.0,1.0,0.07865168539325842,0.0,0.0,alta_cobertura
RCT-2025-000128,0.6301369863013698,0.5836373110995309,0.0,1.0,0.0,1.0,0.6133899882513277,0.6716586352002586,1.0,1.0,0.3083064266314074,0.3950390034741424,0.0,0.0,0.0,0.0,0.056179775280898875,1.0,1.0,alto_risco
RCT-2025-000129,0.17123287671232876,0.11881188118811879,1.0,0.0,0.0,0.0,0.0,0.0,0.0,0.0,0.3604520862469103,0.0484620875852213,0.875,0.0,0.0,0.0,0.056179775280898875,0.0,1.0,alta_cobertura
RCT-2025-000130,0.34931506849315064,0.616061606160616,0.0,1.0,0.0,1.0,0.4090799984960084,0.48201195704024613,1.0,0.3333333333333333,0.03641843565645153,0.5465785402068322,0.625,0.0,0.0,0.0,0.10112359550561797,1.0,0.0,alto_risco
RCT-2025-000131,0.3904109589041096,0.18481848184818478,1.0,0.25,0.0,0.0,0.0,0.0,0.0,0.0,0.3363115167672849,0.2711636146265584,1.0,0.0,1.0,0.0,0.0898876404494382,0.0,1.0,alta_cobertura
RCT-2026-000132,0.0958904109589041,0.4566103669190448,0.0,0.75,1.0,0.0,0.0,0.0,0.0,0.0,0.37704646513935114,0.21631070616305553,0.25,0.0,0.0,1.0,0.9550561797752808,1.0,0.0,referral
RCT-2025-000133,0.0958904109589041,0.1304601048340128,1.0,0.0,0.0,0.0,0.0,0.0,0.0,0.0,0.8104527601270376,0.025000905590694067,1.0,0.0,1.0,0.0,0.011235955056179775,0.0,0.0,alta_cobertura
RCT-2025-000134,0.0136986301369863,0.0,1.0,0.5,0.0,0.0,0.0,0.0,0.0,0.0,0.7239640803210898,0.08783820820383792,0.875,0.0,1.0,0.0,0.07865168539325842,0.0,1.0,alta_cobertura
RCT-2024-000135,0.3904109589041096,0.7762376237623761,0.0,0.75,1.0,1.0,0.3833423006940098,0.4359640215777655,0.6666666666666666,1.0,0.37840777596718134,0.42264380461070933,0.25,0.0,0.0,0.0,0.0,0.0,1.0,alto_risco
RCT-2026-000136,0.452054794520548,0.6267757210503658,0.0,1.0,1.0,1.0,0.11881110364309766,0.13683037490305297,0.6666666666666666,0.3333333333333333,0.37280681044777475,0.29496783498886164,0.125,0.0,0.0,0.0,0.0898876404494382,1.0,1.0,alto_risco
RCT-2026-000137,0.6506849315068494,0.8033946251768034,0.0,0.75,0.0,1.0,0.08598346064433773,0.08506090128803578,0.3333333333333333,1.0,0.015230146717424314,0.44763193276694085,0.125,1.0,0.0,0.0,0.10112359550561797,0.0,1.0,alto_risco
RCT-2026-000138,0.1780821917808219,0.45885967907135533,0.0,0.75,0.0,1.0,0.0,0.0,0.0,0.0,0.2676957616797665,0.5043308853523447,0.0,0.0,0.0,1.0,0.8089887640449438,0.0,0.0,referral
RCT-2024-000139,0.9931506849315069,0.6968156275086967,0.0,1.0,1.0,1.0,0.7408169658014357,0.7586720789691016,1.0,0.3333333333333333,0.035929608168641713,0.6782004299687254,0.25,1.0,0.0,0.0,0.0449438202247191,1.0,0.0,alto_risco
RCT-2025-000140,0.14383561643835616,0.2772277227722772,0.0,0.25,1.0,0.0,0.0,0.0,0.0,0.0,0.42538915116449305,0.5677600058596106,0.375,0.0,0.0,1.0,0.4831460674157303,1.0,0.0,referral
RCT-2025-000141,0.04794520547945205,0.11089108910891088,1.0,0.0,0.0,0.0,0.0,0.0,0.0,0.0,0.6895052082237441,0.11231620498296696,0.875,0.0,1.0,0.0,0.07865168539325842,0.0,1.0,alta_cobertura
RCT-2024-000142,0.863013698630137,0.5759459666896922,0.0,0.75,1.0,1.0,0.03381522062473215,0.039474563358261196,0.3333333333333333,0.3333333333333333,0.18595936136890812,0.44223510730296295,0.5,0.0,0.0,0.0,0.011235955056179775,1.0,0.0,alto_risco
RCT-2026-000143,0.0136986301369863,0.0,1.0,0.0,0.0,1.0,0.0,0.0,0.0,0.0,0.7810438916168051,0.1994259711921627,0.75,0.0,1.0,0.0,0.056179775280898875,0.0,0.0,alta_cobertura
RCT-2025-000144,0.14383561643835616,0.09240924092409239,0.0,0.0,0.0,0.0,0.0,0.0,0.0,0.0,0.6733122817492159,0.14738344263188013,0.875,0.0,1.0,0.0,0.0,0.0,0.0,alta_cobertura
RCT-2025-000145,0.0821917808219178,0.5174917491749175,1.0,0.5,1.0,0.0,0.0,0.0,0.0,0.0,0.26719024360077975,0.2877767556970033,0.25,0.0,0.0,1.0,0.7752808988764044,0.0,0.0,referral
RCT-2025-000146,0.684931506849315,0.7859271364029606,0.0,1.0,1.0,1.0,0.6436851917208827,0.6435840889752555,1.0,0.6666666666666666,0.08543292325922508,0.9636521747010862,0.375,0.0,0.0,0.0,0.10112359550561797,1.0,1.0,alto_risco
RCT-2026-000147,0.547945205479452,0.9085053083621614,1.0,0.75,0.0,1.0,0.5072222918814344,0.48678325295135405,0.6666666666666666,0.6666666666666666,0.17845385325206387,0.928574546712853,0.375,0.0,0.0,1.0,0.0898876404494382,1.0,1.0,alto_risco
RCT-2024-000148,0.29452054794520544,0.3133878605251829,1.0,0.25,0.0,0.0,0.0,0.0,0.0,0.0,0.4688907513733237,0.01450466541037776,0.75,0.0,1.0,0.0,0.011235955056179775,0.0,1.0,alta_cobertura
RCT-2024-000149,0.0,0.36963696369636956,0.0,0.5,1.0,1.0,0.0,0.0,0.0,0.0,0.10222995019538733,0.17256684269966777,0.5,0.0,0.0,1.0,0.8651685393258426,1.0,0.0,referral
RCT-2026-000150,0.3972602739726028,0.7816912838824865,0.0,1.0,1.0,1.0,0.8710605235956667,0.8777937230686628,1.0,0.3333333333333333,0.080528080705422,0.5591795242233288,0.375,1.0,0.0,0.0,0.02247191011235955,0.0,1.0,alto_risco
RCT-2025-000151,0.0958904109589041,0.4566103669190448,0.0,0.75,0.0,1.0,0.0,0.0,0.0,0.0,0.31139011906871317,0.23436007441510248,0.625,0.0,0.0,1.0,0.19101123595505617,1.0,0.0,referral
RCT-2026-000152,0.2054794520547945,0.504050405040504,0.0,0.5,0.0,0.0,0.0,0.0,0.0,0.0,0.24048808379979386,0.526033566701311,0.375,0.0,0.0,1.0,0.3707865168539326,1.0,0.0,referral
RCT-2026-000153,0.8356164383561644,0.8605148514851484,0.0,1.0,1.0,0.0,0.7151546484816356,0.7686229640097778,1.0,0.6666666666666666,0.19253112701041292,0.611133690239791,0.5,1.0,0.0,0.0,0.0,0.0,0.0,alto_risco
RCT-2024-000154,0.0410958904109589,0.36963696369636956,0.0,0.25,0.0,1.0,0.0,0.0,0.0,0.0,0.12414115037293771,0.36095736681141216,0.5,0.0,0.0,1.0,0.9775280898876404,1.0,0.0,referral
RCT-2024-000155,0.03424657534246575,0.0,1.0,0.25,0.0,0.0,0.009553535885903523,0.008628543450973521,0.3333333333333333,1.0,0.5925562881852873,0.32975586112659,0.875,0.0,1.0,0.0,0.06741573033707865,0.0,1.0,alta_cobertura
RCT-2026-000156,0.14383561643835616,0.46204620462046203,0.0,0.5,1.0,0.0,0.0,0.0,0.0,0.0,0.10957519279362621,0.35921003222679465,0.5,0.0,0.0,1.0,0.19101123595505617,1.0,0.0,referral
RCT-2025-000157,0.2534246575342466,0.30495049504950494,0.0,0.75,1.0,0.0,0.021538399386056107,0.021171174914497104,0.3333333333333333,0.0,0.3529399423420755,0.42423396402339514,0.75,0.0,0.0,1.0,0.9325842696629213,1.0,0.0,referral
RCT-2025-000158,0.136986301369863,0.14464055101162288,1.0,0.5,1.0,0.0,0.0,0.0,0.0,0.0,0.23175503736788433,0.34725782576059,0.625,0.0,1.0,0.0,0.056179775280898875,0.0,0.0,alta_cobertura
RCT-2025-000159,0.32191780821917804,0.13306930693069305,1.0,0.5,0.0,0.0,0.0,0.0,0.0,0.0,0.5520940740355753,0.22903330547145928,0.875,0.0,1.0,0.0,0.02247191011235955,0.0,1.0,alta_cobertura
RCT-2026-000160,0.1643835616438356,0.08214154748808213,1.0,0.5,0.0,0.0,0.0,0.0,0.0,0.0,0.2914917222192527,0.1646650061185957,0.75,0.0,0.0,0.0,0.07865168539325842,0.0,1.0,alta_cobertura
RCT-2026-000161,0.363013698630137,0.198019801980198,1.0,0.25,0.0,0.0,0.0,0.0,0.0,0.0,0.5963266316232593,0.018173918652902354,0.75,0.0,1.0,0.0,0.0,0.0,0.0,alta_cobertura
RCT-2025-000162,0.3835616438356164,0.26313139788555123,1.0,0.25,0.0,0.0,0.0,0.0,0.0,0.0,0.35008943164189266,0.33492997938674623,0.875,0.0,1.0,0.0,0.0449438202247191,0.0,1.0,alta_cobertura
RCT-2024-000163,0.1506849315068493,0.13306930693069305,1.0,0.5,0.0,0.0,0.008553285350773033,0.010738730156379023,0.3333333333333333,0.0,0.5221468513805351,0.42070757590844715,0.625,0.0,0.0,1.0,0.3932584269662921,1.0,0.0,referral
RCT-2026-000164,0.6575342465753424,0.6608660866086608,0.0,0.75,1.0,1.0,0.048150718346860036,0.048480250569905584,0.3333333333333333,0.3333333333333333,0.035024253820614804,0.2650785514920941,0.75,0.0,0.0,0.0,0.10112359550561797,0.0,0.0,alto_risco
RCT-2026-000165,0.1095890410958904,0.23345492443981236,0.0,0.5,0.0,1.0,0.0,0.0,0.0,0.0,0.530325336356313,0.11453835615211921,0.625,1.0,0.0,1.0,0.8089887640449438,1.0,0.0,referral
RCT-2024-000166,0.21232876712328766,0.489225393127548,0.0,0.75,0.0,1.0,0.4667991869571828,0.522489069901145,1.0,1.0,0.20799741864105364,0.8393816266757441,0.0,1.0,0.0,0.0,0.07865168539325842,0.0,1.0,alto_risco
RCT-2026-000167,0.0410958904109589,0.36963696369636956,1.0,0.25,0.0,0.0,0.00623467617008537,0.006652198441319662,0.3333333333333333,0.0,0.10268870342751724,0.09827423004312158,0.5,0.0,0.0,1.0,0.7865168539325842,1.0,0.0,referral
RCT-2025-000168,0.273972602739726,0.722081510476629,1.0,0.75,1.0,1.0,0.11105127951298933,0.1338602975504532,0.3333333333333333,0.3333333333333333,0.04616290955426611,0.550320614639072,0.5,0.0,0.0,0.0,0.02247191011235955,0.0,1.0,alto_risco
RCT-2025-000169,0.23972602739726026,0.17509119332985928,1.0,0.25,0.0,0.0,0.0,0.0,0.0,0.0,0.14299624630536867,0.143438373497131,0.375,1.0,0.0,1.0,0.2921348314606741,1.0,0.0,referral
RCT-2024-000170,0.0136986301369863,0.22178217821782176,1.0,0.25,0.0,1.0,0.0,0.0,0.0,0.0,0.7288584395657649,0.011529545873793734,0.875,0.0,1.0,0.0,0.10112359550561797,0.0,0.0,alta_cobertura
RCT-2025-000171,0.07534246575342465,0.1584158415841584,1.0,0.5,1.0,1.0,0.0,0.0,0.0,0.0,0.11078197641666154,0.5277102574143544,0.75,0.0,0.0,1.0,0.2584269662921348,1.0,0.0,referral
RCT-2024-000172,0.13013698630136986,0.050405040504050404,1.0,0.25,0.0,0.0,0.0,0.0,0.0,0.0,0.9996361812359048,0.17347832076081865,0.625,0.0,1.0,0.0,0.0449438202247191,0.0,1.0,alta_cobertura
RCT-2024-000173,0.26712328767123283,0.3168316831683168,0.0,0.25,0.0,1.0,0.0,0.0,0.0,0.0,0.3011362728833228,0.23099266862497664,0.875,0.0,1.0,0.0,0.06741573033707865,0.0,1.0,alta_cobertura
RCT-2025-000174,0.17123287671232876,0.198019801980198,0.0,0.25,0.0,1.0,0.0,0.0,0.0,0.0,0.1021131447343887,0.4494937508656968,0.375,0.0,0.0,1.0,0.15730337078651685,1.0,0.0,referral
RCT-2025-000175,0.23972602739726026,0.4377279833246482,1.0,0.75,0.0,0.0,0.0,0.0,0.0,0.0,0.2944740380217681,0.49664304794590614,0.625,0.0,0.0,1.0,0.9325842696629213,0.0,0.0,referral
RCT-2025-000176,0.9246575342465754,0.6990959965561773,1.0,0.75,1.0,1.0,0.3302325330297573,0.3453257323473904,0.6666666666666666,0.6666666666666666,0.30905964306845857,0.2638239968950595,0.25,0.0,0.0,0.0,0.011235955056179775,0.0,1.0,alto_risco
RCT-2025-000177,0.4726027397260274,0.9856985698569856,0.0,0.75,1.0,1.0,0.15085212650701574,0.15752876923659098,0.3333333333333333,0.6666666666666666,0.07074498644895466,0.4435539979041006,0.625,1.0,0.0,0.0,0.056179775280898875,1.0,1.0,alto_risco
RCT-2026-000178,0.9999999999999999,0.8558708219815269,0.0,1.0,1.0,1.0,0.6207177861480762,0.6395969034557641,1.0,0.3333333333333333,0.03523260294065583,0.5834692593558757,0.25,1.0,0.0,0.0,0.0449438202247191,0.0,0.0,alto_risco
RCT-2026-000179,0.136986301369863,0.09642703400774859,1.0,0.5,0.0,0.0,0.0,0.0,0.0,0.0,0.9513850130896727,0.11764491501302787,0.875,0.0,1.0,0.0,0.011235955056179775,0.0,1.0,alta_cobertura
RCT-2026-000180,0.0684931506849315,0.0853008377760853,1.0,0.0,0.0,0.0,0.0,0.0,0.0,0.0,0.9310384453135129,0.06099541982853157,1.0,0.0,1.0,0.0,0.07865168539325842,0.0,1.0,alta_cobertura
RCT-2026-000181,0.19863013698630136,0.2772277227722772,1.0,0.0,0.0,0.0,0.0,0.0,0.0,0.0,0.7242933058774569,0.10176124873297099,0.875,0.0,1.0,0.0,0.011235955056179775,0.0,1.0,alta_cobertura
RCT-2026-000182,0.3835616438356164,0.22554119818761537,1.0,0.25,0.0,0.0,0.0,0.0,0.0,0.0,0.7634324223239718,0.19868808888954242,0.875,0.0,0.0,0.0,0.056179775280898875,0.0,1.0,alta_cobertura
RCT-2025-000183,0.04794520547945205,0.4435643564356435,0.0,0.5,0.0,1.0,0.0,0.0,0.0,0.0,0.11313246389874021,0.14511019722249352,0.625,0.0,0.0,1.0,0.595505617977528,0.0,0.0,referral
RCT-2024-000184,0.03424657534246575,0.1386138613861386,0.0,0.5,1.0,0.0,0.0,0.0,0.0,0.0,0.7934594830864959,0.1776246531627536,0.75,0.0,1.0,0.0,0.0449438202247191,0.0,0.0,alta_cobertura
RCT-2025-000185,0.9383561643835616,0.8633663366336632,1.0,0.75,0.0,1.0,0.43428830003797014,0.42181917235734334,0.6666666666666666,0.3333333333333333,0.13896126034261613,0.6210508466435218,0.125,1.0,0.0,0.0,0.0898876404494382,1.0,0.0,alto_risco
RCT-2026-000186,0.21232876712328766,0.42399534071054157,1.0,0.75,0.0,0.0,0.010940767174883965,0.011202930166502492,0.3333333333333333,0.0,0.27342043940642935,0.19670916156278667,0.625,0.0,0.0,1.0,0.2696629213483146,0.0,0.0,referral
RCT-2025-000187,0.2191780821917808,0.22178217821782176,0.0,0.25,0.0,0.0,0.0,0.0,0.0,0.0,0.4287844475706122,0.3929300374938484,0.625,0.0,0.0,1.0,0.5168539325842696,1.0,0.0,referral
RCT-2025-000188,0.34246575342465757,0.020922847001681295,1.0,0.5,0.0,0.0,0.0,0.0,0.0,0.0,0.5984497028288077,0.20360907307665727,1.0,0.0,0.0,0.0,0.07865168539325842,0.0,1.0,alta_cobertura
RCT-2025-000189,0.136986301369863,0.09642703400774859,1.0,0.25,0.0,0.0,0.0,0.0,0.0,0.0,0.3621530812991707,0.03743415760715196,0.875,0.0,1.0,0.0,0.056179775280898875,0.0,1.0,alta_cobertura
RCT-2025-000190,0.02054794520547945,0.36963696369636956,1.0,0.5,0.0,0.0,0.0,0.0,0.0,0.0,0.43577167206726664,0.07359535436495246,0.625,0.0,1.0,0.0,0.10112359550561797,0.0,1.0,alta_cobertura
RCT-2025-000191,0.13013698630136986,0.0,1.0,0.5,0.0,0.0,0.0,0.0,0.0,0.0,0.67635714317708,0.3090703082626371,1.0,0.0,1.0,0.0,0.033707865168539325,0.0,1.0,alta_cobertura
RCT-2026-000192,0.18493150684931506,0.5174917491749175,0.0,0.25,0.0,0.0,0.0,0.0,0.0,0.0,0.3948295593261262,0.160374014807751,0.375,1.0,0.0,1.0,0.4382022471910112,1.0,0.0,referral
RCT-2026-000193,0.3835616438356164,0.5262627957711025,0.0,1.0,0.0,0.0,0.28479210816148015,0.3207510915438795,0.6666666666666666,0.6666666666666666,0.04273960014049416,0.3531900293973686,0.125,0.0,0.0,0.0,0.0898876404494382,0.0,1.0,alto_risco
RCT-2025-000194,0.23972602739726026,0.5544554455445544,0.0,1.0,1.0,1.0,0.41061641020624495,0.3898739732988943,0.6666666666666666,0.6666666666666666,0.3242980207383602,0.7039891971365915,0.125,0.0,0.0,0.0,0.0449438202247191,0.0,1.0,alto_risco
RCT-2025-000195,0.8698630136986302,0.8615384615384615,0.0,1.0,1.0,1.0,0.20310231673633225,0.23869087206690393,0.3333333333333333,0.3333333333333333,0.2691122527988574,0.8688018362445542,0.0,1.0,0.0,0.0,0.07865168539325842,0.0,0.0,alto_risco
RCT-2025-000196,0.28767123287671237,0.09856985698569856,1.0,0.25,0.0,0.0,0.004456831734434628,0.00420649071471757,0.3333333333333333,1.0,0.4043809354113762,0.3169233096509177,0.75,0.0,0.0,0.0,0.033707865168539325,0.0,1.0,alta_cobertura
RCT-2025-000197,0.19863013698630136,0.20792079207920788,1.0,0.0,0.0,0.0,0.0,0.0,0.0,0.0,0.44952048617238416,0.3571714849078325,0.75,0.0,1.0,0.0,0.10112359550561797,0.0,1.0,alta_cobertura
RCT-2024-000198,0.15753424657534246,0.3838537699923838,0.0,0.75,0.0,1.0,0.0,0.0,0.0,0.0,0.5117539136186479,0.5806780607099655,0.625,0.0,0.0,1.0,0.8314606741573033,1.0,0.0,referral
RCT-2025-000199,0.9315068493150684,0.7499109623192535,0.0,1.0,0.0,1.0,0.29617852661330446,0.3504175470113358,0.6666666666666666,0.3333333333333333,0.3379847486619386,0.4605326597671843,0.5,0.0,0.0,1.0,0.0898876404494382,0.0,0.0,alto_risco
RCT-2024-000200,0.5547945205479452,0.6864686468646864,0.0,0.75,1.0,1.0,0.23525530108694617,0.22686622863451064,1.0,0.3333333333333333,0.22475439269754943,0.6888057660355777,0.625,0.0,0.0,1.0,0.07865168539325842,0.0,0.0,alto_risco
RCT-2026-000201,0.0,0.36963696369636956,1.0,0.5,1.0,0.0,0.0,0.0,0.0,0.0,0.17316199929968495,0.08996447132333374,0.5,0.0,0.0,1.0,0.6179775280898876,1.0,0.0,referral
RCT-2026-000202,0.0547945205479452,0.3024302430243024,1.0,0.5,1.0,0.0,0.0,0.0,0.0,0.0,0.37665445891264626,0.41967539110637836,0.625,0.0,0.0,1.0,0.4382022471910112,0.0,0.0,referral
RCT-2026-000203,0.0684931506849315,0.25590251332825587,1.0,0.25,0.0,0.0,0.0,0.0,0.0,0.0,0.36969661813340415,0.23605263744835214,1.0,0.0,1.0,0.0,0.06741573033707865,0.0,1.0,alta_cobertura
RCT-2025-000204,0.1095890410958904,0.23345492443981236,0.0,0.75,0.0,0.0,0.003909878115653997,0.00530509529294261,0.3333333333333333,0.0,0.41291768888115443,0.4537593811889031,0.75,0.0,0.0,1.0,0.4157303370786517,0.0,0.0,referral
RCT-2025-000205,0.1643835616438356,0.8214154748808212,1.0,0.75,1.0,1.0,0.5873805227212264,0.6164945466543275,1.0,0.3333333333333333,0.33136977103245924,0.602708533408445,0.5,1.0,0.0,0.0,0.07865168539325842,0.0,0.0,alto_risco
RCT-2026-000206,0.9315068493150684,0.8057553956834532,0.0,0.75,0.0,1.0,0.2051488058991811,0.23199720720374706,0.3333333333333333,0.3333333333333333,0.11277280052808575,0.3461013006705847,0.5,0.0,0.0,0.0,0.10112359550561797,0.0,0.0,alto_risco
RCT-2026-000207,0.28767123287671237,0.7885588558855885,1.0,0.75,1.0,1.0,0.44302121506881825,0.44074125755908256,1.0,0.3333333333333333,0.13088499955970195,0.4416048768350557,0.5,1.0,0.0,0.0,0.0449438202247191,0.0,1.0,alto_risco
RCT-2024-000208,0.40410958904109584,0.8406259980836792,0.0,0.75,0.0,1.0,0.17893914458548718,0.1705581231243811,0.3333333333333333,0.3333333333333333,0.16229968752820823,0.8153484211872386,0.375,1.0,0.0,0.0,0.02247191011235955,1.0,1.0,alto_risco
RCT-2025-000209,0.18493150684931506,0.33267326732673264,1.0,0.5,0.0,0.0,0.0,0.0,0.0,0.0,0.8396081645630548,0.1935221980624987,0.75,0.0,1.0,1.0,0.0,0.0,1.0,alta_cobertura
RCT-2026-000210,0.4383561643835616,0.6620363528890201,0.0,1.0,1.0,1.0,0.5006268281754512,0.4771783622135589,0.6666666666666666,0.6666666666666666,0.324340655606113,0.7991217248722178,0.375,1.0,0.0,0.0,0.0898876404494382,1.0,0.0,alto_risco
RCT-2025-000211,0.3356164383561644,0.0853008377760853,1.0,0.0,0.0,0.0,0.0,0.0,0.0,0.0,0.6821157333153456,0.3124483420503265,1.0,0.0,1.0,0.0,0.056179775280898875,0.0,0.0,alta_cobertura
RCT-2026-000212,0.22602739726027396,0.2464246424642464,1.0,0.0,0.0,0.0,0.0,0.0,0.0,0.0,0.34138193810956885,0.006034077568421892,1.0,0.0,0.0,0.0,0.0898876404494382,0.0,1.0,alta_cobertura
RCT-2026-000213,0.0,0.0,1.0,0.5,1.0,0.0,0.0,0.0,0.0,0.0,0.11809257176985305,0.445524776908198,0.375,0.0,0.0,1.0,0.8426966292134831,1.0,0.0,referral
RCT-2026-000214,0.3904109589041096,0.05544554455445544,1.0,0.25,1.0,0.0,0.0,0.0,0.0,0.0,0.8539492408620021,0.15714766511325284,0.75,0.0,1.0,0.0,0.0449438202247191,0.0,1.0,alta_cobertura
RCT-2026-000215,0.136986301369863,0.28928110202324575,1.0,0.25,0.0,0.0,0.0,0.0,0.0,0.0,0.2679178424028302,0.24052724121572522,0.875,0.0,0.0,1.0,0.3932584269662921,1.0,0.0,referral
RCT-2025-000216,0.06164383561643835,0.09240924092409239,1.0,0.0,0.0,0.0,0.0,0.0,0.0,0.0,0.6460164001142633,0.27977850820781663,0.75,0.0,1.0,0.0,0.011235955056179775,0.0,1.0,alta_cobertura
RCT-2026-000217,0.0,0.0,0.0,0.75,1.0,1.0,0.010486603816209987,0.013325588484466667,0.3333333333333333,0.0,0.2767819271909906,0.22012710956088882,0.625,0.0,0.0,1.0,0.5168539325842696,0.0,0.0,referral
RCT-2025-000218,0.21232876712328766,0.326150262085032,1.0,0.25,1.0,0.0,0.006477127679331257,0.006808030226288073,0.3333333333333333,1.0,0.8698081151924723,0.29094453259580183,1.0,0.0,1.0,0.0,0.0,0.0,1.0,alta_cobertura
RCT-2025-000219,0.1506849315068493,0.17742574257425742,0.0,0.5,1.0,1.0,0.0,0.0,0.0,0.0,0.3322750996524608,0.3279753601139242,0.375,0.0,0.0,1.0,0.4719101123595505,1.0,0.0,referral
RCT-2024-000220,0.22602739726027396,0.4312431243124312,1.0,0.25,0.0,0.0,0.0,0.0,0.0,0.0,0.24413581132908735,0.31419003480730706,0.375,0.0,0.0,1.0,0.9213483146067415,0.0,0.0,referral
RCT-2026-000221,0.26027397260273977,0.2704660709973436,0.0,0.0,0.0,1.0,0.0,0.0,0.0,0.0,0.8653057158114433,0.2981094569714288,0.75,0.0,1.0,1.0,0.06741573033707865,0.0,1.0,alta_cobertura
RCT-2026-000222,0.9999999999999999,0.4763107183201541,1.0,1.0,1.0,1.0,0.5483447728634302,0.5879849684453203,1.0,1.0,0.24036979383862633,0.8409598269579641,0.375,1.0,0.0,0.0,0.011235955056179775,1.0,0.0,alto_risco
RCT-2026-000223,0.8493150684931506,0.47150541825836123,1.0,1.0,1.0,1.0,0.6694810220900232,0.665817095800054,1.0,0.3333333333333333,0.020615598461022178,0.6690304228225787,0.375,1.0,0.0,0.0,0.056179775280898875,0.0,0.0,alto_risco
RCT-2025-000224,0.11643835616438356,0.16633663366336632,1.0,0.0,0.0,0.0,0.0,0.0,0.0,0.0,0.365524158429418,0.06769442034855117,1.0,0.0,0.0,0.0,0.033707865168539325,0.0,0.0,alta_cobertura
RCT-2026-000225,0.0410958904109589,0.1232123212321232,0.0,0.25,0.0,1.0,0.0,0.0,0.0,0.0,0.5047299158789474,0.1522549265906818,0.125,0.0,0.0,1.0,0.3146067415730337,1.0,0.0,referral
RCT-2025-000226,0.3835616438356164,0.1691558986407115,1.0,0.0,0.0,0.0,0.0,0.0,0.0,0.0,0.36926924329615685,0.1842528190599474,0.875,0.0,1.0,0.0,0.0,0.0,0.0,alta_cobertura
RCT-2025-000227,0.0136986301369863,0.22178217821782176,0.0,0.75,0.0,1.0,0.0,0.0,0.0,0.0,0.36438862453870025,0.3135197868774085,0.625,0.0,0.0,1.0,0.7191011235955056,1.0,0.0,referral
RCT-2026-000228,0.9383561643835616,0.491089108910891,0.0,0.75,0.0,1.0,0.5694272855275082,0.537605057228753,0.6666666666666666,0.3333333333333333,0.28991483471222323,1.0,0.5,0.0,0.0,1.0,0.011235955056179775,0.0,1.0,alto_risco
RCT-2026-000229,0.8013698630136986,0.5636963696369636,0.0,1.0,1.0,1.0,0.2815814585227347,0.33491971371954143,0.3333333333333333,0.6666666666666666,0.08656620573719032,0.5146218821084214,0.375,1.0,0.0,0.0,0.07865168539325842,0.0,1.0,alto_risco
RCT-2024-000230,0.4931506849315068,0.47313531353135313,0.0,0.75,0.0,1.0,0.05442138043742902,0.06340475301688708,0.3333333333333333,0.3333333333333333,0.003804002212724117,0.525170114081555,0.5,1.0,0.0,0.0,0.056179775280898875,1.0,1.0,alto_risco
RCT-2025-000231,0.14383561643835616,0.18481848184818478,1.0,0.25,0.0,0.0,0.0,0.0,0.0,0.0,0.7042869693612562,0.10386123260122249,0.875,0.0,0.0,1.0,0.033707865168539325,0.0,1.0,alta_cobertura
RCT-2025-000232,0.07534246575342465,0.396039603960396,1.0,0.75,1.0,0.0,0.0,0.0,0.0,0.0,0.43173346742843133,0.13254678193759067,0.375,0.0,0.0,1.0,0.3820224719101123,1.0,0.0,referral
RCT-2025-000233,0.18493150684931506,0.29570957095709566,1.0,0.0,0.0,0.0,0.0,0.0,0.0,0.0,0.4581480903897601,0.032367613278890484,0.875,0.0,1.0,0.0,0.011235955056179775,0.0,0.0,alta_cobertura
RCT-2026-000234,0.1780821917808219,0.9559576647319903,0.0,1.0,1.0,1.0,0.2679353013615417,0.29841213938434735,0.3333333333333333,1.0,0.08466630673448372,0.7515923889981595,0.5,0.0,0.0,0.0,0.0,0.0,1.0,alto_risco
RCT-2025-000235,0.19863013698630136,0.03465346534653465,1.0,0.0,0.0,0.0,0.0,0.0,0.0,0.0,0.9956740902260218,0.19052938288741572,0.875,0.0,0.0,0.0,0.02247191011235955,0.0,1.0,alta_cobertura
RCT-2026-000236,0.0547945205479452,0.3024302430243024,0.0,0.5,0.0,0.0,0.0,0.0,0.0,0.0,0.11349586578732729,0.20207576510481756,0.625,1.0,0.0,1.0,0.8426966292134831,1.0,0.0,referral
RCT-2025-000237,0.4246575342465754,0.8018278750952017,0.0,0.75,1.0,1.0,0.3468128066688104,0.3392165687028964,1.0,1.0,0.001872595965610624,0.5807460060964698,0.25,0.0,0.0,0.0,0.0449438202247191,1.0,0.0,alto_risco
RCT-2024-000238,0.541095890410959,0.973677855590437,0.0,1.0,1.0,1.0,0.2630255535645261,0.3328591346275045,0.3333333333333333,0.6666666666666666,0.27998263825632397,0.36241782438268394,0.125,1.0,0.0,0.0,0.056179775280898875,1.0,0.0,alto_risco
RCT-2025-000239,0.1917808219178082,0.3219418716065155,0.0,0.5,1.0,0.0,0.0,0.0,0.0,0.0,0.733524828673537,0.2487142626140844,0.875,0.0,0.0,0.0,0.07865168539325842,0.0,1.0,alta_cobertura
RCT-2025-000240,0.06164383561643835,0.18481848184818478,1.0,0.25,1.0,0.0,0.013868909009245386,0.019365604810956654,0.3333333333333333,0.0,0.4610079626701301,0.29225292028397626,0.25,1.0,0.0,1.0,0.5168539325842696,0.0,0.0,referral
RCT-2025-000241,0.1506849315068493,0.48792079207920785,1.0,0.25,1.0,0.0,0.014206645370783852,0.013062231289189702,0.3333333333333333,0.0,0.3095024677672863,0.3241852835368559,0.875,1.0,0.0,1.0,0.595505617977528,1.0,0.0,referral
RCT-2025-000242,0.0684931506849315,0.1706016755521706,1.0,0.5,0.0,1.0,0.0,0.0,0.0,0.0,0.08009157094698699,0.34221241686303044,0.5,0.0,0.0,1.0,0.24719101123595502,0.0,0.0,referral
RCT-2026-000243,0.14383561643835616,0.5544554455445544,0.0,0.5,1.0,0.0,0.010058071916179188,0.010457882284952695,0.3333333333333333,0.0,0.42474055436964475,0.5577176899070229,0.5,1.0,0.0,1.0,0.7303370786516854,1.0,0.0,referral
RCT-2025-000244,0.136986301369863,0.4339216530348687,1.0,0.75,1.0,0.0,0.0,0.0,0.0,0.0,0.21629096472540266,0.4801863633492541,0.5,0.0,0.0,1.0,0.2696629213483146,1.0,0.0,referral
RCT-2024-000245,0.9726027397260274,0.8106520996927278,1.0,1.0,0.0,0.0,0.3073688006135021,0.3529996017406839,0.6666666666666666,0.3333333333333333,0.024498046989402666,0.9437840187352147,0.25,1.0,0.0,1.0,0.02247191011235955,0.0,0.0,alto_risco
RCT-2026-000246,0.24657534246575338,0.2843361259202843,0.0,0.25,0.0,0.0,0.0,0.0,0.0,0.0,0.32602647315807276,0.2783630867288657,0.375,0.0,0.0,1.0,0.15730337078651685,1.0,0.0,referral
RCT-2025-000247,0.0136986301369863,0.4435643564356435,1.0,0.5,0.0,1.0,0.0,0.0,0.0,0.0,0.43613301935513415,0.5436912602758615,0.375,0.0,0.0,1.0,0.9775280898876404,0.0,0.0,referral
RCT-2025-000248,0.3082191780821918,0.1617161716171617,1.0,0.0,0.0,0.0,0.0,0.0,0.0,0.0,0.6034905801341256,0.15629610567012014,0.75,0.0,0.0,0.0,0.011235955056179775,0.0,0.0,alta_cobertura
RCT-2025-000249,0.0410958904109589,0.36963696369636956,0.0,0.5,0.0,0.0,0.0,0.0,0.0,0.0,0.2604253718691923,0.1393718683760673,0.625,0.0,0.0,1.0,0.7640449438202247,1.0,0.0,referral
RCT-2024-000250,0.1643835616438356,0.2464246424642464,0.0,0.75,1.0,0.0,0.0,0.0,0.0,0.0,0.2775664818398742,0.4036690074198804,0.5,0.0,0.0,1.0,0.3258426966292135,1.0,0.0,referral
RCT-2026-000251,0.22602739726027396,0.3388338833883388,0.0,0.75,0.0,1.0,0.0,0.0,0.0,0.0,0.11591370832798203,0.45819381562850786,0.75,1.0,0.0,1.0,0.3258426966292135,0.0,0.0,referral
RCT-2026-000252,0.1232876712328767,0.4224422442244224,1.0,0.25,1.0,0.0,0.02006455242869639,0.01824240766609745,0.3333333333333333,0.0,0.20519786848537064,0.37712156229261845,0.625,0.0,0.0,1.0,0.6067415730337078,1.0,0.0,referral
RCT-2025-000253,0.0410958904109589,0.2464246424642464,1.0,0.0,0.0,0.0,0.0,0.0,0.0,0.0,0.40536765366444316,0.31130143099109914,1.0,0.0,1.0,0.0,0.10112359550561797,0.0,1.0,alta_cobertura
RCT-2026-000254,0.13013698630136986,0.3528352835283528,0.0,0.25,0.0,1.0,0.014685987924250509,0.017422259721931455,0.3333333333333333,0.0,0.35104329957856506,0.2820520624924165,0.25,1.0,0.0,1.0,0.6516853932584269,0.0,0.0,referral
RCT-2026-000255,0.1780821917808219,0.4206213724820757,1.0,0.75,0.0,0.0,0.0,0.0,0.0,0.0,0.15319674669193684,0.55460360475335,0.625,1.0,0.0,1.0,0.8764044943820224,1.0,0.0,referral
RCT-2025-000256,0.3082191780821918,0.3234323432343234,0.0,0.5,1.0,0.0,0.0,0.0,0.0,0.0,0.7517533854057997,0.34607715531649025,0.75,0.0,0.0,1.0,0.0,0.0,0.0,alta_cobertura
RCT-2025-000257,0.18493150684931506,0.33267326732673264,1.0,0.5,0.0,1.0,0.006243811899865508,0.0074695326680181496,0.3333333333333333,0.0,0.29118265170183055,0.09746317450682146,0.375,0.0,0.0,1.0,0.5056179775280898,1.0,0.0,referral
RCT-2025-000258,0.0958904109589041,0.0,1.0,0.25,0.0,1.0,0.0,0.0,0.0,0.0,0.8077677846597094,0.04665630360209866,0.75,0.0,1.0,0.0,0.011235955056179775,0.0,0.0,alta_cobertura
RCT-2026-000259,0.0273972602739726,0.0,1.0,0.5,1.0,0.0,0.0,0.0,0.0,0.0,0.5627534015515682,0.297136095361014,0.875,0.0,1.0,0.0,0.0449438202247191,0.0,1.0,alta_cobertura
RCT-2026-000260,0.07534246575342465,0.23762376237623759,0.0,0.75,1.0,0.0,0.0,0.0,0.0,0.0,0.0849078089436473,0.15314817235042522,0.75,1.0,0.0,1.0,0.5056179775280898,1.0,0.0,referral
RCT-2026-000261,0.14383561643835616,0.046204620462046195,1.0,0.0,0.0,0.0,0.0,0.0,0.0,0.0,0.6570022342623313,0.0008367937270251646,0.75,0.0,0.0,0.0,0.06741573033707865,0.0,1.0,alta_cobertura
RCT-2024-000262,0.29452054794520544,0.09642703400774859,1.0,0.0,0.0,0.0,0.007281690787357753,0.006849272733672148,0.3333333333333333,1.0,0.37907843775325567,0.011782091372848746,0.75,0.0,1.0,0.0,0.02247191011235955,0.0,0.0,alta_cobertura
RCT-2025-000263,0.23972602739726026,0.32100052110474203,1.0,0.5,0.0,0.0,0.0,0.0,0.0,0.0,0.39082478620406313,0.21631821497857168,1.0,0.0,1.0,0.0,0.10112359550561797,0.0,1.0,alta_cobertura
RCT-2026-000264,0.1095890410958904,0.23345492443981236,1.0,0.25,0.0,0.0,0.0,0.0,0.0,0.0,0.3243138239388176,0.4935518929545691,0.5,1.0,0.0,1.0,0.3258426966292135,1.0,0.0,referral
RCT-2025-000265,0.19863013698630136,0.797029702970297,1.0,0.75,0.0,1.0,0.1361957785273255,0.12517431370505294,0.3333333333333333,0.3333333333333333,0.34772267440322646,0.5251609148891558,0.5,1.0,0.0,0.0,0.0449438202247191,1.0,1.0,alto_risco
RCT-2024-000266,0.5205479452054794,0.5755107156285248,0.0,1.0,1.0,1.0,0.06962769078067377,0.06659139366886277,0.3333333333333333,0.6666666666666666,0.00474948348861759,0.7202525998315548,0.625,0.0,0.0,0.0,0.0898876404494382,0.0,0.0,alto_risco
RCT-2026-000267,0.07534246575342465,0.0792079207920792,1.0,0.0,0.0,0.0,0.0,0.0,0.0,0.0,0.8661942070779999,0.3168807650621674,0.75,0.0,1.0,0.0,0.0898876404494382,0.0,1.0,alta_cobertura
RCT-2026-000268,0.958904109589041,0.9538184587689537,1.0,1.0,1.0,1.0,0.6561284508172155,0.7134380260709006,1.0,0.6666666666666666,0.35965854741935166,0.24885130014892382,0.375,1.0,0.0,0.0,0.02247191011235955,1.0,1.0,alto_risco
RCT-2026-000269,0.10273972602739725,0.308030803080308,0.0,0.75,1.0,0.0,0.01840715775811457,0.023436492087904638,0.3333333333333333,0.0,0.23852071550760962,0.10960167138974547,0.375,0.0,0.0,1.0,0.8651685393258426,0.0,0.0,referral
RCT-2025-000270,0.26712328767123283,0.5016501650165016,0.0,1.0,1.0,1.0,0.03967257544467986,0.03943711894697815,0.3333333333333333,1.0,0.2882644680299391,0.807846759852348,0.625,0.0,0.0,0.0,0.0,1.0,0.0,alto_risco
RCT-2025-000271,0.4931506849315068,0.9019141914191419,0.0,0.75,1.0,1.0,0.03438992420124515,0.03761066142728252,0.3333333333333333,0.6666666666666666,0.21539416626726626,0.809684858959768,0.5,0.0,0.0,1.0,0.0898876404494382,0.0,0.0,alto_risco
RCT-2024-000272,0.21232876712328766,0.652300524170064,0.0,0.75,0.0,0.0,0.7102131470016425,0.7655699073406927,1.0,0.3333333333333333,0.36367779419240887,0.4844001771343846,0.375,1.0,0.0,0.0,0.033707865168539325,1.0,1.0,alto_risco
RCT-2025-000273,0.03424657534246575,0.5544554455445544,1.0,0.5,0.0,0.0,0.014699465386995464,0.020547391496115217,0.3333333333333333,0.0,0.3594153098232773,0.18462074021307795,0.5,1.0,0.0,1.0,0.3595505617977528,1.0,0.0,referral
RCT-2026-000274,0.0821917808219178,0.29570957095709566,1.0,0.25,0.0,0.0,0.0028752126818363706,0.002563140295260949,0.3333333333333333,1.0,0.6266759144544626,0.15591269738685626,0.75,0.0,1.0,0.0,0.056179775280898875,0.0,1.0,alta_cobertura
RCT-2025-000275,0.23972602739726026,0.11672746221990618,0.0,0.5,0.0,1.0,0.0,0.0,0.0,0.0,0.2773154267175205,0.27918367845976294,0.625,0.0,0.0,1.0,0.3820224719101123,1.0,0.0,referral
RCT-2024-000276,0.5616438356164384,0.5218404193360512,0.0,0.75,0.0,1.0,0.2815446442453038,0.27767077882461627,0.6666666666666666,0.6666666666666666,0.3367649897438104,0.308816704041115,0.75,1.0,0.0,0.0,0.10112359550561797,1.0,0.0,alto_risco
RCT-2025-000277,0.36986301369863017,0.0,1.0,0.0,0.0,0.0,0.0,0.0,0.0,0.0,0.8928102786143045,0.3383359296399466,0.75,0.0,1.0,0.0,0.011235955056179775,0.0,0.0,alta_cobertura
RCT-2026-000278,0.1643835616438356,0.2053538687202053,1.0,0.5,0.0,0.0,0.0,0.0,0.0,0.0,0.4310582577675893,0.34263220941505107,0.375,1.0,0.0,1.0,0.9775280898876404,1.0,0.0,referral
RCT-2024-000279,0.31506849315068497,0.20367751060820366,0.0,0.0,0.0,0.0,0.0,0.0,0.0,0.0,0.9648145396749538,0.3067588371061986,0.875,0.0,1.0,0.0,0.011235955056179775,0.0,1.0,alta_cobertura
RCT-2025-000280,0.0958904109589041,0.326150262085032,1.0,0.5,0.0,1.0,0.0,0.0,0.0,0.0,0.18872693602138707,0.5787124259884358,0.5,0.0,0.0,1.0,0.595505617977528,1.0,0.0,referral
RCT-2024-000281,0.9383561643835616,0.6178217821782178,1.0,0.75,1.0,0.0,0.12142659309727108,0.12191299124576026,0.6666666666666666,1.0,0.14712557226768463,0.30660253010071775,0.375,0.0,0.0,0.0,0.02247191011235955,1.0,0.0,alto_risco
RCT-2025-000282,0.0410958904109589,0.1232123212321232,0.0,0.25,0.0,0.0,0.0,0.0,0.0,0.0,0.2711987742824512,0.1853620900887829,0.5,0.0,0.0,1.0,0.3595505617977528,1.0,0.0,referral
RCT-2025-000283,0.4452054794520548,0.9947582993593477,0.0,0.75,1.0,1.0,0.09317503666931495,0.08669126889401245,0.3333333333333333,0.3333333333333333,0.3674292086028921,0.6103131118193257,0.625,1.0,0.0,1.0,0.0898876404494382,1.0,1.0,alto_risco
RCT-2026-000284,0.34931506849315064,0.2053538687202053,1.0,0.5,0.0,1.0,0.0,0.0,0.0,0.0,0.4576300757427234,0.2089307638813091,1.0,0.0,0.0,0.0,0.06741573033707865,0.0,0.0,alta_cobertura
RCT-2026-000285,0.3561643835616438,0.060486048604860475,1.0,0.0,0.0,0.0,0.0,0.0,0.0,0.0,0.961510565403252,0.25590606340008176,1.0,0.0,0.0,0.0,0.056179775280898875,0.0,1.0,alta_cobertura
RCT-2024-000286,0.0821917808219178,0.22178217821782176,0.0,0.25,0.0,0.0,0.0,0.0,0.0,0.0,0.5245045558548116,0.14553234078465593,0.625,1.0,0.0,1.0,0.550561797752809,1.0,0.0,referral
RCT-2026-000287,0.17123287671232876,0.1584158415841584,0.0,0.75,1.0,0.0,0.0,0.0,0.0,0.0,0.18155316232727148,0.44370943990931005,0.375,1.0,0.0,1.0,0.2247191011235955,0.0,0.0,referral
RCT-2025-000288,0.9794520547945206,0.6152176861521768,0.0,1.0,1.0,1.0,0.020143589107075675,0.02337243143030735,0.3333333333333333,0.6666666666666666,0.27409055680308625,0.8249202321112834,0.375,1.0,0.0,0.0,0.02247191011235955,1.0,1.0,alto_risco
RCT-2025-000289,0.3287671232876712,0.8914773830324209,0.0,0.75,1.0,1.0,0.41789073147317557,0.4740144805645825,1.0,0.3333333333333333,0.2223210034122417,0.9646297790204137,0.25,1.0,0.0,0.0,0.0449438202247191,1.0,0.0,alto_risco
RCT-2025-000290,0.3287671232876712,0.3044069112793632,1.0,0.5,0.0,0.0,0.0,0.0,0.0,0.0,0.7836328635374986,0.221038527887913,0.875,0.0,1.0,0.0,0.02247191011235955,0.0,1.0,alta_cobertura
RCT-2024-000291,0.136986301369863,0.24106758501937148,1.0,0.25,0.0,1.0,0.006476080331466938,0.007103669126023316,0.3333333333333333,1.0,0.36288317785590096,0.31580376951770833,0.75,0.0,0.0,0.0,0.02247191011235955,0.0,0.0,alta_cobertura
RCT-2025-000292,0.1232876712328767,0.47524752475247517,0.0,0.5,1.0,0.0,0.013219410513203595,0.01786544979667068,0.3333333333333333,0.0,0.4736080809286407,0.468979708864161,0.625,0.0,0.0,1.0,0.2921348314606741,1.0,0.0,referral
RCT-2025-000293,0.6506849315068494,0.8599717114568598,0.0,1.0,1.0,0.0,0.459629205340899,0.546828579404875,0.6666666666666666,0.3333333333333333,0.1320236099908324,0.6393440294251664,0.375,0.0,0.0,1.0,0.011235955056179775,1.0,1.0,alto_risco
RCT-2025-000294,0.0,0.36963696369636956,1.0,0.5,0.0,1.0,0.0,0.0,0.0,0.0,0.1427907857409984,0.438151460136669,0.25,0.0,0.0,1.0,0.2247191011235955,1.0,0.0,referral
RCT-2025-000295,0.0547945205479452,0.3024302430243024,0.0,0.0,0.0,0.0,0.0,0.0,0.0,0.0,0.3380941083735326,0.15448427222887512,0.875,0.0,1.0,0.0,0.10112359550561797,0.0,1.0,alta_cobertura
RCT-2024-000296,0.02054794520547945,0.36963696369636956,1.0,0.5,0.0,0.0,0.0,0.0,0.0,0.0,0.4396462972345637,0.026611287867520927,1.0,0.0,0.0,0.0,0.02247191011235955,0.0,1.0,alta_cobertura
RCT-2024-000297,0.04794520547945205,0.4435643564356435,0.0,0.25,1.0,0.0,0.022588003808956626,0.021400345020063768,0.3333333333333333,0.0,0.13278270447506435,0.3831572777257562,0.75,1.0,0.0,1.0,0.449438202247191,1.0,0.0,referral
RCT-2025-000298,0.684931506849315,0.8182255118715754,0.0,0.75,1.0,1.0,0.17601962908899005,0.2094477247606702,0.6666666666666666,1.0,0.3134996831770491,0.5970343657000627,0.375,1.0,0.0,0.0,0.06741573033707865,1.0,1.0,alto_risco
RCT-2025-000299,0.2191780821917808,0.19009900990099007,0.0,0.5,1.0,0.0,0.0,0.0,0.0,0.0,0.5225137822182773,0.32281465805852844,0.375,0.0,0.0,1.0,0.8876404494382022,1.0,0.0,referral
RCT-2025-000300,0.2808219178082192,0.2772277227722772,1.0,0.0,0.0,1.0,0.0,0.0,0.0,0.0,0.5200353630616306,0.15616711324582455,0.75,0.0,1.0,0.0,0.033707865168539325,0.0,1.0,alta_cobertura
RCT-2025-000301,0.0958904109589041,0.0652300524170064,1.0,0.5,0.0,0.0,0.0,0.0,0.0,0.0,0.934276712503591,0.2608837440167185,0.875,0.0,1.0,0.0,0.033707865168539325,0.0,1.0,alta_cobertura
RCT-2025-000302,0.0684931506849315,0.25590251332825587,1.0,0.0,0.0,0.0,0.009198784882241967,0.008267644050156347,0.3333333333333333,1.0,0.6436144541662416,0.10045615839970079,0.875,0.0,1.0,0.0,0.011235955056179775,0.0,1.0,alta_cobertura
RCT-2024-000303,0.4452054794520548,0.6849155503785672,0.0,0.75,1.0,1.0,0.36263023973021385,0.419983923026762,1.0,0.3333333333333333,0.23590235190960723,0.6982082391791229,0.25,1.0,0.0,0.0,0.02247191011235955,0.0,0.0,alto_risco
RCT-2025-000304,0.0547945205479452,0.3024302430243024,1.0,0.25,1.0,1.0,0.0,0.0,0.0,0.0,0.5356590542670275,0.365191072818225,0.5,1.0,0.0,1.0,0.7865168539325842,0.0,0.0,referral
RCT-2026-000305,0.1232876712328767,0.1584158415841584,1.0,0.5,0.0,1.0,0.019917661890725493,0.021865085804715526,0.3333333333333333,0.0,0.22440062231788405,0.5285212996527,0.5,0.0,0.0,1.0,0.2584269662921348,1.0,0.0,referral
RCT-2025-000306,0.08904109589041095,0.1386138613861386,0.0,0.25,1.0,1.0,0.0,0.0,0.0,0.0,0.47630193156844525,0.32865209766719844,0.75,0.0,0.0,1.0,0.20224719101123595,1.0,0.0,referral
RCT-2026-000307,0.14383561643835616,0.5082508250825082,0.0,0.5,1.0,0.0,0.0,0.0,0.0,0.0,0.43287890874963963,0.44117942097408686,0.25,1.0,0.0,1.0,0.4606741573033708,1.0,0.0,referral
RCT-2025-000308,0.1232876712328767,0.264026402640264,1.0,0.25,1.0,1.0,0.0,0.0,0.0,0.0,0.46775840198558305,0.3210369077277286,0.75,1.0,0.0,1.0,0.5393258426966292,0.0,0.0,referral
RCT-2026-000309,0.5821917808219178,0.5166516651665166,0.0,0.75,1.0,1.0,0.6527033186178737,0.6721232365664773,0.6666666666666666,0.6666666666666666,0.041670977005583365,0.42416854171450297,0.25,1.0,0.0,0.0,0.0,1.0,1.0,alto_risco
RCT-2026-000310,0.0821917808219178,0.14785478547854783,1.0,0.5,0.0,1.0,0.010946770382415363,0.010543050048357283,0.3333333333333333,1.0,0.9970543167356231,0.3438908519329163,0.75,0.0,1.0,0.0,0.0,0.0,0.0,alta_cobertura
RCT-2025-000311,0.13013698630136986,0.050405040504050404,1.0,0.5,0.0,1.0,0.0,0.0,0.0,0.0,0.8692809860294702,0.20256789217422838,0.875,0.0,1.0,0.0,0.033707865168539325,0.0,1.0,alta_cobertura
RCT-2025-000312,0.4246575342465754,0.5118050266565117,0.0,0.75,1.0,1.0,0.38779124875542936,0.3888828772317738,1.0,0.6666666666666666,0.3815947741949349,0.7674994967849476,0.5,1.0,0.0,0.0,0.10112359550561797,0.0,0.0,alto_risco
RCT-2024-000313,0.07534246575342465,0.396039603960396,0.0,0.75,1.0,1.0,0.0,0.0,0.0,0.0,0.4922931614560251,0.3632220749340795,0.625,0.0,0.0,1.0,0.3707865168539326,0.0,0.0,referral
RCT-2025-000314,0.08904109589041095,0.2772277227722772,1.0,0.5,0.0,0.0,0.0,0.0,0.0,0.0,0.12117747177312688,0.2197106093181213,0.75,0.0,0.0,1.0,0.2921348314606741,1.0,0.0,referral
RCT-2026-000315,0.00684931506849315,0.2772277227722772,1.0,0.75,0.0,0.0,0.0,0.0,0.0,0.0,0.44413655997683466,0.11939816357377525,0.625,0.0,0.0,1.0,0.898876404494382,1.0,0.0,referral
RCT-2025-000316,0.0136986301369863,0.22178217821782176,0.0,0.25,0.0,0.0,0.0,0.0,0.0,0.0,0.37070889071682156,0.14590133242311504,0.75,1.0,0.0,1.0,0.4269662921348314,0.0,0.0,referral
RCT-2026-000317,0.1232876712328767,0.2112211221122112,1.0,0.25,0.0,0.0,0.0,0.0,0.0,0.0,0.5549797892554119,0.27321227753320193,0.75,0.0,1.0,0.0,0.056179775280898875,0.0,0.0,alta_cobertura
RCT-2026-000318,0.0684931506849315,0.25590251332825587,1.0,0.25,0.0,0.0,0.0,0.0,0.0,0.0,0.5766250624290824,0.01244185714942958,1.0,0.0,1.0,0.0,0.06741573033707865,0.0,1.0,alta_cobertura
RCT-2025-000319,0.6232876712328766,0.46008005055824724,0.0,0.75,0.0,1.0,0.3355447908930475,0.38779312783644954,0.6666666666666666,0.3333333333333333,0.0827548454987449,0.49715914654443977,0.375,0.0,0.0,1.0,0.011235955056179775,0.0,0.0,alto_risco
RCT-2024-000320,0.1643835616438356,0.4107077374404106,1.0,0.25,0.0,1.0,0.0,0.0,0.0,0.0,0.28926005512826314,0.2315357940210932,0.375,1.0,0.0,1.0,0.2584269662921348,1.0,0.0,referral
RCT-2025-000321,0.11643835616438356,0.11089108910891088,0.0,0.25,0.0,0.0,0.0,0.0,0.0,0.0,0.42404989147289673,0.17369550657865762,0.75,0.0,1.0,0.0,0.0898876404494382,0.0,1.0,alta_cobertura
RCT-2025-000322,0.4178082191780822,0.8490099009900989,0.0,1.0,0.0,1.0,0.457011711643767,0.46416344869559456,0.6666666666666666,0.3333333333333333,0.029452510414450572,0.5681853056081356,0.125,1.0,0.0,0.0,0.10112359550561797,0.0,1.0,alto_risco
RCT-2026-000323,0.40410958904109584,0.8406259980836792,0.0,1.0,1.0,1.0,0.24301280676973666,0.27131256738584,0.6666666666666666,0.3333333333333333,0.12214880422230256,0.6045039943743373,0.375,1.0,0.0,0.0,0.056179775280898875,0.0,1.0,alto_risco
RCT-2026-000324,0.31506849315068497,0.5884016973125884,0.0,0.75,1.0,0.0,0.08058582964808911,0.07648577199613385,0.3333333333333333,1.0,0.2217086843750844,0.5359478842301064,0.5,0.0,0.0,0.0,0.0449438202247191,0.0,0.0,alto_risco
RCT-2024-000325,0.29452054794520544,0.6990959965561773,1.0,0.75,1.0,1.0,0.27316117682938607,0.28131179682438523,0.6666666666666666,0.3333333333333333,0.36825155384218067,0.8822156680767863,0.125,0.0,0.0,0.0,0.02247191011235955,0.0,0.0,alto_risco
RCT-2025-000326,0.2808219178082192,0.1764176417641764,0.0,0.25,0.0,0.0,0.013412603348121662,0.011909447862911662,0.3333333333333333,1.0,0.6006293427979954,0.09569393728464204,0.875,0.0,1.0,1.0,0.056179775280898875,0.0,0.0,alta_cobertura
RCT-2024-000327,0.8013698630136986,0.9240924092409241,0.0,0.75,0.0,1.0,0.4181148639161401,0.4442178082806344,0.6666666666666666,1.0,0.28415286691713704,0.7411539381040861,0.375,1.0,0.0,0.0,0.056179775280898875,0.0,0.0,alto_risco
RCT-2026-000328,0.3013698630136986,0.6842216136507266,0.0,1.0,1.0,0.0,0.12671766596966935,0.12435933269251269,0.3333333333333333,0.6666666666666666,0.12207673363924587,0.31236691874087935,0.5,0.0,0.0,0.0,0.0898876404494382,1.0,0.0,alto_risco
RCT-2025-000329,0.7671232876712328,0.607490314248816,0.0,1.0,1.0,1.0,0.4968391565128751,0.5426092072719015,0.6666666666666666,0.3333333333333333,0.22540107029515172,0.9632503430317187,0.25,1.0,0.0,0.0,0.06741573033707865,0.0,1.0,alto_risco
RCT-2026-000330,0.22602739726027396,0.40044004400440036,1.0,0.75,0.0,0.0,0.0,0.0,0.0,0.0,0.24253000777625078,0.1737083058597596,0.75,1.0,0.0,1.0,1.0,0.0,0.0,referral
RCT-2026-000331,0.1095890410958904,0.40854611776967165,0.0,0.25,1.0,1.0,0.005398354618409421,0.006487591744669554,0.3333333333333333,0.0,0.319446600698712,0.43032765766281506,0.625,0.0,0.0,1.0,0.7303370786516854,1.0,0.0,referral
RCT-2025-000332,0.1506849315068493,0.7984158415841583,0.0,0.75,1.0,1.0,0.14023419478996424,0.1559252122177747,0.3333333333333333,1.0,0.2575165741441012,0.935479172371489,0.125,0.0,0.0,0.0,0.0449438202247191,0.0,0.0,alto_risco
RCT-2025-000333,0.0410958904109589,0.1232123212321232,1.0,0.0,0.0,0.0,0.0,0.0,0.0,0.0,0.8650287866571787,0.13630438491003455,1.0,0.0,1.0,0.0,0.10112359550561797,0.0,1.0,alta_cobertura
RCT-2024-000334,0.7465753424657534,0.8514851485148515,0.0,0.75,1.0,1.0,0.33317128164158105,0.33551944112101645,0.6666666666666666,0.3333333333333333,0.19330581476101316,0.9319940933545121,0.25,0.0,0.0,0.0,0.02247191011235955,0.0,0.0,alto_risco
RCT-2025-000335,0.2808219178082192,0.252025202520252,1.0,0.25,1.0,1.0,0.0,0.0,0.0,0.0,0.6909731397413726,0.22676062788472534,1.0,0.0,1.0,0.0,0.0449438202247191,0.0,1.0,alta_cobertura
RCT-2026-000336,0.19863013698630136,0.3118811881188118,1.0,0.0,0.0,0.0,0.0,0.0,0.0,0.0,0.7225909612061021,0.11850026491519844,1.0,0.0,1.0,1.0,0.10112359550561797,0.0,0.0,alta_cobertura
RCT-2026-000337,0.04794520547945205,0.4435643564356435,0.0,0.75,0.0,0.0,0.0,0.0,0.0,0.0,0.2086790964915296,0.1707672172338936,0.625,1.0,0.0,1.0,0.8876404494382022,0.0,0.0,referral
RCT-2026-000338,0.1643835616438356,0.8214154748808212,0.0,1.0,1.0,1.0,0.2663809561994648,0.27523897069331166,0.3333333333333333,0.6666666666666666,0.259272253724374,0.7732892845095332,0.5,1.0,0.0,0.0,0.10112359550561797,0.0,0.0,alto_risco
RCT-2026-000339,0.21232876712328766,0.0,1.0,0.0,0.0,0.0,0.0,0.0,0.0,0.0,0.3539235223785647,0.060723220028754354,0.75,0.0,0.0,0.0,0.056179775280898875,0.0,0.0,alta_cobertura
RCT-2026-000340,0.1506849315068493,0.2661386138613861,1.0,0.0,0.0,0.0,0.0,0.0,0.0,0.0,0.5478011472251307,0.3495622645863134,0.875,0.0,1.0,0.0,0.0898876404494382,0.0,1.0,alta_cobertura
RCT-2026-000341,0.136986301369863,0.38570813603099435,1.0,0.75,0.0,0.0,0.0,0.0,0.0,0.0,0.49097048548210276,0.22692535918561124,0.5,1.0,0.0,1.0,0.2808988764044944,1.0,0.0,referral
RCT-2024-000342,0.0684931506849315,0.25590251332825587,0.0,0.25,0.0,0.0,0.0,0.0,0.0,0.0,0.10441701897157624,0.4957352647044975,0.125,0.0,0.0,1.0,0.20224719101123595,0.0,0.0,referral
RCT-2026-000343,0.06164383561643835,0.0,1.0,0.25,0.0,1.0,0.008567243641401153,0.008064507168365617,0.3333333333333333,1.0,0.5787398526830712,0.11591838811345861,1.0,0.0,1.0,0.0,0.011235955056179775,0.0,1.0,alta_cobertura
RCT-2025-000344,0.7054794520547946,0.6172239865495983,0.0,0.75,1.0,0.0,0.17582793586578682,0.19020941742871267,1.0,0.6666666666666666,0.3748291919565482,0.9258061689395087,0.25,0.0,0.0,0.0,0.02247191011235955,0.0,1.0,alto_risco
RCT-2026-000345,0.5821917808219178,0.693069306930693,0.0,1.0,1.0,1.0,0.2746156240478953,0.32943492496556964,0.3333333333333333,0.3333333333333333,0.2656987205467369,0.4320026854952936,0.375,1.0,0.0,0.0,0.033707865168539325,0.0,1.0,alto_risco
RCT-2026-000346,0.6575342465753424,0.8624862486248625,0.0,1.0,1.0,1.0,0.4486085778913606,0.4521337798953626,1.0,0.3333333333333333,0.24755567481266944,0.5809578135582047,0.375,1.0,0.0,0.0,0.0,0.0,1.0,alto_risco
RCT-2025-000347,0.1506849315068493,0.3104950495049505,1.0,0.0,0.0,0.0,0.0,0.0,0.0,0.0,0.6718533337767548,0.21715622420861752,1.0,0.0,1.0,0.0,0.02247191011235955,0.0,1.0,alta_cobertura
RCT-2025-000348,0.2054794520547945,0.40324032403240323,0.0,0.5,1.0,0.0,0.0,0.0,0.0,0.0,0.2660491084437336,0.10745527073464922,0.375,0.0,0.0,1.0,0.5280898876404494,1.0,0.0,referral
RCT-2025-000349,0.5205479452054794,0.8843213435267576,0.0,1.0,0.0,1.0,0.31463668069106715,0.3184023176514733,0.3333333333333333,1.0,0.13179879423197705,0.289518584381435,0.25,1.0,0.0,0.0,0.10112359550561797,1.0,1.0,alto_risco
RCT-2025-000350,0.363013698630137,0.6336633663366336,0.0,1.0,1.0,1.0,0.617474116487572,0.575993567892567,0.6666666666666666,0.6666666666666666,0.04554077475670265,0.2646546615659969,0.375,1.0,0.0,0.0,0.0898876404494382,1.0,1.0,alto_risco
RCT-2026-000351,0.23287671232876714,0.1798233877441798,0.0,0.5,1.0,1.0,0.0,0.0,0.0,0.0,0.4565892506481606,0.42779152703598927,0.375,0.0,0.0,1.0,0.8202247191011236,1.0,0.0,referral
RCT-2026-000352,0.2534246575342466,0.41584158415841577,1.0,0.25,1.0,1.0,0.0,0.0,0.0,0.0,0.222769162987784,0.2442567797226834,0.375,1.0,0.0,1.0,0.4382022471910112,1.0,0.0,referral
RCT-2025-000353,0.9794520547945206,0.6531940865319408,0.0,0.75,0.0,1.0,0.6394543633735519,0.6372303896239495,0.6666666666666666,0.3333333333333333,0.1597546730703832,0.9977021684034988,0.25,1.0,0.0,0.0,0.06741573033707865,0.0,1.0,alto_risco
RCT-2024-000354,0.03424657534246575,0.41584158415841577,0.0,0.25,0.0,1.0,0.004333197079723748,0.005783059704731446,0.3333333333333333,0.0,0.2688689034962837,0.2664961124228214,0.375,1.0,0.0,1.0,0.550561797752809,0.0,0.0,referral
RCT-2026-000355,0.5,0.7879103699843668,0.0,0.75,1.0,0.0,0.2643471447064463,0.2505816378597836,0.6666666666666666,0.3333333333333333,0.17878358702716035,0.9776254564991773,0.625,1.0,0.0,0.0,0.056179775280898875,1.0,1.0,alto_risco
RCT-2024-000356,0.26027397260273977,0.8925380342912339,1.0,1.0,1.0,1.0,0.0667583051615007,0.07435598221407785,0.3333333333333333,0.6666666666666666,0.3602488267871631,0.6840489555809974,0.125,1.0,0.0,0.0,0.06741573033707865,1.0,1.0,alto_risco
RCT-2025-000357,0.0821917808219178,0.36963696369636956,0.0,0.75,0.0,0.0,0.004789926440665311,0.006152941032479429,0.3333333333333333,0.0,0.3309392514073618,0.3246295628738986,0.5,0.0,0.0,1.0,0.797752808988764,1.0,0.0,referral
RCT-2025-000358,0.04794520547945205,0.33267326732673264,1.0,0.25,0.0,0.0,0.0,0.0,0.0,0.0,0.43793873691460705,0.3438409580080389,0.25,0.0,0.0,1.0,0.797752808988764,1.0,0.0,referral
RCT-2025-000359,0.29452054794520544,0.7955230305639258,0.0,1.0,0.0,1.0,0.22131336336752502,0.2403057557772073,0.3333333333333333,0.6666666666666666,0.36976275135678693,0.7094952481691077,0.5,1.0,0.0,0.0,0.0898876404494382,1.0,1.0,alto_risco
RCT-2025-000360,0.9931506849315069,0.9665507091249664,1.0,0.75,1.0,1.0,0.3249905569688351,0.31339523982123024,0.6666666666666666,1.0,0.33925468032091854,0.36307976435932804,0.125,0.0,0.0,0.0,0.10112359550561797,0.0,1.0,alto_risco
RCT-2025-000361,0.7876712328767123,0.7799966437321697,0.0,1.0,1.0,1.0,0.47908739572354725,0.45079660925414183,1.0,1.0,0.2564327175837138,0.6928826500756016,0.375,1.0,0.0,0.0,0.07865168539325842,0.0,0.0,alto_risco
RCT-2026-000362,0.1506849315068493,0.3992079207920792,1.0,0.75,1.0,0.0,0.0,0.0,0.0,0.0,0.24280065760327668,0.5274989316423442,0.875,0.0,0.0,1.0,0.898876404494382,1.0,0.0,referral
RCT-2025-000363,0.821917808219178,0.9195846413909682,0.0,0.75,0.0,1.0,0.49322369740322564,0.5174831750151825,1.0,0.3333333333333333,0.29083626041068,0.9226214479924839,0.375,0.0,0.0,0.0,0.02247191011235955,1.0,1.0,alto_risco
RCT-2026-000364,0.9863013698630138,0.8524280999528523,0.0,1.0,1.0,1.0,0.6427834966197847,0.6537262434317072,1.0,1.0,0.007557982384405332,0.43094193616908943,0.5,0.0,0.0,0.0,0.10112359550561797,0.0,1.0,alto_risco
RCT-2025-000365,0.31506849315068497,0.045261669024045256,0.0,0.5,0.0,1.0,0.0,0.0,0.0,0.0,0.8768681598362745,0.09358181887110129,0.875,0.0,1.0,0.0,0.0898876404494382,0.0,0.0,alta_cobertura
RCT-2026-000366,0.1506849315068493,0.3104950495049505,0.0,0.75,0.0,0.0,0.0,0.0,0.0,0.0,0.22980730258737025,0.4187845002128738,0.375,0.0,0.0,1.0,0.6629213483146067,0.0,0.0,referral
RCT-2024-000367,0.02054794520547945,0.36963696369636956,1.0,0.25,1.0,0.0,0.0,0.0,0.0,0.0,0.4495059153541132,0.42415556260879056,0.5,0.0,0.0,1.0,0.24719101123595502,1.0,0.0,referral
RCT-2025-000368,0.5,0.5544554455445544,0.0,0.75,1.0,1.0,0.2585017534555124,0.24486707907850278,0.6666666666666666,0.6666666666666666,0.06607372120180455,0.29952759073015117,0.5,0.0,0.0,0.0,0.07865168539325842,1.0,1.0,alto_risco
RCT-2025-000369,0.0410958904109589,0.2464246424642464,1.0,0.5,0.0,0.0,0.0,0.0,0.0,0.0,0.09598999713685774,0.4787954609188015,0.5,1.0,0.0,1.0,0.8651685393258426,1.0,0.0,referral
RCT-2026-000370,0.23972602739726026,0.17509119332985928,1.0,0.25,0.0,0.0,0.0,0.0,0.0,0.0,0.7591095693844067,0.10013839328112767,1.0,0.0,1.0,0.0,0.033707865168539325,0.0,1.0,alta_cobertura
RCT-2025-000371,0.4246575342465754,0.8530083777608529,0.0,0.75,1.0,0.0,0.6991983751788001,0.6681091517390048,1.0,0.3333333333333333,0.2199679493312483,0.6206430730554591,0.625,0.0,0.0,0.0,0.06741573033707865,1.0,0.0,alto_risco
RCT-2025-000372,0.3904109589041096,0.29570957095709566,1.0,0.5,0.0,0.0,0.0,0.0,0.0,0.0,0.6081952501918193,0.32341283994092734,1.0,0.0,1.0,0.0,0.06741573033707865,0.0,1.0,alta_cobertura
RCT-2025-000373,0.136986301369863,0.28928110202324575,1.0,0.25,0.0,0.0,0.0,0.0,0.0,0.0,0.5722928651675416,0.2639221820522241,1.0,0.0,0.0,0.0,0.033707865168539325,0.0,1.0,alta_cobertura
RCT-2025-000374,0.15753424657534246,0.9809596344249808,0.0,0.75,1.0,1.0,0.6343758021434964,0.7198562085599038,1.0,1.0,0.11061636263481445,0.7008566510508585,0.375,1.0,0.0,0.0,0.056179775280898875,1.0,0.0,alto_risco
RCT-2026-000375,0.02054794520547945,0.18481848184818478,0.0,0.25,1.0,0.0,0.012485486257953381,0.011107884818354617,0.3333333333333333,1.0,0.4296397648718586,0.13689827155316492,0.625,0.0,1.0,0.0,0.06741573033707865,0.0,1.0,alta_cobertura
RCT-2025-000376,0.18493150684931506,0.14785478547854783,1.0,0.0,0.0,0.0,0.01123865195018505,0.011302512950926795,0.3333333333333333,1.0,0.520417077421179,0.28342863046389016,0.75,0.0,1.0,0.0,0.07865168539325842,0.0,1.0,alta_cobertura
RCT-2025-000377,0.0821917808219178,0.22178217821782176,0.0,0.5,1.0,1.0,0.011026649699758214,0.011295677222905134,0.3333333333333333,1.0,0.820350599257517,0.2174579707513089,1.0,0.0,1.0,0.0,0.07865168539325842,0.0,1.0,alta_cobertura
RCT-2025-000378,0.1506849315068493,0.22178217821782176,1.0,0.5,0.0,0.0,0.0,0.0,0.0,0.0,0.15003233750142408,0.3904450487566839,0.5,0.0,0.0,1.0,0.24719101123595502,1.0,0.0,referral
RCT-2025-000379,0.18493150684931506,0.5174917491749175,0.0,0.75,0.0,1.0,0.6105977350416897,0.6072725031585563,1.0,0.6666666666666666,0.11536264783912958,0.3489550853079732,0.125,1.0,0.0,0.0,0.02247191011235955,0.0,0.0,alto_risco
RCT-2025-000380,0.0821917808219178,0.0,1.0,0.5,0.0,0.0,0.0,0.0,0.0,0.0,0.749732416610208,0.008940274578289997,0.75,0.0,1.0,0.0,0.07865168539325842,0.0,1.0,alta_cobertura
RCT-2025-000381,0.1095890410958904,0.35018238665971857,1.0,0.25,0.0,0.0,0.0,0.0,0.0,0.0,0.08119534059228628,0.5137992043349562,0.5,1.0,0.0,1.0,0.797752808988764,0.0,0.0,referral
RCT-2025-000382,0.0410958904109589,0.36963696369636956,1.0,0.5,1.0,0.0,0.0,0.0,0.0,0.0,0.29403248955928785,0.43467191739055405,0.5,0.0,0.0,1.0,0.2696629213483146,1.0,0.0,referral
RCT-2025-000383,0.0958904109589041,0.2609202096680256,1.0,0.5,0.0,0.0,0.0,0.0,0.0,0.0,0.8133299515489268,0.08724138662394998,0.875,0.0,1.0,0.0,0.02247191011235955,0.0,1.0,alta_cobertura
RCT-2025-000384,0.1917808219178082,0.10731395720217181,0.0,0.75,0.0,0.0,0.010117608881593677,0.013582063478910947,0.3333333333333333,0.0,0.18237307000802244,0.45412259076842204,0.625,1.0,0.0,1.0,1.0,1.0,0.0,referral
RCT-2026-000385,0.02054794520547945,0.36963696369636956,1.0,0.0,0.0,0.0,0.0,0.0,0.0,0.0,0.37771942227416777,0.0966806031888282,0.875,0.0,1.0,0.0,0.02247191011235955,0.0,1.0,alta_cobertura
RCT-2025-000386,0.9794520547945206,0.6228129662281296,0.0,0.75,1.0,1.0,0.40164644226832424,0.3717807940537987,0.6666666666666666,0.6666666666666666,0.14217114972869627,0.8987328988233658,0.375,0.0,0.0,0.0,0.033707865168539325,1.0,0.0,alto_risco
RCT-2026-000387,0.24657534246575338,0.5402386392485402,1.0,0.25,1.0,0.0,0.0,0.0,0.0,0.0,0.1999235914564192,0.5613422673041699,0.375,0.0,0.0,1.0,0.4943820224719101,0.0,0.0,referral
RCT-2026-000388,0.1506849315068493,0.620990099009901,0.0,0.75,1.0,1.0,0.1526270050439416,0.14521423900398053,0.3333333333333333,1.0,0.16278949146451355,0.8433986308107009,0.375,0.0,0.0,1.0,0.02247191011235955,1.0,0.0,alto_risco
RCT-2025-000389,0.0821917808219178,0.22178217821782176,1.0,0.25,0.0,0.0,0.002872960883928082,0.002702385511494481,0.3333333333333333,1.0,0.5364112168319518,0.2305164023884403,0.875,0.0,1.0,0.0,0.07865168539325842,0.0,1.0,alta_cobertura
RCT-2025-000390,0.2054794520547945,0.5376537653765376,1.0,1.0,1.0,1.0,0.30949535475990614,0.27884341036600296,0.3333333333333333,0.6666666666666666,0.10017599036916336,0.9344170342898246,0.25,1.0,0.0,1.0,0.011235955056179775,0.0,1.0,alto_risco
RCT-2026-000391,0.28767123287671237,0.22178217821782176,1.0,0.0,0.0,0.0,0.0,0.0,0.0,0.0,0.448323999273179,0.2660667547204016,0.75,0.0,1.0,0.0,0.0,0.0,1.0,alta_cobertura
RCT-2026-000392,0.2534246575342466,0.8039603960396039,0.0,1.0,1.0,1.0,0.31811408983085493,0.33446551381339035,0.3333333333333333,1.0,0.11914370458569601,0.632574378517442,0.25,1.0,0.0,0.0,0.0898876404494382,1.0,1.0,alto_risco
RCT-2024-000393,0.10273972602739725,0.1232123212321232,1.0,0.5,0.0,0.0,0.0,0.0,0.0,0.0,0.37944034295652873,0.220389145752176,0.375,1.0,0.0,1.0,0.2247191011235955,1.0,0.0,referral
RCT-2024-000394,0.00684931506849315,0.5544554455445544,0.0,0.75,1.0,0.0,0.0,0.0,0.0,0.0,0.46133293646140416,0.32969058479297003,0.625,0.0,0.0,1.0,0.3146067415730337,0.0,0.0,referral
RCT-2025-000395,0.0821917808219178,0.4435643564356435,1.0,0.75,1.0,0.0,0.0,0.0,0.0,0.0,0.3289431525430194,0.4921966340324228,0.375,0.0,0.0,1.0,0.4943820224719101,0.0,0.0,referral
RCT-2026-000396,0.21232876712328766,0.326150262085032,1.0,0.5,0.0,0.0,0.0,0.0,0.0,0.0,0.7194697758101327,0.11990772554141038,0.625,0.0,1.0,0.0,0.07865168539325842,0.0,1.0,alta_cobertura
RCT-2025-000397,0.04794520547945205,0.5544554455445544,0.0,0.75,0.0,0.0,0.005084478745489013,0.007517281368945708,0.3333333333333333,0.0,0.17818630689400639,0.49151655004892586,0.375,0.0,0.0,1.0,0.9775280898876404,1.0,0.0,referral
RCT-2025-000398,0.21232876712328766,0.163075131042516,1.0,0.25,0.0,0.0,0.0,0.0,0.0,0.0,0.3831264037103931,0.5546075330446032,0.75,1.0,0.0,1.0,0.7303370786516854,1.0,0.0,referral
RCT-2026-000399,0.0273972602739726,0.1584158415841584,1.0,0.5,0.0,0.0,0.0,0.0,0.0,0.0,0.718390212010454,0.2974241290531367,0.75,0.0,1.0,0.0,0.07865168539325842,0.0,0.0,alta_cobertura
RCT-2026-000400,0.1917808219178082,0.21462791440434362,1.0,0.75,0.0,1.0,0.0,0.0,0.0,0.0,0.4945903293370262,0.3265114010123508,0.375,1.0,0.0,1.0,0.3370786516853932,1.0,0.0,referral
RCT-2024-000401,0.3356164383561644,0.2772277227722772,0.0,0.0,0.0,0.0,0.0,0.0,0.0,0.0,0.8442361745984609,0.1759950272115427,0.75,0.0,1.0,0.0,0.0449438202247191,0.0,0.0,alta_cobertura
RCT-2026-000402,0.31506849315068497,0.13578500707213575,1.0,0.0,0.0,0.0,0.0,0.0,0.0,0.0,0.6804305162700164,0.2341229405989952,0.875,0.0,1.0,0.0,0.056179775280898875,0.0,0.0,alta_cobertura
RCT-2026-000403,0.0136986301369863,0.0,1.0,0.5,1.0,0.0,0.0,0.0,0.0,0.0,0.3433372697723108,0.3073046421456644,0.875,0.0,0.0,0.0,0.0,0.0,1.0,alta_cobertura
RCT-2025-000404,0.28767123287671237,0.1232123212321232,1.0,0.25,1.0,1.0,0.0,0.0,0.0,0.0,0.3525091371218645,0.2701241113154386,0.75,0.0,1.0,0.0,0.0,0.0,1.0,alta_cobertura
RCT-2025-000405,0.06164383561643835,0.46204620462046203,1.0,0.75,0.0,0.0,0.0,0.0,0.0,0.0,0.3542999025335547,0.42256263389710286,0.25,0.0,0.0,1.0,0.550561797752809,1.0,0.0,referral
RCT-2025-000406,0.3835616438356164,0.9209598925994293,0.0,1.0,0.0,0.0,0.4834465527482898,0.5115403798093566,1.0,1.0,0.13905252929687123,0.7652803695941666,0.375,1.0,0.0,0.0,0.056179775280898875,0.0,1.0,alto_risco
RCT-2024-000407,0.21232876712328766,0.5870704717530576,0.0,1.0,1.0,1.0,0.36950745905438753,0.41265978688523663,1.0,0.3333333333333333,0.292902416785945,0.3398868754127608,0.5,0.0,0.0,0.0,0.011235955056179775,1.0,1.0,alto_risco
RCT-2025-000408,0.11643835616438356,0.05544554455445544,1.0,0.25,0.0,1.0,0.0,0.0,0.0,0.0,0.46922423048464756,0.08255913307762969,1.0,0.0,1.0,0.0,0.02247191011235955,0.0,1.0,alta_cobertura
RCT-2024-000409,0.3356164383561644,0.2985529322162985,0.0,0.0,0.0,0.0,0.01294759993905197,0.01225884313059968,0.3333333333333333,1.0,0.5429479627208077,0.057005481134474456,1.0,0.0,1.0,0.0,0.0898876404494382,0.0,1.0,alta_cobertura
RCT-2026-000410,0.0410958904109589,0.1232123212321232,1.0,0.25,1.0,0.0,0.0,0.0,0.0,0.0,0.8840382547155973,0.28998636152932294,0.75,0.0,0.0,0.0,0.056179775280898875,0.0,1.0,alta_cobertura
RCT-2026-000411,0.02054794520547945,0.18481848184818478,0.0,0.25,0.0,1.0,0.00956076258616733,0.009290459923201821,0.3333333333333333,0.0,0.41994959985308344,0.5153660323116889,0.375,1.0,0.0,1.0,0.3707865168539326,1.0,0.0,referral
RCT-2025-000412,0.5547945205479452,0.7524752475247525,0.0,0.75,1.0,1.0,0.3711793832962507,0.378938544857452,0.6666666666666666,1.0,0.06713584436104703,0.43253191083519443,0.625,1.0,0.0,0.0,0.0898876404494382,0.0,1.0,alto_risco
RCT-2025-000413,0.37671232876712324,0.24854899283031748,1.0,0.0,0.0,1.0,0.011172807094224088,0.011656897708598481,0.3333333333333333,1.0,0.6868443677902668,0.15922094001144937,1.0,0.0,0.0,0.0,0.02247191011235955,0.0,1.0,alta_cobertura
RCT-2024-000414,0.15753424657534246,0.5118050266565117,1.0,0.5,1.0,1.0,0.0,0.0,0.0,0.0,0.5312217093863312,0.10002438404980013,0.375,0.0,0.0,1.0,0.5056179775280898,1.0,0.0,referral
RCT-2024-000415,0.17123287671232876,0.7128712871287128,0.0,1.0,1.0,1.0,0.21010210432466403,0.21865312676529347,0.6666666666666666,0.6666666666666666,0.21811746365623014,0.7966171360419032,0.375,1.0,0.0,0.0,0.07865168539325842,0.0,0.0,alto_risco
RCT-2025-000416,0.26712328767123283,0.5544554455445544,0.0,1.0,0.0,1.0,0.45126456638317847,0.4850108052876714,0.6666666666666666,0.6666666666666666,0.14315485151208435,0.7960572589171295,0.5,1.0,0.0,1.0,0.06741573033707865,0.0,1.0,alto_risco
RCT-2025-000417,0.9726027397260274,0.7265278251963126,0.0,0.75,1.0,1.0,0.11957610556588552,0.13106202595541136,0.6666666666666666,0.6666666666666666,0.2400031467327402,0.4300477032382129,0.125,0.0,0.0,0.0,0.0,0.0,1.0,alto_risco
RCT-2025-000418,0.5273972602739726,0.9148514851485147,0.0,0.75,0.0,1.0,0.3891556478609676,0.37056173194939723,1.0,0.3333333333333333,0.0003460520828912905,0.9950478899896402,0.25,1.0,0.0,0.0,0.056179775280898875,0.0,0.0,alto_risco
RCT-2025-000419,0.2808219178082192,0.2772277227722772,1.0,0.5,0.0,0.0,0.0,0.0,0.0,0.0,0.540700036078276,0.25205490569177796,0.875,0.0,0.0,0.0,0.011235955056179775,0.0,1.0,alta_cobertura
RCT-2025-000420,0.2808219178082192,0.4536453645364536,1.0,1.0,1.0,1.0,0.5088861801087751,0.47619574109724894,0.6666666666666666,0.3333333333333333,0.18217790840488202,0.4053752726491678,0.125,1.0,0.0,0.0,0.011235955056179775,1.0,0.0,alto_risco
RCT-2025-000421,0.07534246575342465,0.0792079207920792,0.0,0.25,1.0,0.0,0.015768007763551736,0.019725904290031508,0.3333333333333333,0.0,0.3614946021399128,0.25204904854732085,0.875,0.0,0.0,1.0,0.2808988764044944,1.0,0.0,referral
RCT-2024-000422,0.2534246575342466,0.3881188118811881,0.0,0.5,0.0,0.0,0.0,0.0,0.0,0.0,0.5042362385668671,0.36712589888852515,0.5,0.0,0.0,1.0,0.8089887640449438,1.0,0.0,referral
RCT-2025-000423,0.6095890410958904,0.566508824795523,0.0,1.0,1.0,1.0,0.31216086459594505,0.33809556000495633,1.0,0.3333333333333333,0.2547577789748887,0.4081218374053243,0.25,1.0,0.0,0.0,0.06741573033707865,1.0,0.0,alto_risco
RCT-2026-000424,0.15753424657534246,0.1706016755521706,0.0,0.25,1.0,1.0,0.012117381569021743,0.015359614702204403,0.3333333333333333,0.0,0.3243124136195835,0.499473764653998,0.5,0.0,0.0,1.0,0.9438202247191011,1.0,0.0,referral
RCT-2025-000425,0.03424657534246575,0.5544554455445544,1.0,0.25,0.0,0.0,0.0,0.0,0.0,0.0,0.348285070037782,0.3226529582576148,0.375,0.0,0.0,1.0,0.898876404494382,0.0,0.0,referral
RCT-2025-000426,0.29452054794520544,0.12053379250968574,0.0,0.5,0.0,0.0,0.0,0.0,0.0,0.0,1.0,0.17534148401035926,0.75,0.0,1.0,0.0,0.033707865168539325,0.0,1.0,alta_cobertura
RCT-2026-000427,0.1232876712328767,0.1056105610561056,1.0,0.5,0.0,1.0,0.0,0.0,0.0,0.0,0.11983451083134278,0.1725343956909522,0.625,1.0,0.0,1.0,0.348314606741573,1.0,0.0,referral
RCT-2026-000428,0.8493150684931506,0.48896858189755976,1.0,1.0,1.0,1.0,0.21661668897216108,0.22137650531296818,0.3333333333333333,0.6666666666666666,0.0359403538977211,0.350423996406984,0.5,0.0,0.0,0.0,0.0898876404494382,1.0,0.0,alto_risco
RCT-2026-000429,0.7191780821917808,0.9548954895489549,0.0,0.75,1.0,1.0,0.22850423005235776,0.2611505183414687,0.3333333333333333,0.3333333333333333,0.25691660719302556,0.4063069263264249,0.5,1.0,0.0,0.0,0.0,1.0,0.0,alto_risco
RCT-2026-000430,0.17123287671232876,0.3564356435643564,0.0,0.75,0.0,1.0,0.0,0.0,0.0,0.0,0.17408000380947758,0.08107063320177937,0.875,1.0,0.0,1.0,0.4157303370786517,1.0,0.0,referral
RCT-2026-000431,0.23972602739726026,0.23345492443981236,1.0,0.25,0.0,1.0,0.0,0.0,0.0,0.0,0.45279533053963905,0.035962111941474584,1.0,0.0,1.0,0.0,0.02247191011235955,0.0,1.0,alta_cobertura
RCT-2025-000432,0.1095890410958904,0.17509119332985928,1.0,0.25,0.0,0.0,0.0,0.0,0.0,0.0,0.6297644117848088,0.3088135120380194,0.875,0.0,1.0,0.0,0.06741573033707865,0.0,1.0,alta_cobertura
RCT-2026-000433,0.9863013698630138,0.8147100424328146,0.0,0.75,1.0,1.0,0.2911247589636005,0.32399103228529974,0.3333333333333333,0.6666666666666666,0.2681646745953472,0.5675418861627017,0.25,1.0,0.0,0.0,0.0898876404494382,1.0,0.0,alto_risco
RCT-2024-000434,0.23287671232876714,0.26973508161626975,1.0,0.5,0.0,0.0,0.005935563141379764,0.005433563041819374,0.3333333333333333,0.0,0.177907979539706,0.4506316586200098,0.625,1.0,0.0,1.0,0.2584269662921348,0.0,0.0,referral
RCT-2026-000435,0.8561643835616438,0.5804455445544554,0.0,0.75,1.0,1.0,0.28151262872536037,0.2716279994782709,0.3333333333333333,0.3333333333333333,0.21423348244630586,0.8152128780671599,0.375,1.0,0.0,0.0,0.033707865168539325,0.0,1.0,alto_risco
RCT-2025-000436,0.547945205479452,0.4809733985446737,0.0,1.0,0.0,1.0,0.465271677703793,0.43812899550256834,1.0,0.6666666666666666,0.032278692927806774,0.5641549404375585,0.5,1.0,0.0,0.0,0.0,1.0,0.0,alto_risco
RCT-2025-000437,0.3356164383561644,0.9596344249809595,0.0,0.75,0.0,1.0,0.35713730007831207,0.3671848020354787,1.0,0.6666666666666666,0.19943948893658436,0.3491622116882784,0.25,1.0,0.0,0.0,0.06741573033707865,1.0,0.0,alto_risco
RCT-2026-000438,0.23972602739726026,0.05836373110995309,1.0,0.0,0.0,0.0,0.0,0.0,0.0,0.0,0.7228210783009632,0.26532040353070935,0.875,0.0,1.0,0.0,0.0898876404494382,0.0,1.0,alta_cobertura
RCT-2025-000439,0.6986301369863014,0.8554455445544554,0.0,0.75,1.0,1.0,0.2674580725464922,0.2457731594750548,0.3333333333333333,1.0,0.11106816550935289,0.8687687979883278,0.375,0.0,0.0,0.0,0.056179775280898875,1.0,1.0,alto_risco
RCT-2025-000440,0.17123287671232876,0.23762376237623759,1.0,0.25,0.0,1.0,0.0,0.0,0.0,0.0,0.5477159752639859,0.07135797353856022,1.0,0.0,0.0,0.0,0.06741573033707865,0.0,1.0,alta_cobertura
RCT-2024-000441,0.3835616438356164,0.30072159758348715,1.0,0.0,0.0,1.0,0.0,0.0,0.0,0.0,0.7854530170445769,0.06625360783870543,0.75,0.0,1.0,1.0,0.0449438202247191,0.0,0.0,alta_cobertura
RCT-2025-000442,0.0684931506849315,0.3412033511043412,0.0,0.75,0.0,1.0,0.0,0.0,0.0,0.0,0.21178798039838476,0.49286149492690007,0.5,0.0,0.0,1.0,0.5842696629213483,1.0,0.0,referral
RCT-2025-000443,0.15753424657534246,0.25590251332825587,0.0,0.5,1.0,0.0,0.0,0.0,0.0,0.0,0.3997161380336507,0.20101887484232112,0.375,0.0,0.0,1.0,0.1797752808988764,0.0,0.0,referral
RCT-2025-000444,0.0136986301369863,0.22178217821782176,0.0,0.75,1.0,0.0,0.0,0.0,0.0,0.0,0.2927540526216508,0.30823736066669355,0.25,0.0,0.0,1.0,0.449438202247191,1.0,0.0,referral
RCT-2024-000445,0.1506849315068493,0.3104950495049505,1.0,0.0,0.0,0.0,0.0,0.0,0.0,0.0,0.8568562600070729,0.005522726895548946,0.625,0.0,1.0,1.0,0.011235955056179775,0.0,1.0,alta_cobertura
RCT-2025-000446,0.14383561643835616,0.3234323432343234,0.0,0.5,0.0,1.0,0.005292196391016356,0.006843864988389254,0.3333333333333333,0.0,0.12714260493003177,0.3686995355928792,0.25,1.0,0.0,1.0,0.3258426966292135,1.0,0.0,referral
RCT-2025-000447,0.0410958904109589,0.1232123212321232,1.0,0.25,1.0,0.0,0.007206157963651831,0.0076073499015129175,0.3333333333333333,1.0,0.7665457971827082,0.012706769449570388,1.0,0.0,1.0,0.0,0.011235955056179775,0.0,1.0,alta_cobertura
RCT-2025-000448,0.03424657534246575,0.41584158415841577,0.0,0.25,0.0,1.0,0.0,0.0,0.0,0.0,0.430118509761945,0.3235814879230106,0.75,0.0,0.0,1.0,0.8089887640449438,1.0,0.0,referral
RCT-2025-000449,0.6095890410958904,0.988377098579423,0.0,1.0,1.0,0.0,0.8874462476082502,0.8532260869852135,1.0,0.3333333333333333,0.195365915824329,0.8671852648595897,0.5,0.0,0.0,0.0,0.033707865168539325,0.0,0.0,alto_risco
RCT-2025-000450,0.1232876712328767,0.1584158415841584,0.0,0.5,0.0,1.0,0.0,0.0,0.0,0.0,0.45050787637341394,0.5014820370700159,0.125,1.0,0.0,1.0,0.9662921348314606,0.0,0.0,referral
RCT-2025-000451,0.2054794520547945,0.168016801680168,0.0,0.75,0.0,0.0,0.0,0.0,0.0,0.0,0.4273213196445075,0.5305758094281086,0.5,0.0,0.0,1.0,0.19101123595505617,0.0,0.0,referral
RCT-2025-000452,0.24657534246575338,0.36963696369636956,1.0,0.5,1.0,1.0,0.006358610747139215,0.006020202009789379,0.3333333333333333,0.0,0.12223189986772504,0.4861788023021026,0.375,0.0,0.0,1.0,0.7303370786516854,0.0,0.0,referral
RCT-2026-000453,0.07534246575342465,0.0792079207920792,1.0,0.0,0.0,0.0,0.0,0.0,0.0,0.0,0.6200532534068656,0.2729644036633418,0.75,0.0,1.0,0.0,0.0449438202247191,0.0,0.0,alta_cobertura
RCT-2025-000454,0.6095890410958904,0.47008179078777435,0.0,0.75,1.0,1.0,0.1337509877323478,0.13696089590521682,0.3333333333333333,1.0,0.1503416498294211,0.6987270662669121,0.25,1.0,0.0,0.0,0.10112359550561797,0.0,1.0,alto_risco
RCT-2026-000455,0.2191780821917808,0.3168316831683168,0.0,0.25,0.0,0.0,0.008524316660980361,0.009273784633645895,0.3333333333333333,1.0,0.9380055634730918,0.06943469039489825,0.625,0.0,1.0,0.0,0.10112359550561797,0.0,1.0,alta_cobertura
RCT-2025-000456,0.1095890410958904,0.23345492443981236,1.0,0.0,0.0,1.0,0.0,0.0,0.0,0.0,0.8981020892984045,0.013224930074876518,0.875,0.0,1.0,0.0,0.07865168539325842,0.0,0.0,alta_cobertura
RCT-2026-000457,0.0410958904109589,0.2464246424642464,0.0,0.25,0.0,0.0,0.016313904513123825,0.015229017653622497,0.3333333333333333,0.0,0.32965374749153675,0.1659211456659343,0.25,0.0,0.0,1.0,0.8651685393258426,1.0,0.0,referral
RCT-2025-000458,0.7465753424657534,0.9999999999999999,0.0,1.0,1.0,1.0,0.6500144767278209,0.6092900019547731,0.6666666666666666,1.0,0.00040942497700319214,0.522481418635349,0.25,1.0,0.0,1.0,0.10112359550561797,0.0,1.0,alto_risco
RCT-2024-000459,0.21232876712328766,0.7175305765870704,0.0,1.0,0.0,1.0,0.29986128734458056,0.28710735771528234,1.0,1.0,0.012628099005004612,0.4966912651757663,0.5,0.0,0.0,0.0,0.10112359550561797,0.0,1.0,alto_risco
RCT-2026-000460,0.1917808219178082,0.1430852762695624,0.0,0.75,0.0,1.0,0.009747004839804,0.010412465674178386,0.3333333333333333,0.0,0.323203421802172,0.3284211588494977,0.375,0.0,0.0,1.0,0.7303370786516854,1.0,0.0,referral
RCT-2025-000461,0.0136986301369863,0.4435643564356435,0.0,0.25,0.0,0.0,0.0,0.0,0.0,0.0,0.15819577588035733,0.5319334217700493,0.625,0.0,0.0,1.0,0.4157303370786517,0.0,0.0,referral
RCT-2026-000462,0.36986301369863017,0.1945457703665103,1.0,0.5,0.0,0.0,0.0,0.0,0.0,0.0,0.9365655977463269,0.17133262455796344,0.875,0.0,1.0,0.0,0.02247191011235955,0.0,0.0,alta_cobertura
RCT-2024-000463,0.3561643835616438,0.22178217821782176,1.0,0.5,0.0,0.0,0.0,0.0,0.0,0.0,0.752451585230107,0.03943321417689216,1.0,0.0,1.0,0.0,0.0898876404494382,0.0,1.0,alta_cobertura
RCT-2024-000464,0.32191780821917804,0.11089108910891088,1.0,0.25,0.0,0.0,0.0,0.0,0.0,0.0,0.5601174534832527,0.08233332583328706,0.875,0.0,0.0,0.0,0.056179775280898875,0.0,1.0,alta_cobertura
RCT-2024-000465,0.0547945205479452,0.10081008100810081,1.0,0.25,0.0,0.0,0.0,0.0,0.0,0.0,0.5415487693211637,0.2743193080582064,1.0,0.0,0.0,0.0,0.056179775280898875,0.0,1.0,alta_cobertura
RCT-2026-000466,0.2534246575342466,0.33267326732673264,0.0,0.5,1.0,1.0,0.0,0.0,0.0,0.0,0.441490961219582,0.515359167242734,0.375,0.0,0.0,1.0,0.7865168539325842,1.0,0.0,referral
RCT-2025-000467,0.9657534246575342,0.9163916391639162,0.0,0.75,1.0,1.0,0.8499763827817268,0.8260592730539542,1.0,0.6666666666666666,0.20091859280893215,0.6095246612736192,0.625,0.0,0.0,0.0,0.0449438202247191,1.0,0.0,alto_risco
RCT-2025-000468,0.0547945205479452,0.3024302430243024,0.0,0.25,0.0,1.0,0.0,0.0,0.0,0.0,0.25139972578726305,0.12620289608266638,0.75,1.0,0.0,1.0,0.5617977528089887,1.0,0.0,referral
RCT-2025-000469,0.32191780821917804,0.022178217821782177,1.0,0.25,0.0,0.0,0.0,0.0,0.0,0.0,0.9255258853420419,0.16053976317087915,0.75,0.0,1.0,0.0,0.07865168539325842,0.0,0.0,alta_cobertura
RCT-2025-000470,0.0410958904109589,0.1232123212321232,1.0,0.0,0.0,0.0,0.0,0.0,0.0,0.0,0.6827895497618633,0.2344803009600131,0.75,0.0,1.0,1.0,0.10112359550561797,0.0,0.0,alta_cobertura
RCT-2026-000471,0.6506849315068494,0.9165487977369164,0.0,1.0,1.0,1.0,0.376080890369843,0.3738087957053073,0.6666666666666666,1.0,0.2756765801104384,0.6227860530188074,0.5,1.0,0.0,0.0,0.0449438202247191,0.0,0.0,alto_risco
RCT-2025-000472,0.136986301369863,0.19285406801549718,0.0,0.25,1.0,0.0,0.0,0.0,0.0,0.0,0.5119414561309771,0.3845594030515434,0.375,0.0,0.0,1.0,0.3370786516853932,1.0,0.0,referral
RCT-2024-000473,0.1506849315068493,0.17742574257425742,0.0,0.25,0.0,0.0,0.0,0.0,0.0,0.0,0.41386542460642006,0.18523926663590057,0.375,0.0,0.0,1.0,0.21348314606741572,0.0,0.0,referral
RCT-2026-000474,0.00684931506849315,0.2772277227722772,1.0,0.25,0.0,1.0,0.0,0.0,0.0,0.0,0.13024715246201474,0.44748050706057546,0.5,1.0,0.0,1.0,0.8876404494382022,0.0,0.0,referral
RCT-2025-000475,0.04794520547945205,0.11089108910891088,1.0,0.25,0.0,0.0,0.0,0.0,0.0,0.0,0.2765439364087947,0.36711898727673004,0.25,0.0,0.0,1.0,0.21348314606741572,1.0,0.0,referral
RCT-2026-000476,0.22602739726027396,0.616061606160616,0.0,0.75,0.0,1.0,0.1559777945876052,0.1601235659657619,0.6666666666666666,0.3333333333333333,0.30480910384552173,0.5340999134179054,0.375,0.0,0.0,1.0,0.0898876404494382,0.0,0.0,alto_risco
RCT-2025-000477,0.1643835616438356,0.16428309497616425,1.0,0.0,1.0,0.0,0.0,0.0,0.0,0.0,0.7859621367903461,0.018210512037674764,0.875,0.0,0.0,0.0,0.02247191011235955,0.0,1.0,alta_cobertura
RCT-2025-000478,0.7191780821917808,0.9651631829849651,1.0,0.75,1.0,1.0,0.11268921255598323,0.10499469958578656,0.3333333333333333,0.6666666666666666,0.11850989941645185,0.9205572440116003,0.125,1.0,0.0,0.0,0.02247191011235955,0.0,0.0,alto_risco
RCT-2026-000479,0.06164383561643835,0.0,1.0,0.0,0.0,0.0,0.0,0.0,0.0,0.0,0.5767214413788576,0.2391805848376511,1.0,0.0,1.0,0.0,0.011235955056179775,0.0,0.0,alta_cobertura
RCT-2025-000480,0.541095890410959,0.5003622313450857,1.0,1.0,1.0,1.0,0.1909844305360668,0.22689748793712639,0.3333333333333333,0.6666666666666666,0.1366776803807926,0.6454095889893687,0.5,1.0,0.0,1.0,0.056179775280898875,1.0,0.0,alto_risco
RCT-2026-000481,0.18493150684931506,0.4805280528052805,1.0,0.25,0.0,0.0,0.004864407155834803,0.004872513693520066,0.3333333333333333,0.0,0.3492853463399611,0.10507776936283231,0.5,0.0,0.0,1.0,0.4943820224719101,1.0,0.0,referral
RCT-2025-000482,0.1506849315068493,0.08871287128712871,0.0,0.25,1.0,0.0,0.0,0.0,0.0,0.0,0.5482591800371541,0.10210679092488023,1.0,0.0,1.0,0.0,0.02247191011235955,0.0,1.0,alta_cobertura
RCT-2026-000483,0.3013698630136986,0.8729724036233409,0.0,0.75,1.0,1.0,0.5319786390165814,0.5797334758093957,1.0,0.3333333333333333,0.3159388675935415,0.6359461532972246,0.25,1.0,0.0,0.0,0.0898876404494382,1.0,0.0,alto_risco
RCT-2026-000484,0.2191780821917808,0.38019801980198015,0.0,0.5,0.0,1.0,0.0,0.0,0.0,0.0,0.24984498568509045,0.5685034080529434,0.375,0.0,0.0,1.0,0.19101123595505617,1.0,0.0,referral
RCT-2024-000485,0.1643835616438356,0.36963696369636956,1.0,0.25,0.0,1.0,0.0,0.0,0.0,0.0,0.2004456066341319,0.3990403736592795,0.25,0.0,0.0,1.0,0.2696629213483146,1.0,0.0,referral
RCT-2025-000486,0.10273972602739725,0.18481848184818478,1.0,0.25,1.0,1.0,0.011400486237910951,0.011191375335761306,0.3333333333333333,0.0,0.36007141957066524,0.21277520249593035,0.375,1.0,0.0,1.0,0.696629213483146,1.0,0.0,referral
RCT-2025-000487,0.6232876712328766,0.5072677480514008,0.0,1.0,1.0,0.0,0.5017326751786658,0.4795799376688914,1.0,0.3333333333333333,0.03395928131864301,0.8753010777121726,0.375,1.0,0.0,0.0,0.0449438202247191,1.0,0.0,alto_risco
RCT-2025-000488,0.18493150684931506,0.11089108910891088,1.0,0.25,0.0,0.0,0.0,0.0,0.0,0.0,0.9231517799894541,0.26464431243299164,0.875,0.0,0.0,0.0,0.056179775280898875,0.0,1.0,alta_cobertura
RCT-2024-000489,0.0273972602739726,0.1584158415841584,0.0,0.25,0.0,0.0,0.0,0.0,0.0,0.0,0.8522860889281944,0.19133597446665096,0.75,0.0,1.0,0.0,0.06741573033707865,0.0,1.0,alta_cobertura
RCT-2025-000490,0.3904109589041096,0.03696369636963696,1.0,0.0,0.0,1.0,0.0,0.0,0.0,0.0,0.6596815499670347,0.2691352776432025,0.875,0.0,1.0,0.0,0.0,0.0,1.0,alta_cobertura
RCT-2024-000491,0.273972602739726,0.02578862537416532,1.0,0.25,0.0,0.0,0.0,0.0,0.0,0.0,0.3560166732211324,0.15408890211583842,0.75,0.0,0.0,0.0,0.10112359550561797,0.0,1.0,alta_cobertura
RCT-2025-000492,0.02054794520547945,0.18481848184818478,1.0,0.0,1.0,0.0,0.0,0.0,0.0,0.0,0.27293406048479374,0.2502184521457686,0.625,0.0,1.0,0.0,0.033707865168539325,0.0,0.0,alta_cobertura
RCT-2025-000493,0.3082191780821918,0.5082508250825082,1.0,1.0,1.0,1.0,0.44565665649980707,0.5024262630799892,0.6666666666666666,0.3333333333333333,0.20540397663467808,0.9684379518644903,0.375,1.0,0.0,0.0,0.06741573033707865,1.0,0.0,alto_risco
RCT-2025-000494,0.0,0.36963696369636956,1.0,0.25,0.0,1.0,0.0,0.0,0.0,0.0,0.25543500463831875,0.37559322839438797,0.625,0.0,0.0,1.0,0.5280898876404494,1.0,0.0,referral
RCT-2025-000495,0.732876712328767,0.756075607560756,0.0,0.75,0.0,1.0,0.5549529570852926,0.5804053839359944,0.6666666666666666,0.6666666666666666,0.07423870527334542,0.35272524154936274,0.375,0.0,0.0,0.0,0.0449438202247191,0.0,0.0,alto_risco
RCT-2024-000496,0.7123287671232876,0.8187286018321457,1.0,0.75,0.0,1.0,0.25436517689462634,0.3208514559164893,0.3333333333333333,1.0,0.38329154717639,0.5387124256182276,0.375,0.0,0.0,0.0,0.033707865168539325,1.0,0.0,alto_risco
RCT-2025-000497,0.1917808219178082,0.3219418716065155,1.0,0.75,0.0,1.0,0.0,0.0,0.0,0.0,0.4030370564408351,0.18895460682183624,0.625,0.0,0.0,1.0,0.6516853932584269,1.0,0.0,referral
RCT-2026-000498,0.23287671232876714,0.1798233877441798,1.0,0.25,0.0,0.0,0.0,0.0,0.0,0.0,0.8963461199680246,0.2900161405610629,1.0,0.0,0.0,1.0,0.10112359550561797,0.0,1.0,alta_cobertura
RCT-2026-000499,0.636986301369863,0.8085808580858085,0.0,0.75,1.0,1.0,0.25857568193271707,0.31885487833483556,0.6666666666666666,0.3333333333333333,0.08139480572438351,0.667217750519099,0.375,1.0,0.0,0.0,0.033707865168539325,1.0,1.0,alto_risco
RCT-2025-000500,0.3561643835616438,0.04032403240324032,1.0,0.25,0.0,0.0,0.0,0.0,0.0,0.0,0.8409696841833815,0.29794247364408305,0.75,0.0,1.0,1.0,0.0898876404494382,0.0,1.0,alta_cobertura
RCT-2026-000501,0.36986301369863017,0.09727288518325515,1.0,0.25,0.0,0.0,0.0,0.0,0.0,0.0,0.4046189205060451,0.3564127769002247,0.875,0.0,1.0,0.0,0.06741573033707865,0.0,1.0,alta_cobertura
RCT-2026-000502,0.2054794520547945,0.1344134413441344,0.0,0.5,0.0,0.0,0.0,0.0,0.0,0.0,0.3339588455034047,0.29753293049815915,0.75,0.0,0.0,1.0,0.4269662921348314,1.0,0.0,referral
RCT-2026-000503,0.18493150684931506,0.18481848184818478,1.0,0.25,0.0,1.0,0.0,0.0,0.0,0.0,0.1632275449686394,0.4973856022196734,0.25,1.0,0.0,1.0,0.8089887640449438,1.0,0.0,referral
RCT-2026-000504,0.23287671232876714,0.0899116938720899,0.0,0.5,0.0,0.0,0.0,0.0,0.0,0.0,0.5674444146911326,0.3371166899508817,1.0,0.0,1.0,0.0,0.07865168539325842,0.0,1.0,alta_cobertura
RCT-2025-000505,0.1095890410958904,0.40854611776967165,1.0,0.5,0.0,0.0,0.0,0.0,0.0,0.0,0.0850932873292729,0.43669898056985773,0.5,0.0,0.0,1.0,0.9438202247191011,1.0,0.0,referral
RCT-2026-000506,0.11643835616438356,0.49900990099009895,1.0,0.25,1.0,0.0,0.017743915201689636,0.017472501055450347,0.3333333333333333,0.0,0.11029952246571023,0.5791430814147578,0.625,0.0,0.0,1.0,0.3820224719101123,1.0,0.0,referral
RCT-2025-000507,0.6506849315068494,0.6449787835926449,1.0,0.75,0.0,1.0,0.4419880492467155,0.4806305949805418,0.6666666666666666,0.3333333333333333,0.09850525694934514,0.9687665502540943,0.75,0.0,0.0,0.0,0.011235955056179775,0.0,0.0,alto_risco
RCT-2024-000508,0.13013698630136986,0.3024302430243024,1.0,0.5,0.0,0.0,0.0,0.0,0.0,0.0,0.3957734238101802,0.319849503157476,1.0,0.0,0.0,1.0,0.10112359550561797,0.0,1.0,alta_cobertura
RCT-2026-000509,0.07534246575342465,0.1584158415841584,1.0,0.5,0.0,1.0,0.0,0.0,0.0,0.0,0.33754597426278543,0.1432299595571973,0.75,0.0,1.0,0.0,0.06741573033707865,0.0,1.0,alta_cobertura
RCT-2025-000510,0.1643835616438356,0.04107077374404106,0.0,0.0,1.0,0.0,0.0,0.0,0.0,0.0,0.8323274943339011,0.03222311327381955,0.875,0.0,0.0,0.0,0.10112359550561797,0.0,1.0,alta_cobertura
RCT-2026-000511,0.1643835616438356,0.1232123212321232,0.0,0.25,0.0,0.0,0.0037134908697497534,0.005114070915625362,0.3333333333333333,0.0,0.22203314378476874,0.29968857860446846,0.625,0.0,0.0,1.0,0.19101123595505617,1.0,0.0,referral
RCT-2026-000512,0.07534246575342465,0.47524752475247517,1.0,0.5,0.0,0.0,0.0036010009484496617,0.0036479677974176144,0.3333333333333333,0.0,0.08971923754234362,0.26370803006018545,0.125,1.0,0.0,1.0,0.6404494382022472,1.0,0.0,referral
RCT-2025-000513,0.3904109589041096,0.6283828382838283,0.0,0.75,1.0,1.0,0.1852574086364895,0.1834068329709165,1.0,1.0,0.017179702189674934,0.5039190534367126,0.25,1.0,0.0,0.0,0.0,1.0,0.0,alto_risco
RCT-2025-000514,0.13013698630136986,0.3528352835283528,0.0,0.5,0.0,0.0,0.0,0.0,0.0,0.0,0.2578865942608799,0.14500438419049438,0.875,1.0,0.0,1.0,0.1797752808988764,1.0,0.0,referral
RCT-2024-000515,0.3835616438356164,0.037590199697935894,1.0,0.25,0.0,0.0,0.007429838142765834,0.006934360225857692,0.3333333333333333,1.0,0.5341298403272121,0.02796443812082089,0.75,0.0,1.0,0.0,0.10112359550561797,0.0,0.0,alta_cobertura
RCT-2025-000516,0.23287671232876714,0.29970564624029966,0.0,0.5,1.0,0.0,0.0,0.0,0.0,0.0,0.24054716570812767,0.3096592318608728,0.625,1.0,0.0,1.0,0.2808988764044944,0.0,0.0,referral
RCT-2025-000517,0.0958904109589041,0.4566103669190448,0.0,0.25,0.0,0.0,0.0,0.0,0.0,0.0,0.12862851604765857,0.13314565922478105,0.625,0.0,0.0,1.0,0.7752808988764044,1.0,0.0,referral
RCT-2026-000518,0.7534246575342466,0.5004819065977394,0.0,0.75,1.0,1.0,0.4801902863493811,0.5457301564930931,0.6666666666666666,0.6666666666666666,0.2532402438729685,0.9003427557511967,0.375,0.0,0.0,1.0,0.0,1.0,0.0,alto_risco
RCT-2024-000519,0.13013698630136986,0.20162016201620162,1.0,0.5,0.0,1.0,0.0,0.0,0.0,0.0,0.8890344352065512,0.050066509960670746,0.875,0.0,1.0,1.0,0.011235955056179775,0.0,0.0,alta_cobertura
RCT-2025-000520,0.9383561643835616,0.8712871287128712,1.0,0.75,1.0,1.0,0.24278831251569175,0.21835583174356535,0.3333333333333333,0.3333333333333333,0.2304151826345297,0.36927949927776155,0.5,1.0,0.0,0.0,0.056179775280898875,0.0,1.0,alto_risco
RCT-2024-000521,0.8835616438356164,0.9828982898289828,0.0,1.0,1.0,1.0,0.26429812406572406,0.2493447048471425,0.6666666666666666,1.0,0.3433834035579322,0.8150737870365197,0.0,1.0,0.0,0.0,0.10112359550561797,0.0,1.0,alto_risco
RCT-2025-000522,0.34931506849315064,0.0616061606160616,1.0,0.25,0.0,0.0,0.00269699216070597,0.0025273900291798135,0.3333333333333333,1.0,0.9573171637988726,0.26410280199955843,0.75,0.0,1.0,0.0,0.0,0.0,1.0,alta_cobertura
RCT-2025-000523,0.3356164383561644,0.21325209444021323,1.0,0.5,1.0,0.0,0.0,0.0,0.0,0.0,0.5125854911830294,0.2379158726560392,0.5,0.0,1.0,0.0,0.0449438202247191,0.0,1.0,alta_cobertura
RCT-2024-000524,0.15753424657534246,0.4691546077684691,0.0,0.75,0.0,0.0,0.01224753358385196,0.011778745194304703,0.3333333333333333,0.0,0.23210918899095906,0.540187078466098,0.25,1.0,0.0,1.0,0.6853932584269662,1.0,0.0,referral
RCT-2025-000525,0.3904109589041096,0.5174917491749175,1.0,0.75,1.0,1.0,0.2998842623481861,0.3386832298243709,0.3333333333333333,0.3333333333333333,0.3556227868188365,0.33229046785607835,0.375,1.0,0.0,0.0,0.0,1.0,0.0,alto_risco
RCT-2025-000526,0.0684931506849315,0.5118050266565117,0.0,0.75,0.0,0.0,0.0,0.0,0.0,0.0,0.5121358807549713,0.14097012564627448,0.375,0.0,0.0,1.0,0.595505617977528,0.0,0.0,referral
RCT-2025-000527,0.28767123287671237,0.5667766776677666,0.0,1.0,1.0,1.0,0.06769640512222802,0.08569829701524695,0.3333333333333333,1.0,0.3373578652217418,0.847864794892706,0.375,0.0,0.0,0.0,0.02247191011235955,1.0,0.0,alto_risco
RCT-2026-000528,0.1506849315068493,0.48792079207920785,0.0,0.75,0.0,1.0,0.0,0.0,0.0,0.0,0.16697682835828553,0.5052496294657987,0.625,0.0,0.0,1.0,0.24719101123595502,1.0,0.0,referral
RCT-2025-000529,0.21232876712328766,0.5544554455445544,0.0,0.75,0.0,1.0,0.0,0.0,0.0,0.0,0.13592552568734628,0.20337527356395335,0.375,0.0,0.0,1.0,0.4382022471910112,1.0,0.0,referral
RCT-2026-000530,0.1917808219178082,0.21462791440434362,0.0,0.75,1.0,0.0,0.0,0.0,0.0,0.0,0.5287975674889139,0.10426216163646757,0.625,1.0,0.0,1.0,0.4044943820224719,1.0,0.0,referral
RCT-2026-000531,0.2534246575342466,0.5267326732673266,1.0,1.0,0.0,1.0,0.1544870234408925,0.13749405734210018,0.3333333333333333,1.0,0.05849901017456238,0.7681065478914657,0.5,0.0,0.0,0.0,0.033707865168539325,0.0,0.0,alto_risco
RCT-2024-000532,0.07534246575342465,0.1584158415841584,0.0,0.5,1.0,0.0,0.019743987811460664,0.020343620894174144,0.3333333333333333,0.0,0.20249334891999599,0.3468560165052083,0.375,0.0,0.0,1.0,0.696629213483146,1.0,0.0,referral
RCT-2025-000533,0.9246575342465754,0.8115942028985507,0.0,1.0,1.0,1.0,0.32123678605235806,0.3614861623043744,1.0,0.3333333333333333,0.14167710798679561,0.7446095143228126,0.375,1.0,0.0,0.0,0.06741573033707865,1.0,1.0,alto_risco
RCT-2024-000534,0.9999999999999999,0.528407203136421,1.0,1.0,1.0,1.0,0.4733372226754964,0.4627827752784535,0.6666666666666666,0.3333333333333333,0.03037817810897575,0.6120456699708554,0.25,0.0,0.0,0.0,0.02247191011235955,0.0,1.0,alto_risco
RCT-2025-000535,0.22602739726027396,0.8008800880088007,0.0,1.0,1.0,1.0,0.3195538741792637,0.3543906850674945,1.0,0.3333333333333333,0.0,0.7832729823403874,0.0,1.0,0.0,0.0,0.0,1.0,1.0,alto_risco
RCT-2026-000536,0.32191780821917804,0.46574257425742566,0.0,0.75,0.0,1.0,1.0,0.9941486675110718,1.0,0.6666666666666666,0.15913624213341265,0.3686786937089613,0.625,1.0,0.0,1.0,0.06741573033707865,0.0,0.0,alto_risco
RCT-2025-000537,0.0273972602739726,0.47524752475247517,1.0,0.5,1.0,0.0,0.018787168887994685,0.017495893778599867,0.3333333333333333,0.0,0.1807137442567029,0.16577916783954627,0.5,0.0,0.0,1.0,0.9662921348314606,1.0,0.0,referral
RCT-2026-000538,0.11643835616438356,0.16633663366336632,1.0,0.5,0.0,1.0,0.0,0.0,0.0,0.0,0.1378202549347014,0.4819617703492212,0.75,0.0,0.0,1.0,0.797752808988764,1.0,0.0,referral
RCT-2024-000539,0.26027397260273977,0.02704660709973436,1.0,0.25,0.0,0.0,0.0,0.0,0.0,0.0,0.7015517693886992,0.3308480541493845,0.875,0.0,0.0,0.0,0.02247191011235955,0.0,0.0,alta_cobertura
RCT-2025-000540,0.04794520547945205,0.0,0.0,0.0,0.0,1.0,0.0,0.0,0.0,0.0,0.6204664952014486,0.20623565416680234,1.0,0.0,1.0,0.0,0.0,0.0,1.0,alta_cobertura
RCT-2025-000541,0.136986301369863,0.4339216530348687,0.0,0.75,0.0,1.0,0.0,0.0,0.0,0.0,0.44323568190492535,0.34936378810727736,1.0,0.0,0.0,1.0,0.696629213483146,1.0,0.0,referral
RCT-2026-000542,0.0684931506849315,0.1706016755521706,1.0,0.5,0.0,0.0,0.013967093110853288,0.016773714744875316,0.3333333333333333,0.0,0.1336262028151155,0.44864049785135346,0.875,0.0,0.0,1.0,0.4831460674157303,0.0,0.0,referral
RCT-2025-000543,0.8013698630136986,0.4712871287128712,0.0,1.0,0.0,0.0,0.8015488313516385,0.87491518870418,1.0,0.6666666666666666,0.22397490696374212,0.9802456261166292,0.75,0.0,0.0,1.0,0.0,0.0,1.0,alto_risco
RCT-2025-000544,0.1780821917808219,0.15295322635711844,0.0,0.25,0.0,0.0,0.013466489395740933,0.014045063645549773,0.3333333333333333,0.0,0.34762688176304846,0.48312372038370394,0.5,0.0,0.0,1.0,0.5280898876404494,1.0,0.0,referral
RCT-2024-000545,0.0410958904109589,0.2464246424642464,1.0,0.5,0.0,0.0,0.0,0.0,0.0,0.0,0.8971997983234624,0.30629249051040247,0.625,0.0,1.0,0.0,0.0,0.0,0.0,alta_cobertura
RCT-2024-000546,0.1232876712328767,0.2112211221122112,1.0,0.0,1.0,0.0,0.0,0.0,0.0,0.0,0.909639549596012,0.0905104853306542,0.875,0.0,1.0,0.0,0.07865168539325842,0.0,1.0,alta_cobertura
RCT-2025-000547,0.1232876712328767,0.264026402640264,0.0,0.25,0.0,0.0,0.0,0.0,0.0,0.0,0.22178990806648413,0.46473845929049357,0.5,0.0,0.0,1.0,0.8764044943820224,1.0,0.0,referral
RCT-2026-000548,0.1780821917808219,0.22942983953567767,1.0,0.25,1.0,0.0,0.0,0.0,0.0,0.0,0.35114474282743646,0.15890812397639226,0.625,1.0,0.0,1.0,0.6067415730337078,0.0,0.0,referral
RCT-2025-000549,0.17123287671232876,0.198019801980198,1.0,0.25,0.0,1.0,0.005529106477925567,0.0052188164068744285,0.3333333333333333,0.0,0.3799383456072183,0.13342374878483299,0.625,0.0,0.0,1.0,0.7415730337078651,1.0,0.0,referral
RCT-2026-000550,0.07534246575342465,0.47524752475247517,1.0,0.75,1.0,0.0,0.013798341566550763,0.01431660850516912,0.3333333333333333,0.0,0.21997540873293708,0.10905388432183943,0.5,0.0,0.0,1.0,0.3146067415730337,1.0,0.0,referral
RCT-2026-000551,0.4246575342465754,0.7335872048743335,0.0,0.75,0.0,0.0,0.7963693914795604,0.8537551461403238,1.0,0.3333333333333333,0.024226661077205003,0.4776579682210151,0.625,1.0,0.0,1.0,0.06741573033707865,0.0,1.0,alto_risco
RCT-2025-000552,0.00684931506849315,0.0,0.0,0.25,1.0,0.0,0.007326864805014724,0.0071346918397829215,0.3333333333333333,0.0,0.15984136720650655,0.2438427811575859,0.375,1.0,0.0,1.0,0.1797752808988764,1.0,0.0,referral
RCT-2025-000553,0.541095890410959,0.6626418739434918,0.0,0.75,0.0,1.0,0.6057195790647997,0.6186812360562819,1.0,0.3333333333333333,0.29592787657943653,0.8127361176673269,0.0,1.0,0.0,0.0,0.06741573033707865,1.0,1.0,alto_risco
RCT-2025-000554,0.00684931506849315,0.2772277227722772,0.0,0.75,0.0,0.0,0.0,0.0,0.0,0.0,0.282632253041899,0.31444245214491756,0.375,0.0,0.0,1.0,0.2921348314606741,1.0,0.0,referral
RCT-2025-000555,0.1506849315068493,0.3992079207920792,1.0,0.5,0.0,0.0,0.0,0.0,0.0,0.0,0.23577948852847164,0.5584022978546039,0.5,1.0,0.0,1.0,0.7191011235955056,1.0,0.0,referral
RCT-2026-000556,0.5616438356164384,0.5218404193360512,0.0,0.75,1.0,1.0,0.4288096376417279,0.4149249646402111,0.6666666666666666,0.6666666666666666,0.028589367886277584,0.5530496894211125,0.25,1.0,0.0,0.0,0.0449438202247191,0.0,0.0,alto_risco
RCT-2026-000557,0.23287671232876714,0.11988225849611987,1.0,0.25,0.0,1.0,0.0,0.0,0.0,0.0,0.3243352938048458,0.16970201766253568,0.75,1.0,0.0,1.0,0.3932584269662921,0.0,0.0,referral
RCT-2026-000558,0.14383561643835616,0.23102310231023102,1.0,0.25,0.0,0.0,0.00572861672473433,0.006204145620626837,0.3333333333333333,1.0,0.7550747729575292,0.137597461372634,0.875,0.0,1.0,0.0,0.10112359550561797,0.0,0.0,alta_cobertura
RCT-2025-000559,0.5342465753424658,0.9856985698569856,0.0,1.0,1.0,0.0,0.9451767807510639,1.0,1.0,0.6666666666666666,0.35419327654603994,0.4213254993429156,0.375,1.0,0.0,0.0,0.07865168539325842,1.0,0.0,alto_risco
RCT-2025-000560,0.19863013698630136,0.24257425742574254,1.0,0.25,0.0,0.0,0.0,0.0,0.0,0.0,0.8672012075921595,0.030869666868689194,1.0,0.0,1.0,0.0,0.10112359550561797,0.0,1.0,alta_cobertura
RCT-2024-000561,0.29452054794520544,0.8437365475678003,0.0,1.0,1.0,1.0,0.39048029535438283,0.42072702749985075,0.6666666666666666,0.3333333333333333,0.1332704284397272,0.4329781424853936,0.125,1.0,0.0,0.0,0.0,0.0,0.0,alto_risco
RCT-2024-000562,0.4452054794520548,0.9458357600465928,0.0,0.75,1.0,0.0,0.027252534146230155,0.03143307290575589,0.3333333333333333,0.3333333333333333,0.17755274115009523,0.8424647065563247,0.25,1.0,0.0,0.0,0.056179775280898875,0.0,1.0,alto_risco
RCT-2026-000563,0.6095890410958904,0.566508824795523,1.0,1.0,1.0,1.0,0.3335379581288795,0.3816193669846309,1.0,0.6666666666666666,0.10962622544105688,0.395216974881797,0.125,1.0,0.0,0.0,0.033707865168539325,0.0,0.0,alto_risco
RCT-2026-000564,0.5684931506849314,0.6833985724153809,0.0,1.0,1.0,1.0,0.18920698599687336,0.20405105268120255,0.3333333333333333,0.6666666666666666,0.13086960710200035,0.6962703137324653,0.625,1.0,0.0,1.0,0.06741573033707865,0.0,1.0,alto_risco
RCT-2026-000565,0.40410958904109584,0.6617694027467262,0.0,1.0,1.0,1.0,0.58370904002218,0.563954811545379,1.0,0.6666666666666666,0.28713956641833926,0.30108675889324815,0.375,1.0,0.0,0.0,0.0449438202247191,0.0,0.0,alto_risco
RCT-2024-000566,0.3904109589041096,0.05544554455445544,0.0,0.25,0.0,0.0,0.0,0.0,0.0,0.0,0.8648675780784093,0.0,0.75,0.0,1.0,0.0,0.011235955056179775,0.0,1.0,alta_cobertura
RCT-2026-000567,0.5547945205479452,0.7656765676567656,0.0,0.75,1.0,1.0,0.15867576268609385,0.17779678731682969,0.6666666666666666,1.0,0.30337695768188755,0.6812627341211255,0.5,1.0,0.0,0.0,0.06741573033707865,0.0,1.0,alto_risco
RCT-2025-000568,0.0136986301369863,0.22178217821782176,1.0,0.5,0.0,0.0,0.0051573931995341354,0.005364681886278504,0.3333333333333333,0.0,0.24031872800251441,0.20298035482559368,0.75,0.0,0.0,1.0,0.4606741573033708,1.0,0.0,referral
RCT-2025-000569,0.11643835616438356,0.05544554455445544,1.0,0.0,0.0,0.0,0.0,0.0,0.0,0.0,0.6899870148992834,0.05338473099089336,0.75,0.0,0.0,0.0,0.033707865168539325,0.0,1.0,alta_cobertura
RCT-2026-000570,0.8561643835616438,0.5891089108910891,1.0,1.0,1.0,1.0,0.3920421290536897,0.3950849020022975,0.6666666666666666,0.3333333333333333,0.0027332024586391446,0.9862200949118889,0.375,1.0,0.0,0.0,0.06741573033707865,1.0,1.0,alto_risco
RCT-2026-000571,0.1232876712328767,0.2112211221122112,0.0,0.25,0.0,0.0,0.0,0.0,0.0,0.0,0.8840040984711582,0.16057647616336357,0.75,0.0,1.0,0.0,0.02247191011235955,0.0,0.0,alta_cobertura
RCT-2024-000572,0.23972602739726026,0.8754559666492964,0.0,1.0,0.0,1.0,0.45721996248457075,0.42485118106783526,1.0,0.6666666666666666,0.3196386238030875,0.5861342006292782,0.25,1.0,0.0,1.0,0.033707865168539325,0.0,0.0,alto_risco
RCT-2025-000573,0.7191780821917808,0.6365969930326365,0.0,0.75,0.0,1.0,0.27362888906088667,0.31662417918084057,1.0,0.3333333333333333,0.24433864961241802,0.3216961021024268,0.25,1.0,0.0,0.0,0.0449438202247191,0.0,0.0,alto_risco
RCT-2025-000574,0.6164383561643836,0.9062067497072287,1.0,1.0,1.0,1.0,0.03768346666277942,0.03941370932462462,0.3333333333333333,1.0,0.15935974603084496,0.9207231233619622,0.5,1.0,0.0,0.0,0.06741573033707865,1.0,1.0,alto_risco
RCT-2024-000575,0.00684931506849315,0.5544554455445544,1.0,0.25,0.0,0.0,0.0,0.0,0.0,0.0,0.08828419928404702,0.17296734384105777,0.5,0.0,0.0,1.0,0.4269662921348314,1.0,0.0,referral
RCT-2025-000576,0.0410958904109589,0.1232123212321232,1.0,0.25,0.0,0.0,0.0,0.0,0.0,0.0,0.7965580185411613,0.04739763066268571,1.0,0.0,0.0,0.0,0.033707865168539325,0.0,0.0,alta_cobertura
RCT-2025-000577,0.08904109589041095,0.1386138613861386,1.0,0.5,0.0,0.0,0.0,0.0,0.0,0.0,0.5018448541953167,0.20801480078281342,0.875,0.0,1.0,0.0,0.06741573033707865,0.0,1.0,alta_cobertura
RCT-2026-000578,0.0684931506849315,0.42650418888042646,0.0,0.75,1.0,1.0,0.005456915646041248,0.006249634053018185,0.3333333333333333,0.0,0.279727210420849,0.4562498226257468,0.625,0.0,0.0,1.0,0.5617977528089887,0.0,0.0,referral
RCT-2025-000579,0.6506849315068494,0.8486562942008485,0.0,1.0,1.0,1.0,0.04192539213679977,0.04532426084920131,0.6666666666666666,0.3333333333333333,0.2752616984674643,0.38857610675378945,0.625,1.0,0.0,0.0,0.10112359550561797,1.0,0.0,alto_risco
RCT-2024-000580,0.17123287671232876,0.3168316831683168,0.0,0.5,0.0,0.0,0.0,0.0,0.0,0.0,0.5092052660475337,0.3282069320214955,0.375,0.0,0.0,1.0,0.15730337078651685,1.0,0.0,referral
RCT-2026-000581,0.14383561643835616,0.23102310231023102,0.0,0.25,1.0,0.0,0.0,0.0,0.0,0.0,0.18987892333870615,0.4430856993585706,0.5,0.0,0.0,1.0,0.7640449438202247,0.0,0.0,referral
RCT-2025-000582,0.589041095890411,0.5233062632105906,0.0,0.75,1.0,1.0,0.30469762557765157,0.29652334492586335,0.3333333333333333,1.0,0.3432467951830078,0.46087803623586304,0.25,1.0,0.0,0.0,0.0,1.0,0.0,alto_risco
RCT-2025-000583,0.0684931506849315,0.25590251332825587,1.0,0.0,0.0,1.0,0.0,0.0,0.0,0.0,0.4026689480702814,0.3411353439324823,0.875,0.0,0.0,1.0,0.0,0.0,1.0,alta_cobertura
RCT-2026-000584,0.23972602739726026,0.40854611776967165,1.0,0.5,0.0,1.0,0.017794673487732275,0.015853781225836912,0.3333333333333333,0.0,0.10163632131925077,0.284941003317389,0.625,1.0,0.0,1.0,0.7528089887640449,1.0,0.0,referral
RCT-2026-000585,0.22602739726027396,0.5236523652365236,0.0,1.0,0.0,1.0,0.31200635698259727,0.349278287173066,0.3333333333333333,0.3333333333333333,0.14728554682072054,0.7252505831064349,0.25,0.0,0.0,0.0,0.056179775280898875,1.0,0.0,alto_risco
RCT-2025-000586,0.1917808219178082,0.0357713190673906,0.0,0.5,0.0,0.0,0.007421192762213083,0.00678078448462449,0.3333333333333333,1.0,0.3489257909726119,0.14115958387931304,0.875,0.0,1.0,0.0,0.02247191011235955,0.0,0.0,alta_cobertura
RCT-2026-000587,0.5547945205479452,0.8976897689768976,0.0,1.0,1.0,1.0,0.13881456712727153,0.14119934301471548,0.3333333333333333,0.6666666666666666,0.2905001760487882,0.9097469231725046,0.625,1.0,0.0,0.0,0.033707865168539325,1.0,0.0,alto_risco
RCT-2025-000588,0.11643835616438356,0.4435643564356435,0.0,0.75,0.0,0.0,0.0040000023993787435,0.0037815771291141304,0.3333333333333333,0.0,0.4501439219733955,0.5139548533916485,0.5,0.0,0.0,1.0,0.2921348314606741,1.0,0.0,referral
RCT-2025-000589,0.07534246575342465,0.1584158415841584,0.0,0.25,1.0,0.0,0.0,0.0,0.0,0.0,0.3739912077910741,0.4383192803210914,0.5,0.0,0.0,1.0,0.4382022471910112,1.0,0.0,referral
RCT-2024-000590,0.03424657534246575,0.0,1.0,0.5,0.0,1.0,0.0,0.0,0.0,0.0,0.8181638656548035,0.33252329841503275,1.0,0.0,0.0,1.0,0.033707865168539325,0.0,1.0,alta_cobertura
RCT-2026-000591,0.7123287671232876,0.6010918848894234,0.0,1.0,0.0,1.0,0.20029880453715285,0.2082399808981537,0.3333333333333333,0.3333333333333333,0.0008770482786403244,0.6412354110603113,0.25,1.0,0.0,1.0,0.056179775280898875,0.0,0.0,alto_risco
RCT-2026-000592,0.32191780821917804,0.8205940594059405,0.0,1.0,1.0,0.0,0.24407268472305174,0.29250971637689904,0.3333333333333333,0.3333333333333333,0.2784954556769442,0.2584614125810563,0.5,1.0,0.0,0.0,0.06741573033707865,1.0,0.0,alto_risco
RCT-2026-000593,0.04794520547945205,0.33267326732673264,1.0,0.75,0.0,0.0,0.018274744424031847,0.021470214779039168,0.3333333333333333,0.0,0.2456202686914068,0.5392843048925196,0.5,0.0,0.0,1.0,0.696629213483146,0.0,0.0,referral
RCT-2026-000594,0.0136986301369863,0.0,1.0,0.5,1.0,0.0,0.0,0.0,0.0,0.0,0.8594499699915662,0.28974942744327575,0.75,0.0,1.0,0.0,0.0449438202247191,0.0,1.0,alta_cobertura
RCT-2025-000595,0.23972602739726026,0.5544554455445544,0.0,0.25,1.0,0.0,0.0053691621770275534,0.005822067292385325,0.3333333333333333,0.0,0.3477540246115117,0.4919698283216731,0.625,0.0,0.0,1.0,0.4831460674157303,0.0,0.0,referral
RCT-2026-000596,0.21232876712328766,0.2609202096680256,1.0,0.5,0.0,0.0,0.0,0.0,0.0,0.0,0.4411019847611871,0.15681721094662077,0.5,0.0,0.0,1.0,0.6853932584269662,0.0,0.0,referral
RCT-2025-000597,0.23972602739726026,0.4669098488796247,0.0,1.0,0.0,1.0,0.4443065346499283,0.5184932531132062,1.0,1.0,0.1937663474733659,0.8809681271801577,0.625,1.0,0.0,0.0,0.011235955056179775,1.0,1.0,alto_risco
RCT-2025-000598,0.5684931506849314,0.9670734515311995,0.0,1.0,1.0,1.0,0.4629244664050652,0.4840654933890124,0.6666666666666666,0.3333333333333333,0.307261937947943,0.7705426531936592,0.25,1.0,0.0,0.0,0.056179775280898875,0.0,0.0,alto_risco
RCT-2025-000599,0.3356164383561644,0.021325209444021324,0.0,0.5,0.0,0.0,0.0,0.0,0.0,0.0,0.8726692641112906,0.005904664604068022,0.875,0.0,1.0,0.0,0.06741573033707865,0.0,1.0,alta_cobertura
RCT-2025-000600,0.19863013698630136,0.8316831683168315,1.0,1.0,1.0,0.0,0.09070721850333857,0.08302543018835527,0.3333333333333333,0.3333333333333333,0.15551723044625893,0.8784144409481462,0.5,1.0,0.0,0.0,0.011235955056179775,1.0,0.0,alto_risco
