numeroApolice,total_veiculos,pct_autonomos,motorista_licenciado,classe_risco,sinistralidade_rc_declarada,sinistralidade_rcfv_declarada,valor_pago_historico,valor_sinistro_historico,qt_cias_anteriores,tipo_sinistro_predominante,lmi_por_veiculo,premio_por_veiculo,qt_coberturas_ativas,agravo_aplicado,desconto_aplicado,referral_pendente,tempo_cotacao_emissao,parcelas_com_juros,apolice_anterior,_perfil_gerador,cluster
RCT-2024-000001,0.0205479452054794,0.1848184818481847,1.0,0.5,0.0,0.0,0.0,0.0,0.0,0.0,0.5573111495836621,0.0538388494843904,0.875,0.0,1.0,0.0,0.0898876404494382,0.0,1.0,alta_cobertura,0
RCT-2024-000002,0.184931506849315,0.8501650165016501,0.0,0.75,1.0,1.0,0.0686660254929992,0.0748760045198442,0.3333333333333333,1.0,0.136653439373786,0.3698487248644725,0.0,0.0,0.0,0.0,0.0898876404494382,0.0,0.0,alto_risco,1
RCT-2025-000003,0.3493150684931506,0.2669600293362669,1.0,0.0,1.0,1.0,0.0,0.0,0.0,0.0,0.5393928378232793,0.3218175789157942,0.875,0.0,1.0,0.0,0.0674157303370786,0.0,0.0,alta_cobertura,0
RCT-2026-000004,0.184931506849315,0.3696369636963695,1.0,0.75,0.0,1.0,0.0257751928555412,0.0236447621029131,0.3333333333333333,0.0,0.3118495645700798,0.4626642709603953,0.5,1.0,0.0,1.0,0.9101123595505618,0.0,0.0,referral,2
RCT-2025-000005,0.0205479452054794,0.0,1.0,0.5,0.0,1.0,0.0,0.0,0.0,0.0,0.3863683229460951,0.2608669885941849,0.875,0.0,1.0,0.0,0.0337078651685393,0.0,1.0,alta_cobertura,0
RCT-2024-000006,0.2671232876712328,0.1848184818481847,1.0,0.25,0.0,1.0,0.0,0.0,0.0,0.0,0.5638233209757149,0.0310663685478059,0.875,0.0,1.0,0.0,0.0,0.0,1.0,alta_cobertura,0
RCT-2025-000007,0.3904109589041096,0.0369636963696369,1.0,0.0,0.0,0.0,0.0,0.0,0.0,0.0,0.9916429968871386,0.1334573593645578,0.75,0.0,1.0,0.0,0.0224719101123595,0.0,1.0,alta_cobertura,0
RCT-2026-000008,0.0616438356164383,0.1848184818481847,1.0,0.25,0.0,0.0,0.0078586842471559,0.007867204736759,0.3333333333333333,0.0,0.1322511167701631,0.1978824244341082,0.375,0.0,0.0,1.0,0.9325842696629212,1.0,0.0,referral,2
RCT-2024-000009,0.2602739726027397,0.8113982129920309,0.0,0.75,0.0,1.0,0.2299556304407162,0.2733216672776644,0.3333333333333333,1.0,0.3110321173046211,0.9890280234072122,0.75,1.0,0.0,0.0,0.0,0.0,0.0,alto_risco,1
RCT-2025-000010,0.3082191780821918,0.2079207920792078,1.0,0.25,0.0,0.0,0.0115252396505678,0.0105210472847375,0.3333333333333333,1.0,0.6522336159852339,0.3240341170456158,0.875,0.0,0.0,0.0,0.0,0.0,0.0,alta_cobertura,0
RCT-2026-000011,0.0410958904109589,0.2464246424642464,0.0,0.25,0.0,1.0,0.0,0.0,0.0,0.0,0.4806525325110441,0.1339899646012,0.25,0.0,0.0,1.0,0.3707865168539326,1.0,0.0,referral,2
RCT-2025-000012,0.1301369863013698,0.3024302430243024,0.0,0.0,0.0,0.0,0.0,0.0,0.0,0.0,0.5284282491162484,0.1815412331799494,0.875,0.0,1.0,0.0,0.0898876404494382,0.0,0.0,alta_cobertura,0
RCT-2025-000013,0.0821917808219178,0.2957095709570956,1.0,0.5,1.0,0.0,0.0,0.0,0.0,0.0,0.2647928295702305,0.3657222366372047,0.5,0.0,0.0,1.0,0.6067415730337078,1.0,0.0,referral,2
RCT-2026-000014,0.3561643835616438,0.2419441944194419,1.0,0.0,0.0,0.0,0.0,0.0,0.0,0.0,0.5274888980173813,0.2566612759902716,0.75,0.0,1.0,0.0,0.1011235955056179,0.0,0.0,alta_cobertura,0
RCT-2026-000015,0.8493150684931506,0.9779371637951196,0.0,1.0,1.0,1.0,0.1543473738852017,0.1698083223417037,0.6666666666666666,0.3333333333333333,0.0949600385504669,0.4426373983536407,0.0,0.0,0.0,0.0,0.0337078651685393,0.0,0.0,alto_risco,1
RCT-2025-000016,0.1575342465753424,0.1706016755521706,1.0,0.0,0.0,0.0,0.0127432242853462,0.0124707887224801,0.3333333333333333,1.0,0.4417770544918753,0.1731212037306679,0.75,0.0,1.0,0.0,0.0674157303370786,0.0,0.0,alta_cobertura,0
RCT-2025-000017,0.0205479452054794,0.0,1.0,0.25,0.0,1.0,0.0,0.0,0.0,0.0,0.8132806330413812,0.2324865608213328,0.875,0.0,0.0,0.0,0.0224719101123595,0.0,1.0,alta_cobertura,0
RCT-2025-000018,0.1027397260273972,0.1848184818481847,1.0,0.25,0.0,0.0,0.0,0.0,0.0,0.0,0.3245439277458547,0.2138470841096679,0.875,0.0,0.0,0.0,0.1011235955056179,0.0,1.0,alta_cobertura,0
RCT-2025-000019,0.3835616438356164,0.1315656989427756,1.0,0.5,0.0,0.0,0.0,0.0,0.0,0.0,0.6709588962458087,0.2683257075334858,0.875,0.0,1.0,0.0,0.0786516853932584,0.0,0.0,alta_cobertura,0
RCT-2026-000020,0.6712328767123288,0.8344279972551709,0.0,1.0,1.0,1.0,0.5724684980851672,0.6075116944921003,1.0,0.3333333333333333,0.3841797890700889,0.5063995402896642,0.375,1.0,0.0,0.0,0.0337078651685393,1.0,0.0,alto_risco,1
RCT-2026-000021,0.6164383561643836,0.512722239965932,1.0,1.0,1.0,1.0,0.7174259080175116,0.8338882855896529,1.0,0.6666666666666666,0.2644689515976969,0.6822790174165181,0.5,1.0,0.0,0.0,0.0449438202247191,0.0,0.0,alto_risco,1
RCT-2024-000022,0.726027397260274,0.4883277318557543,0.0,0.75,0.0,1.0,0.4889898603111211,0.5378613040839432,1.0,1.0,0.0758867140346977,0.8533485930434368,0.625,1.0,0.0,0.0,0.0224719101123595,1.0,0.0,alto_risco,1
RCT-2026-000023,0.2260273972602739,0.5852585258525852,0.0,1.0,0.0,1.0,0.6495247559091534,0.6624424472786765,1.0,0.3333333333333333,0.293047276469658,0.5491471361383577,0.375,1.0,0.0,0.0,0.0449438202247191,1.0,1.0,alto_risco,1
RCT-2025-000024,0.6986301369863014,0.7815181518151815,0.0,1.0,1.0,1.0,0.45071624169083,0.4396309629564842,0.6666666666666666,0.3333333333333333,0.3389070933749768,0.6304191092349294,0.25,0.0,0.0,0.0,0.0898876404494382,1.0,1.0,alto_risco,1
RCT-2025-000025,0.0821917808219178,0.5174917491749175,1.0,0.5,1.0,0.0,0.0,0.0,0.0,0.0,0.4113117576297914,0.3093350270139965,0.375,0.0,0.0,1.0,0.7415730337078651,1.0,0.0,referral,2
RCT-2026-000026,0.2328767123287671,0.2697350816162697,1.0,0.75,0.0,0.0,0.0,0.0,0.0,0.0,0.0980280359484526,0.5337718388064003,0.375,0.0,0.0,1.0,0.9325842696629212,1.0,0.0,referral,2
RCT-2025-000027,0.1780821917808219,0.191191532946398,1.0,0.0,0.0,0.0,0.0,0.0,0.0,0.0,0.6040821058159526,0.1355340206556227,1.0,0.0,1.0,0.0,0.0337078651685393,0.0,1.0,alta_cobertura,0
RCT-2026-000028,0.6438356164383562,0.9259977544146166,0.0,1.0,0.0,1.0,0.5140699950385227,0.5115295854427958,0.6666666666666666,0.3333333333333333,0.2880227704945568,0.4697200484837605,0.25,1.0,0.0,0.0,0.0786516853932584,0.0,1.0,alto_risco,1
RCT-2025-000029,0.3561643835616438,0.1411341134113411,1.0,0.5,0.0,0.0,0.0,0.0,0.0,0.0,0.7322381931921099,0.2503921584883667,0.875,0.0,1.0,0.0,0.0561797752808988,0.0,0.0,alta_cobertura,0
RCT-2025-000030,0.1712328767123287,0.2376237623762375,1.0,0.0,1.0,0.0,0.0,0.0,0.0,0.0,0.4440511074929217,0.0178589067358075,0.75,0.0,0.0,0.0,0.1011235955056179,0.0,1.0,alta_cobertura,0
RCT-2026-000031,0.0205479452054794,0.3696369636963695,1.0,0.25,1.0,1.0,0.0,0.0,0.0,0.0,0.4780039594479229,0.1349099614125279,0.125,1.0,0.0,1.0,0.449438202247191,0.0,0.0,referral,2
RCT-2025-000032,0.2054794520547945,0.3024302430243024,1.0,0.5,0.0,1.0,0.0,0.0,0.0,0.0,0.2259071129851289,0.5316821750553935,0.5,1.0,0.0,1.0,0.797752808988764,1.0,0.0,referral,2
RCT-2026-000033,0.7602739726027398,0.5058190029529268,0.0,0.75,1.0,1.0,0.5562293408848511,0.5429363927607207,0.6666666666666666,0.3333333333333333,0.2846709390262537,0.3200175250381444,0.375,0.0,0.0,0.0,0.0337078651685393,0.0,1.0,alto_risco,1
RCT-2025-000034,0.0958904109589041,0.4566103669190448,1.0,0.75,0.0,1.0,0.0,0.0,0.0,0.0,0.1430720280642715,0.1708401033219141,0.375,0.0,0.0,1.0,0.3146067415730337,1.0,0.0,referral,2
RCT-2024-000035,0.3287671232876712,0.1087167540283439,0.0,0.25,0.0,0.0,0.0,0.0,0.0,0.0,0.4013175819854012,0.1078439855861689,1.0,0.0,0.0,0.0,0.0,0.0,1.0,alta_cobertura,0
RCT-2025-000036,0.2534246575342466,0.4435643564356435,0.0,1.0,1.0,1.0,0.2955761016430917,0.3314765431507084,0.6666666666666666,0.3333333333333333,0.3724349696929095,0.5526004675082039,0.375,1.0,0.0,0.0,0.0674157303370786,1.0,0.0,alto_risco,1
RCT-2025-000037,0.3493150684931506,0.1232123212321232,1.0,0.0,0.0,0.0,0.0,0.0,0.0,0.0,0.475124977738346,0.3483735790603814,0.75,0.0,1.0,0.0,0.0337078651685393,0.0,1.0,alta_cobertura,0
RCT-2026-000038,0.0273972602739726,0.0,1.0,0.25,0.0,0.0,0.0,0.0,0.0,0.0,0.777302220715293,0.0100869837813892,0.75,0.0,0.0,0.0,0.0112359550561797,0.0,1.0,alta_cobertura,0
RCT-2025-000039,0.0205479452054794,0.3696369636963695,0.0,0.5,0.0,0.0,0.0,0.0,0.0,0.0,0.2511788141074499,0.2352693572470979,0.375,0.0,0.0,1.0,0.2921348314606741,0.0,0.0,referral,2
RCT-2025-000040,0.2191780821917808,0.285148514851485,1.0,0.25,1.0,1.0,0.0,0.0,0.0,0.0,0.3533294422509738,0.3903156330645445,0.125,1.0,0.0,1.0,0.6404494382022472,1.0,0.0,referral,2
RCT-2025-000041,0.3424657534246575,0.2510741640201755,1.0,0.5,0.0,0.0,0.0,0.0,0.0,0.0,0.8840303197379816,0.0331207519584334,0.75,0.0,0.0,1.0,0.0449438202247191,0.0,1.0,alta_cobertura,0
RCT-2024-000042,0.1095890410958904,0.2918186555497654,0.0,0.0,0.0,0.0,0.0,0.0,0.0,0.0,0.7756924404395994,0.0462636837630431,0.875,0.0,1.0,0.0,0.0674157303370786,0.0,1.0,alta_cobertura,0
RCT-2024-000043,0.0616438356164383,0.2772277227722772,1.0,0.0,0.0,1.0,0.0,0.0,0.0,0.0,0.9670160839231088,0.1267887011962414,1.0,0.0,1.0,0.0,0.0337078651685393,0.0,1.0,alta_cobertura,0
RCT-2025-000044,0.3356164383561644,0.0,1.0,0.5,0.0,0.0,0.0,0.0,0.0,0.0,0.9515532677993084,0.0110904678781733,1.0,0.0,1.0,0.0,0.0112359550561797,0.0,1.0,alta_cobertura,0
RCT-2025-000045,0.1438356164383561,0.231023102310231,0.0,0.75,0.0,0.0,0.0,0.0,0.0,0.0,0.1242442454919343,0.2273197237546784,0.75,0.0,0.0,1.0,0.7865168539325842,1.0,0.0,referral,2
RCT-2024-000046,0.1986301369863013,0.1039603960396039,0.0,0.0,0.0,0.0,0.0,0.0,0.0,0.0,0.5182533017418874,0.340332547065184,1.0,0.0,0.0,0.0,0.0674157303370786,0.0,0.0,alta_cobertura,0
RCT-2026-000047,0.7945205479452054,0.5497961560861968,0.0,1.0,0.0,1.0,0.3914844210766112,0.4829967666034753,0.6666666666666666,0.3333333333333333,0.1336255860106997,0.488175791012703,0.25,1.0,0.0,0.0,0.0112359550561797,0.0,0.0,alto_risco,1
RCT-2025-000048,0.2397260273972602,0.1750911933298592,0.0,0.75,1.0,1.0,0.0091929102128575,0.0083331876129054,0.3333333333333333,0.0,0.4323089349083266,0.3751123673646632,0.625,1.0,0.0,1.0,0.7191011235955056,0.0,0.0,referral,2
RCT-2025-000049,0.0342465753424657,0.2772277227722772,0.0,0.75,0.0,0.0,0.0,0.0,0.0,0.0,0.114344888484722,0.5138448959312729,0.375,0.0,0.0,1.0,0.3370786516853932,0.0,0.0,referral,2
RCT-2025-000050,0.2945205479452054,0.3133878605251829,1.0,0.25,0.0,0.0,0.0,0.0,0.0,0.0,0.591164332503626,0.1117271547480316,0.75,0.0,1.0,0.0,0.0786516853932584,0.0,1.0,alta_cobertura,0
RCT-2025-000051,0.0684931506849315,0.5118050266565117,0.0,0.5,0.0,0.0,0.0,0.0,0.0,0.0,0.3797339860600099,0.5231733431685823,0.625,0.0,0.0,1.0,0.3820224719101123,1.0,0.0,referral,2
RCT-2025-000052,0.636986301369863,0.5544554455445544,0.0,1.0,1.0,1.0,0.6242532612055962,0.5957694093304451,1.0,1.0,0.1999714204738565,0.8533939699109314,0.375,1.0,0.0,0.0,0.0898876404494382,1.0,1.0,alto_risco,1
RCT-2025-000053,0.0068493150684931,0.2772277227722772,1.0,0.25,1.0,1.0,0.0,0.0,0.0,0.0,0.5030466500117982,0.469203912375204,0.75,0.0,0.0,1.0,0.9887640449438202,0.0,0.0,referral,2
RCT-2025-000054,0.0890410958904109,0.1386138613861386,1.0,0.5,1.0,0.0,0.0,0.0,0.0,0.0,0.9225225103936604,0.1930740254168589,0.875,0.0,1.0,0.0,0.0449438202247191,0.0,1.0,alta_cobertura,0
RCT-2025-000055,0.1095890410958904,0.4669098488796247,1.0,0.25,1.0,0.0,0.0,0.0,0.0,0.0,0.3316116119094275,0.0822588876640212,0.375,0.0,0.0,1.0,0.9550561797752808,1.0,0.0,referral,2
RCT-2024-000056,0.821917808219178,0.4958544634951299,0.0,1.0,1.0,1.0,0.3829499070559701,0.4089440997525538,0.6666666666666666,0.3333333333333333,0.3279979329982642,0.9548775207868304,0.375,1.0,0.0,0.0,0.0224719101123595,1.0,1.0,alto_risco,1
RCT-2025-000057,0.1164383561643835,0.0,1.0,0.0,0.0,0.0,0.0,0.0,0.0,0.0,0.5148034044294117,0.3373601002006183,0.75,0.0,1.0,0.0,0.0561797752808988,0.0,1.0,alta_cobertura,0
RCT-2026-000058,0.2328767123287671,0.4795290339844795,0.0,0.75,0.0,1.0,0.0,0.0,0.0,0.0,0.3467999217281413,0.1829019697243445,0.5,1.0,0.0,1.0,0.2696629213483146,0.0,0.0,referral,2
RCT-2026-000059,0.1712328767123287,0.2376237623762375,1.0,0.75,0.0,0.0,0.0,0.0,0.0,0.0,0.2714094181379397,0.4043144494934117,0.375,0.0,0.0,1.0,0.2584269662921348,1.0,0.0,referral,2
RCT-2025-000060,0.047945205479452,0.2217821782178217,0.0,0.75,1.0,1.0,0.0,0.0,0.0,0.0,0.2708900948502297,0.4865488465247977,0.5,0.0,0.0,1.0,0.4719101123595505,0.0,0.0,referral,2
RCT-2026-000061,0.1027397260273972,0.4312431243124312,1.0,0.25,0.0,1.0,0.0,0.0,0.0,0.0,0.3345596711942077,0.2179639534832591,0.25,0.0,0.0,1.0,0.4606741573033708,0.0,0.0,referral,2
RCT-2025-000062,0.2260273972602739,0.2464246424642464,1.0,0.25,0.0,0.0,0.0,0.0,0.0,0.0,0.2296821428015605,0.2078311117061502,0.75,1.0,0.0,1.0,0.696629213483146,1.0,0.0,referral,2
RCT-2025-000063,0.815068493150685,0.7726018503489692,0.0,0.75,1.0,1.0,0.2769467680782501,0.2689876086966836,0.6666666666666666,0.3333333333333333,0.1185727903998998,0.7363405351592489,0.375,1.0,0.0,0.0,0.0337078651685393,1.0,0.0,alto_risco,1
RCT-2026-000064,0.4383561643835616,0.5792818087778926,0.0,1.0,1.0,1.0,0.1758558810110757,0.1922029869520527,0.3333333333333333,1.0,0.3233700400480928,0.6422594597614493,0.25,1.0,0.0,0.0,0.0898876404494382,1.0,0.0,alto_risco,1
RCT-2026-000065,0.0136986301369863,0.2217821782178217,1.0,0.0,1.0,0.0,0.0,0.0,0.0,0.0,0.5853946896774572,0.3441352949305432,0.875,0.0,1.0,0.0,0.0449438202247191,0.0,0.0,alta_cobertura,0
RCT-2026-000066,0.5,0.6565919749869723,0.0,0.75,0.0,0.0,0.2971682655844148,0.3523928062471321,0.6666666666666666,0.3333333333333333,0.2535307447124907,0.6566504252030716,0.375,1.0,0.0,0.0,0.0,1.0,0.0,alto_risco,1
RCT-2026-000067,0.3493150684931506,0.9035570223689036,0.0,1.0,0.0,1.0,0.0781551970919681,0.083097860176738,0.3333333333333333,0.3333333333333333,0.3020745963848109,0.5337262519811292,0.625,1.0,0.0,0.0,0.0674157303370786,1.0,1.0,alto_risco,1
RCT-2025-000068,0.458904109589041,0.7445544554455444,0.0,0.75,1.0,1.0,0.6258848339906504,0.576208593364378,1.0,0.6666666666666666,0.3639530291373829,0.5194945551259784,0.875,0.0,0.0,0.0,0.0,1.0,0.0,alto_risco,1
RCT-2026-000069,0.4931506849315068,0.9758415841584156,0.0,0.75,1.0,1.0,0.4427238587281215,0.4615922094568122,1.0,0.3333333333333333,0.2669328889552914,0.4668705149989224,0.0,0.0,0.0,0.0,0.0337078651685393,0.0,0.0,alto_risco,1
RCT-2026-000070,0.1506849315068493,0.1774257425742574,0.0,0.25,0.0,0.0,0.0,0.0,0.0,0.0,0.1465424454878245,0.4267113789106359,0.5,0.0,0.0,1.0,0.7303370786516854,1.0,0.0,referral,2
RCT-2025-000071,0.1027397260273972,0.1848184818481847,1.0,0.5,0.0,0.0,0.0,0.0,0.0,0.0,0.3749721945385995,0.2245016711273325,0.875,0.0,1.0,0.0,0.0786516853932584,0.0,1.0,alta_cobertura,0
RCT-2026-000072,0.3904109589041096,0.8686468646864686,0.0,1.0,1.0,1.0,0.2236344147730053,0.2399240957042649,0.6666666666666666,0.6666666666666666,0.0322496146457654,0.7105261660125137,0.25,1.0,0.0,0.0,0.0112359550561797,1.0,1.0,alto_risco,1
RCT-2025-000073,0.3904109589041096,0.1108910891089108,1.0,0.5,0.0,0.0,0.0,0.0,0.0,0.0,0.6253843504333126,0.1756928460303266,1.0,0.0,1.0,0.0,0.0674157303370786,0.0,1.0,alta_cobertura,0
RCT-2026-000074,0.1027397260273972,0.308030803080308,1.0,0.0,0.0,0.0,0.0,0.0,0.0,0.0,0.8528064478810676,0.2912163336575197,0.875,0.0,1.0,0.0,0.0337078651685393,0.0,1.0,alta_cobertura,0
RCT-2025-000075,0.2191780821917808,0.5386138613861385,0.0,0.75,1.0,0.0,0.0,0.0,0.0,0.0,0.2860580314886537,0.287869788185927,0.375,0.0,0.0,1.0,0.7415730337078651,0.0,0.0,referral,2
RCT-2025-000076,0.0136986301369863,0.2217821782178217,1.0,0.25,0.0,0.0,0.0,0.0,0.0,0.0,0.5858454668298362,0.280455753078051,1.0,0.0,1.0,0.0,0.0561797752808988,0.0,1.0,alta_cobertura,0
RCT-2024-000077,0.7191780821917808,0.616061606160616,0.0,0.75,1.0,1.0,0.2217680170754263,0.2693277263013706,0.3333333333333333,0.6666666666666666,0.200014470935491,0.6948393102082735,0.5,1.0,0.0,0.0,0.0561797752808988,1.0,0.0,alto_risco,1
RCT-2026-000078,0.8287671232876712,0.8942829766847651,0.0,0.75,0.0,1.0,0.4831410794616445,0.5296971085111282,1.0,1.0,0.3048481030852755,0.570965065958094,0.375,1.0,0.0,0.0,0.0224719101123595,1.0,1.0,alto_risco,1
RCT-2025-000079,0.0,0.3696369636963695,0.0,0.5,1.0,0.0,0.0,0.0,0.0,0.0,0.2691262285530891,0.3315125042792817,0.625,0.0,0.0,1.0,0.9662921348314606,1.0,0.0,referral,2
RCT-2026-000080,0.184931506849315,0.1848184818481847,1.0,0.0,0.0,0.0,0.0,0.0,0.0,0.0,0.2398653882128993,0.0456897566495623,0.875,0.0,1.0,0.0,0.0112359550561797,0.0,0.0,alta_cobertura,0
RCT-2025-000081,0.047945205479452,0.4435643564356435,1.0,0.5,1.0,0.0,0.0,0.0,0.0,0.0,0.4198037250732245,0.1376280632901777,0.375,1.0,0.0,1.0,0.5393258426966292,1.0,0.0,referral,2
RCT-2025-000082,0.1780821917808219,0.2294298395356776,1.0,0.75,0.0,0.0,0.0083019980340899,0.007673070905904,0.3333333333333333,0.0,0.3328800383323123,0.2441762766580973,0.5,1.0,0.0,1.0,0.5393258426966292,1.0,0.0,referral,2
RCT-2026-000083,0.9657534246575342,0.6699669966996699,0.0,0.75,1.0,1.0,0.1872264987921651,0.1679548091963896,0.3333333333333333,0.6666666666666666,0.3451792574823976,0.558650893249306,0.5,1.0,0.0,0.0,0.0,0.0,0.0,alto_risco,1
RCT-2026-000084,0.1712328767123287,0.4356435643564356,0.0,0.75,0.0,1.0,0.0,0.0,0.0,0.0,0.1322635973133864,0.2128638998517225,0.75,1.0,0.0,1.0,0.5393258426966292,0.0,0.0,referral,2
RCT-2025-000085,0.1712328767123287,0.3564356435643564,0.0,0.25,1.0,0.0,0.005713749145733,0.0054005166483796,0.3333333333333333,0.0,0.5109448104472917,0.4246243155010956,0.75,1.0,0.0,1.0,0.1910112359550561,0.0,0.0,referral,2
RCT-2025-000086,0.9726027397260274,0.695937179924889,1.0,0.75,0.0,1.0,0.3769854275921909,0.3579715503505932,0.3333333333333333,1.0,0.0333956938188752,0.6083949821454877,0.25,1.0,0.0,0.0,0.0674157303370786,0.0,0.0,alto_risco,1
RCT-2025-000087,0.1506849315068493,0.5322772277227722,0.0,0.25,0.0,1.0,0.0165815923452277,0.0219484707020971,0.3333333333333333,0.0,0.4547722347039968,0.2136275322230712,0.25,0.0,0.0,1.0,0.4157303370786517,1.0,0.0,referral,2
RCT-2026-000088,0.3356164383561644,0.2345773038842345,0.0,0.25,0.0,0.0,0.0,0.0,0.0,0.0,0.9402914093384828,0.2561500149313523,0.875,0.0,0.0,0.0,0.0561797752808988,0.0,1.0,alta_cobertura,0
RCT-2025-000089,0.1575342465753424,0.5544554455445544,1.0,0.25,1.0,1.0,0.0,0.0,0.0,0.0,0.241983987391325,0.3881428966632085,0.375,0.0,0.0,1.0,1.0,0.0,0.0,referral,2
RCT-2025-000090,0.1712328767123287,0.4752475247524751,0.0,0.5,1.0,0.0,0.0,0.0,0.0,0.0,0.2322230779945797,0.4462391097732305,0.5,1.0,0.0,1.0,0.6067415730337078,1.0,0.0,referral,2
RCT-2025-000091,0.2123287671232876,0.489225393127548,1.0,0.25,0.0,0.0,0.0,0.0,0.0,0.0,0.2332424783911803,0.5712792605998183,0.75,0.0,0.0,1.0,0.8426966292134831,0.0,0.0,referral,2
RCT-2026-000092,0.3287671232876712,0.978450786255096,0.0,0.75,1.0,1.0,0.1340196895876112,0.1460329758646117,0.3333333333333333,0.3333333333333333,0.0311628586448159,0.4672326314385144,0.5,0.0,0.0,0.0,0.0449438202247191,1.0,1.0,alto_risco,1
RCT-2024-000093,0.5547945205479452,0.5940594059405939,0.0,0.75,1.0,1.0,0.2909051253557804,0.3441450821337014,0.3333333333333333,0.3333333333333333,0.27521916873952,0.9278971348972154,0.125,1.0,0.0,0.0,0.0224719101123595,0.0,1.0,alto_risco,1
RCT-2026-000094,0.2191780821917808,0.982178217821782,0.0,1.0,0.0,1.0,0.6888892016121501,0.6628041620660872,1.0,0.6666666666666666,0.057293354964653,0.3320470554499167,0.125,1.0,0.0,1.0,0.0449438202247191,0.0,0.0,alto_risco,1
RCT-2025-000095,0.1438356164383561,0.4158415841584157,1.0,0.5,0.0,1.0,0.0,0.0,0.0,0.0,0.3569106664057272,0.4459945105246394,0.375,1.0,0.0,1.0,0.6853932584269662,0.0,0.0,referral,2
RCT-2026-000096,0.7671232876712328,0.7232027550581145,1.0,0.75,1.0,1.0,0.1071867706025488,0.116574921380995,0.3333333333333333,0.3333333333333333,0.1881825285236027,0.429628405697471,0.25,1.0,0.0,0.0,0.0,1.0,0.0,alto_risco,1
RCT-2024-000097,0.3082191780821918,0.0693069306930693,1.0,0.5,0.0,0.0,0.0,0.0,0.0,0.0,0.6259306372813163,0.0330200042723668,1.0,0.0,1.0,1.0,0.0,0.0,1.0,alta_cobertura,0
RCT-2026-000098,0.3904109589041096,0.7947194719471946,0.0,1.0,1.0,1.0,0.3331061461257645,0.3069853168181862,0.3333333333333333,0.3333333333333333,0.072836228366546,0.6785250776015426,0.25,0.0,0.0,0.0,0.0449438202247191,1.0,0.0,alto_risco,1
RCT-2025-000099,0.3356164383561644,0.0853008377760853,1.0,0.25,0.0,0.0,0.0129719650589137,0.0115426337406913,0.3333333333333333,1.0,0.7565201984268813,0.0393744803670884,1.0,0.0,1.0,0.0,0.0561797752808988,0.0,1.0,alta_cobertura,0
RCT-2025-000100,0.0753424657534246,0.4752475247524751,1.0,0.25,0.0,0.0,0.0,0.0,0.0,0.0,0.1690825359072988,0.0986174502459696,0.5,0.0,0.0,1.0,0.2359550561797752,1.0,0.0,referral,2
RCT-2025-000101,0.1301369863013698,0.1512151215121512,1.0,0.5,0.0,0.0,0.0,0.0,0.0,0.0,0.0855855464979026,0.4878205830950872,0.5,1.0,0.0,1.0,0.3932584269662921,1.0,0.0,referral,2
RCT-2026-000102,0.6164383561643836,0.7869690194825933,0.0,1.0,0.0,1.0,0.5499917464227619,0.6020365594084187,1.0,0.3333333333333333,0.1611818312363467,0.7755520105697153,0.375,0.0,0.0,0.0,0.0112359550561797,0.0,1.0,alto_risco,1
RCT-2025-000103,0.047945205479452,0.4435643564356435,0.0,0.75,0.0,1.0,0.0194176246955942,0.0243621628867041,0.3333333333333333,0.0,0.2740183339120021,0.4198396450212139,0.5,1.0,0.0,1.0,0.8876404494382022,0.0,0.0,referral,2
RCT-2025-000104,0.1575342465753424,0.0426504188880426,1.0,0.0,0.0,0.0,0.0,0.0,0.0,0.0,0.8783525356228784,0.2443610714872987,1.0,0.0,0.0,0.0,0.0674157303370786,0.0,1.0,alta_cobertura,0
RCT-2026-000105,0.4246575342465754,0.4435643564356435,0.0,0.75,1.0,1.0,0.0743076361742412,0.0820204007275293,0.6666666666666666,0.3333333333333333,0.247853373104074,0.2883510370636821,0.25,1.0,0.0,1.0,0.1011235955056179,0.0,0.0,alto_risco,1
RCT-2026-000106,0.1917808219178082,0.2503992334717342,0.0,0.75,0.0,0.0,0.0,0.0,0.0,0.0,0.4589523418334091,0.2509889463473766,0.125,0.0,0.0,1.0,0.1797752808988764,0.0,0.0,referral,2
RCT-2026-000107,0.815068493150685,0.8089595844830384,1.0,0.75,1.0,0.0,0.2759686641897778,0.3492151855452962,0.3333333333333333,1.0,0.3571621307732612,0.5597166820110238,0.25,0.0,0.0,0.0,0.0449438202247191,0.0,1.0,alto_risco,1
RCT-2026-000108,0.2328767123287671,0.2697350816162697,0.0,0.5,0.0,0.0,0.0,0.0,0.0,0.0,0.7725726064889057,0.1043928524714244,0.75,0.0,0.0,0.0,0.0224719101123595,0.0,1.0,alta_cobertura,0
RCT-2025-000109,0.452054794520548,0.9481991677428612,1.0,1.0,1.0,1.0,0.2799041261573539,0.2946564518357751,0.6666666666666666,1.0,0.3791243421617524,0.8394951078814705,0.625,0.0,0.0,0.0,0.0898876404494382,1.0,0.0,alto_risco,1
RCT-2026-000110,0.1643835616438356,0.2874954162082874,0.0,0.75,0.0,0.0,0.0,0.0,0.0,0.0,0.2129700701630186,0.5643668517966507,0.0,1.0,0.0,1.0,0.2247191011235955,1.0,0.0,referral,2
RCT-2024-000111,0.0,0.3696369636963695,0.0,0.5,0.0,0.0,0.0,0.0,0.0,0.0,0.2385464019149797,0.28243680253559,0.25,0.0,0.0,1.0,0.3707865168539326,1.0,0.0,referral,2
RCT-2026-000112,0.732876712328767,0.6351035103510351,0.0,0.75,1.0,1.0,0.7179839492416378,0.7411815887109836,1.0,0.3333333333333333,0.2509908602440953,0.4707179678971326,0.25,1.0,0.0,1.0,0.1011235955056179,1.0,0.0,alto_risco,1
RCT-2025-000113,0.3013698630136986,0.8729724036233409,0.0,0.75,1.0,1.0,0.131995708882501,0.1407018811463012,0.6666666666666666,1.0,0.0405023770487667,0.9469509779897376,0.125,0.0,0.0,0.0,0.0449438202247191,1.0,0.0,alto_risco,1
RCT-2025-000114,0.0616438356164383,0.1848184818481847,1.0,0.25,1.0,0.0,0.0,0.0,0.0,0.0,0.1019170691701873,0.3648111139941076,0.5,0.0,0.0,1.0,0.9213483146067416,0.0,0.0,referral,2
RCT-2025-000115,0.2123287671232876,0.5218404193360512,1.0,0.5,0.0,0.0,0.0,0.0,0.0,0.0,0.1793229472955222,0.2033973677240587,0.625,0.0,0.0,1.0,0.5617977528089887,1.0,0.0,referral,2
RCT-2025-000116,0.0547945205479452,0.1008100810081008,1.0,0.0,0.0,0.0,0.0,0.0,0.0,0.0,0.3458307326440516,0.2332682689811954,0.875,0.0,1.0,0.0,0.0898876404494382,0.0,0.0,alta_cobertura,0
RCT-2026-000117,0.0136986301369863,0.2217821782178217,1.0,0.0,0.0,0.0,0.0,0.0,0.0,0.0,0.9115553010350432,0.3291067979462,1.0,0.0,1.0,0.0,0.0224719101123595,0.0,1.0,alta_cobertura,0
RCT-2026-000118,0.2602739726027397,0.0540932141994687,1.0,0.25,0.0,0.0,0.0,0.0,0.0,0.0,0.3753726111041403,0.0726651105608016,1.0,0.0,1.0,0.0,0.0112359550561797,0.0,0.0,alta_cobertura,0
RCT-2024-000119,0.1027397260273972,0.1848184818481847,1.0,0.5,0.0,0.0,0.0,0.0,0.0,0.0,0.4498966832269032,0.2361131789430191,0.875,0.0,1.0,0.0,0.0337078651685393,0.0,1.0,alta_cobertura,0
RCT-2026-000120,0.0753424657534246,0.396039603960396,0.0,0.25,0.0,0.0,0.0197650537855498,0.0204029413250469,0.3333333333333333,0.0,0.3614349689980324,0.3188559102279567,0.75,1.0,0.0,1.0,0.6404494382022472,1.0,0.0,referral,2
RCT-2026-000121,0.3904109589041096,0.0184818481848184,1.0,0.25,0.0,0.0,0.0,0.0,0.0,0.0,0.2365953087238647,0.2658459554856828,0.875,0.0,1.0,0.0,0.0674157303370786,0.0,0.0,alta_cobertura,0
RCT-2026-000122,0.2671232876712328,0.0792079207920792,0.0,0.0,0.0,0.0,0.0,0.0,0.0,0.0,0.4084596747080429,0.0391093703024976,0.75,0.0,0.0,1.0,0.0561797752808988,0.0,1.0,alta_cobertura,0
RCT-2024-000123,0.3082191780821918,0.231023102310231,1.0,0.0,0.0,0.0,0.0,0.0,0.0,0.0,0.6126965167079854,0.0595066038705345,0.75,0.0,1.0,1.0,0.0224719101123595,0.0,1.0,alta_cobertura,0
RCT-2025-000124,0.0684931506849315,0.4265041888804264,1.0,0.5,0.0,1.0,0.0,0.0,0.0,0.0,0.2047866725934136,0.5638630275386478,0.5,0.0,0.0,1.0,0.2808988764044944,1.0,0.0,referral,2
RCT-2026-000125,0.0616438356164383,0.2772277227722772,0.0,0.5,0.0,0.0,0.0,0.0,0.0,0.0,0.5494469150542061,0.2863631565492638,0.75,0.0,1.0,1.0,0.0449438202247191,0.0,1.0,alta_cobertura,0
RCT-2025-000126,0.2534246575342466,0.3049504950495049,1.0,0.5,0.0,0.0,0.0,0.0,0.0,0.0,0.2916869882297372,0.0393971646314413,1.0,0.0,0.0,0.0,0.1011235955056179,0.0,0.0,alta_cobertura,0
RCT-2025-000127,0.1506849315068493,0.1774257425742574,0.0,0.0,0.0,0.0,0.0,0.0,0.0,0.0,0.7700642013657816,0.3503826100735516,1.0,0.0,1.0,1.0,0.0786516853932584,0.0,0.0,alta_cobertura,0
RCT-2025-000128,0.6301369863013698,0.5836373110995309,0.0,1.0,0.0,1.0,0.6133899882513277,0.6716586352002586,1.0,1.0,0.3083064266314074,0.3950390034741424,0.0,0.0,0.0,0.0,0.0561797752808988,1.0,1.0,alto_risco,1
RCT-2025-000129,0.1712328767123287,0.1188118811881187,1.0,0.0,0.0,0.0,0.0,0.0,0.0,0.0,0.3604520862469103,0.0484620875852213,0.875,0.0,0.0,0.0,0.0561797752808988,0.0,1.0,alta_cobertura,0
RCT-2025-000130,0.3493150684931506,0.616061606160616,0.0,1.0,0.0,1.0,0.4090799984960084,0.4820119570402461,1.0,0.3333333333333333,0.0364184356564515,0.5465785402068322,0.625,0.0,0.0,0.0,0.1011235955056179,1.0,0.0,alto_risco,1
RCT-2025-000131,0.3904109589041096,0.1848184818481847,1.0,0.25,0.0,0.0,0.0,0.0,0.0,0.0,0.3363115167672849,0.2711636146265584,1.0,0.0,1.0,0.0,0.0898876404494382,0.0,1.0,alta_cobertura,0
RCT-2026-000132,0.0958904109589041,0.4566103669190448,0.0,0.75,1.0,0.0,0.0,0.0,0.0,0.0,0.3770464651393511,0.2163107061630555,0.25,0.0,0.0,1.0,0.9550561797752808,1.0,0.0,referral,2
RCT-2025-000133,0.0958904109589041,0.1304601048340128,1.0,0.0,0.0,0.0,0.0,0.0,0.0,0.0,0.8104527601270376,0.025000905590694,1.0,0.0,1.0,0.0,0.0112359550561797,0.0,0.0,alta_cobertura,0
RCT-2025-000134,0.0136986301369863,0.0,1.0,0.5,0.0,0.0,0.0,0.0,0.0,0.0,0.7239640803210898,0.0878382082038379,0.875,0.0,1.0,0.0,0.0786516853932584,0.0,1.0,alta_cobertura,0
RCT-2024-000135,0.3904109589041096,0.7762376237623761,0.0,0.75,1.0,1.0,0.3833423006940098,0.4359640215777655,0.6666666666666666,1.0,0.3784077759671813,0.4226438046107093,0.25,0.0,0.0,0.0,0.0,0.0,1.0,alto_risco,1
RCT-2026-000136,0.452054794520548,0.6267757210503658,0.0,1.0,1.0,1.0,0.1188111036430976,0.1368303749030529,0.6666666666666666,0.3333333333333333,0.3728068104477747,0.2949678349888616,0.125,0.0,0.0,0.0,0.0898876404494382,1.0,1.0,alto_risco,1
RCT-2026-000137,0.6506849315068494,0.8033946251768034,0.0,0.75,0.0,1.0,0.0859834606443377,0.0850609012880357,0.3333333333333333,1.0,0.0152301467174243,0.4476319327669408,0.125,1.0,0.0,0.0,0.1011235955056179,0.0,1.0,alto_risco,1
RCT-2026-000138,0.1780821917808219,0.4588596790713553,0.0,0.75,0.0,1.0,0.0,0.0,0.0,0.0,0.2676957616797665,0.5043308853523447,0.0,0.0,0.0,1.0,0.8089887640449438,0.0,0.0,referral,2
RCT-2024-000139,0.9931506849315068,0.6968156275086967,0.0,1.0,1.0,1.0,0.7408169658014357,0.7586720789691016,1.0,0.3333333333333333,0.0359296081686417,0.6782004299687254,0.25,1.0,0.0,0.0,0.0449438202247191,1.0,0.0,alto_risco,1
RCT-2025-000140,0.1438356164383561,0.2772277227722772,0.0,0.25,1.0,0.0,0.0,0.0,0.0,0.0,0.425389151164493,0.5677600058596106,0.375,0.0,0.0,1.0,0.4831460674157303,1.0,0.0,referral,2
RCT-2025-000141,0.047945205479452,0.1108910891089108,1.0,0.0,0.0,0.0,0.0,0.0,0.0,0.0,0.6895052082237441,0.1123162049829669,0.875,0.0,1.0,0.0,0.0786516853932584,0.0,1.0,alta_cobertura,0
RCT-2024-000142,0.863013698630137,0.5759459666896922,0.0,0.75,1.0,1.0,0.0338152206247321,0.0394745633582611,0.3333333333333333,0.3333333333333333,0.1859593613689081,0.4422351073029629,0.5,0.0,0.0,0.0,0.0112359550561797,1.0,0.0,alto_risco,1
RCT-2026-000143,0.0136986301369863,0.0,1.0,0.0,0.0,1.0,0.0,0.0,0.0,0.0,0.7810438916168051,0.1994259711921627,0.75,0.0,1.0,0.0,0.0561797752808988,0.0,0.0,alta_cobertura,0
RCT-2025-000144,0.1438356164383561,0.0924092409240923,0.0,0.0,0.0,0.0,0.0,0.0,0.0,0.0,0.6733122817492159,0.1473834426318801,0.875,0.0,1.0,0.0,0.0,0.0,0.0,alta_cobertura,0
RCT-2025-000145,0.0821917808219178,0.5174917491749175,1.0,0.5,1.0,0.0,0.0,0.0,0.0,0.0,0.2671902436007797,0.2877767556970033,0.25,0.0,0.0,1.0,0.7752808988764044,0.0,0.0,referral,2
RCT-2025-000146,0.684931506849315,0.7859271364029606,0.0,1.0,1.0,1.0,0.6436851917208827,0.6435840889752555,1.0,0.6666666666666666,0.085432923259225,0.9636521747010862,0.375,0.0,0.0,0.0,0.1011235955056179,1.0,1.0,alto_risco,1
RCT-2026-000147,0.547945205479452,0.9085053083621614,1.0,0.75,0.0,1.0,0.5072222918814344,0.486783252951354,0.6666666666666666,0.6666666666666666,0.1784538532520638,0.928574546712853,0.375,0.0,0.0,1.0,0.0898876404494382,1.0,1.0,alto_risco,1
RCT-2024-000148,0.2945205479452054,0.3133878605251829,1.0,0.25,0.0,0.0,0.0,0.0,0.0,0.0,0.4688907513733237,0.0145046654103777,0.75,0.0,1.0,0.0,0.0112359550561797,0.0,1.0,alta_cobertura,0
RCT-2024-000149,0.0,0.3696369636963695,0.0,0.5,1.0,1.0,0.0,0.0,0.0,0.0,0.1022299501953873,0.1725668426996677,0.5,0.0,0.0,1.0,0.8651685393258426,1.0,0.0,referral,2
RCT-2026-000150,0.3972602739726028,0.7816912838824865,0.0,1.0,1.0,1.0,0.8710605235956667,0.8777937230686628,1.0,0.3333333333333333,0.080528080705422,0.5591795242233288,0.375,1.0,0.0,0.0,0.0224719101123595,0.0,1.0,alto_risco,1
RCT-2025-000151,0.0958904109589041,0.4566103669190448,0.0,0.75,0.0,1.0,0.0,0.0,0.0,0.0,0.3113901190687131,0.2343600744151024,0.625,0.0,0.0,1.0,0.1910112359550561,1.0,0.0,referral,2
RCT-2026-000152,0.2054794520547945,0.504050405040504,0.0,0.5,0.0,0.0,0.0,0.0,0.0,0.0,0.2404880837997938,0.526033566701311,0.375,0.0,0.0,1.0,0.3707865168539326,1.0,0.0,referral,2
RCT-2026-000153,0.8356164383561644,0.8605148514851484,0.0,1.0,1.0,0.0,0.7151546484816356,0.7686229640097778,1.0,0.6666666666666666,0.1925311270104129,0.611133690239791,0.5,1.0,0.0,0.0,0.0,0.0,0.0,alto_risco,1
RCT-2024-000154,0.0410958904109589,0.3696369636963695,0.0,0.25,0.0,1.0,0.0,0.0,0.0,0.0,0.1241411503729377,0.3609573668114121,0.5,0.0,0.0,1.0,0.9775280898876404,1.0,0.0,referral,2
RCT-2024-000155,0.0342465753424657,0.0,1.0,0.25,0.0,0.0,0.0095535358859035,0.0086285434509735,0.3333333333333333,1.0,0.5925562881852873,0.32975586112659,0.875,0.0,1.0,0.0,0.0674157303370786,0.0,1.0,alta_cobertura,0
RCT-2026-000156,0.1438356164383561,0.462046204620462,0.0,0.5,1.0,0.0,0.0,0.0,0.0,0.0,0.1095751927936262,0.3592100322267946,0.5,0.0,0.0,1.0,0.1910112359550561,1.0,0.0,referral,2
RCT-2025-000157,0.2534246575342466,0.3049504950495049,0.0,0.75,1.0,0.0,0.0215383993860561,0.0211711749144971,0.3333333333333333,0.0,0.3529399423420755,0.4242339640233951,0.75,0.0,0.0,1.0,0.9325842696629212,1.0,0.0,referral,2
RCT-2025-000158,0.136986301369863,0.1446405510116228,1.0,0.5,1.0,0.0,0.0,0.0,0.0,0.0,0.2317550373678843,0.34725782576059,0.625,0.0,1.0,0.0,0.0561797752808988,0.0,0.0,alta_cobertura,0
RCT-2025-000159,0.321917808219178,0.133069306930693,1.0,0.5,0.0,0.0,0.0,0.0,0.0,0.0,0.5520940740355753,0.2290333054714592,0.875,0.0,1.0,0.0,0.0224719101123595,0.0,1.0,alta_cobertura,0
RCT-2026-000160,0.1643835616438356,0.0821415474880821,1.0,0.5,0.0,0.0,0.0,0.0,0.0,0.0,0.2914917222192527,0.1646650061185957,0.75,0.0,0.0,0.0,0.0786516853932584,0.0,1.0,alta_cobertura,0
RCT-2026-000161,0.363013698630137,0.198019801980198,1.0,0.25,0.0,0.0,0.0,0.0,0.0,0.0,0.5963266316232593,0.0181739186529023,0.75,0.0,1.0,0.0,0.0,0.0,0.0,alta_cobertura,0
RCT-2025-000162,0.3835616438356164,0.2631313978855512,1.0,0.25,0.0,0.0,0.0,0.0,0.0,0.0,0.3500894316418926,0.3349299793867462,0.875,0.0,1.0,0.0,0.0449438202247191,0.0,1.0,alta_cobertura,0
RCT-2024-000163,0.1506849315068493,0.133069306930693,1.0,0.5,0.0,0.0,0.008553285350773,0.010738730156379,0.3333333333333333,0.0,0.5221468513805351,0.4207075759084471,0.625,0.0,0.0,1.0,0.3932584269662921,1.0,0.0,referral,2
RCT-2026-000164,0.6575342465753424,0.6608660866086608,0.0,0.75,1.0,1.0,0.04815071834686,0.0484802505699055,0.3333333333333333,0.3333333333333333,0.0350242538206148,0.2650785514920941,0.75,0.0,0.0,0.0,0.1011235955056179,0.0,0.0,alto_risco,1
RCT-2026-000165,0.1095890410958904,0.2334549244398123,0.0,0.5,0.0,1.0,0.0,0.0,0.0,0.0,0.530325336356313,0.1145383561521192,0.625,1.0,0.0,1.0,0.8089887640449438,1.0,0.0,referral,2
RCT-2024-000166,0.2123287671232876,0.489225393127548,0.0,0.75,0.0,1.0,0.4667991869571828,0.522489069901145,1.0,1.0,0.2079974186410536,0.8393816266757441,0.0,1.0,0.0,0.0,0.0786516853932584,0.0,1.0,alto_risco,1
RCT-2026-000167,0.0410958904109589,0.3696369636963695,1.0,0.25,0.0,0.0,0.0062346761700853,0.0066521984413196,0.3333333333333333,0.0,0.1026887034275172,0.0982742300431215,0.5,0.0,0.0,1.0,0.7865168539325842,1.0,0.0,referral,2
RCT-2025-000168,0.273972602739726,0.722081510476629,1.0,0.75,1.0,1.0,0.1110512795129893,0.1338602975504532,0.3333333333333333,0.3333333333333333,0.0461629095542661,0.550320614639072,0.5,0.0,0.0,0.0,0.0224719101123595,0.0,1.0,alto_risco,1
RCT-2025-000169,0.2397260273972602,0.1750911933298592,1.0,0.25,0.0,0.0,0.0,0.0,0.0,0.0,0.1429962463053686,0.143438373497131,0.375,1.0,0.0,1.0,0.2921348314606741,1.0,0.0,referral,2
RCT-2024-000170,0.0136986301369863,0.2217821782178217,1.0,0.25,0.0,1.0,0.0,0.0,0.0,0.0,0.7288584395657649,0.0115295458737937,0.875,0.0,1.0,0.0,0.1011235955056179,0.0,0.0,alta_cobertura,0
RCT-2025-000171,0.0753424657534246,0.1584158415841584,1.0,0.5,1.0,1.0,0.0,0.0,0.0,0.0,0.1107819764166615,0.5277102574143544,0.75,0.0,0.0,1.0,0.2584269662921348,1.0,0.0,referral,2
RCT-2024-000172,0.1301369863013698,0.0504050405040504,1.0,0.25,0.0,0.0,0.0,0.0,0.0,0.0,0.9996361812359048,0.1734783207608186,0.625,0.0,1.0,0.0,0.0449438202247191,0.0,1.0,alta_cobertura,0
RCT-2024-000173,0.2671232876712328,0.3168316831683168,0.0,0.25,0.0,1.0,0.0,0.0,0.0,0.0,0.3011362728833228,0.2309926686249766,0.875,0.0,1.0,0.0,0.0674157303370786,0.0,1.0,alta_cobertura,0
RCT-2025-000174,0.1712328767123287,0.198019801980198,0.0,0.25,0.0,1.0,0.0,0.0,0.0,0.0,0.1021131447343887,0.4494937508656968,0.375,0.0,0.0,1.0,0.1573033707865168,1.0,0.0,referral,2
RCT-2025-000175,0.2397260273972602,0.4377279833246482,1.0,0.75,0.0,0.0,0.0,0.0,0.0,0.0,0.2944740380217681,0.4966430479459061,0.625,0.0,0.0,1.0,0.9325842696629212,0.0,0.0,referral,2
RCT-2025-000176,0.9246575342465754,0.6990959965561773,1.0,0.75,1.0,1.0,0.3302325330297573,0.3453257323473904,0.6666666666666666,0.6666666666666666,0.3090596430684585,0.2638239968950595,0.25,0.0,0.0,0.0,0.0112359550561797,0.0,1.0,alto_risco,1
RCT-2025-000177,0.4726027397260274,0.9856985698569856,0.0,0.75,1.0,1.0,0.1508521265070157,0.1575287692365909,0.3333333333333333,0.6666666666666666,0.0707449864489546,0.4435539979041006,0.625,1.0,0.0,0.0,0.0561797752808988,1.0,1.0,alto_risco,1
RCT-2026-000178,1.0,0.8558708219815269,0.0,1.0,1.0,1.0,0.6207177861480762,0.6395969034557641,1.0,0.3333333333333333,0.0352326029406558,0.5834692593558757,0.25,1.0,0.0,0.0,0.0449438202247191,0.0,0.0,alto_risco,1
RCT-2026-000179,0.136986301369863,0.0964270340077485,1.0,0.5,0.0,0.0,0.0,0.0,0.0,0.0,0.9513850130896728,0.1176449150130278,0.875,0.0,1.0,0.0,0.0112359550561797,0.0,1.0,alta_cobertura,0
RCT-2026-000180,0.0684931506849315,0.0853008377760853,1.0,0.0,0.0,0.0,0.0,0.0,0.0,0.0,0.9310384453135128,0.0609954198285315,1.0,0.0,1.0,0.0,0.0786516853932584,0.0,1.0,alta_cobertura,0
RCT-2026-000181,0.1986301369863013,0.2772277227722772,1.0,0.0,0.0,0.0,0.0,0.0,0.0,0.0,0.7242933058774569,0.1017612487329709,0.875,0.0,1.0,0.0,0.0112359550561797,0.0,1.0,alta_cobertura,0
RCT-2026-000182,0.3835616438356164,0.2255411981876153,1.0,0.25,0.0,0.0,0.0,0.0,0.0,0.0,0.7634324223239718,0.1986880888895424,0.875,0.0,0.0,0.0,0.0561797752808988,0.0,1.0,alta_cobertura,0
RCT-2025-000183,0.047945205479452,0.4435643564356435,0.0,0.5,0.0,1.0,0.0,0.0,0.0,0.0,0.1131324638987402,0.1451101972224935,0.625,0.0,0.0,1.0,0.595505617977528,0.0,0.0,referral,2
RCT-2024-000184,0.0342465753424657,0.1386138613861386,0.0,0.5,1.0,0.0,0.0,0.0,0.0,0.0,0.7934594830864959,0.1776246531627536,0.75,0.0,1.0,0.0,0.0449438202247191,0.0,0.0,alta_cobertura,0
RCT-2025-000185,0.9383561643835616,0.8633663366336632,1.0,0.75,0.0,1.0,0.4342883000379701,0.4218191723573433,0.6666666666666666,0.3333333333333333,0.1389612603426161,0.6210508466435218,0.125,1.0,0.0,0.0,0.0898876404494382,1.0,0.0,alto_risco,1
RCT-2026-000186,0.2123287671232876,0.4239953407105415,1.0,0.75,0.0,0.0,0.0109407671748839,0.0112029301665024,0.3333333333333333,0.0,0.2734204394064293,0.1967091615627866,0.625,0.0,0.0,1.0,0.2696629213483146,0.0,0.0,referral,2
RCT-2025-000187,0.2191780821917808,0.2217821782178217,0.0,0.25,0.0,0.0,0.0,0.0,0.0,0.0,0.4287844475706122,0.3929300374938484,0.625,0.0,0.0,1.0,0.5168539325842696,1.0,0.0,referral,2
RCT-2025-000188,0.3424657534246575,0.0209228470016812,1.0,0.5,0.0,0.0,0.0,0.0,0.0,0.0,0.5984497028288077,0.2036090730766572,1.0,0.0,0.0,0.0,0.0786516853932584,0.0,1.0,alta_cobertura,0
RCT-2025-000189,0.136986301369863,0.0964270340077485,1.0,0.25,0.0,0.0,0.0,0.0,0.0,0.0,0.3621530812991707,0.0374341576071519,0.875,0.0,1.0,0.0,0.0561797752808988,0.0,1.0,alta_cobertura,0
RCT-2025-000190,0.0205479452054794,0.3696369636963695,1.0,0.5,0.0,0.0,0.0,0.0,0.0,0.0,0.4357716720672666,0.0735953543649524,0.625,0.0,1.0,0.0,0.1011235955056179,0.0,1.0,alta_cobertura,0
RCT-2025-000191,0.1301369863013698,0.0,1.0,0.5,0.0,0.0,0.0,0.0,0.0,0.0,0.67635714317708,0.3090703082626371,1.0,0.0,1.0,0.0,0.0337078651685393,0.0,1.0,alta_cobertura,0
RCT-2026-000192,0.184931506849315,0.5174917491749175,0.0,0.25,0.0,0.0,0.0,0.0,0.0,0.0,0.3948295593261262,0.160374014807751,0.375,1.0,0.0,1.0,0.4382022471910112,1.0,0.0,referral,2
RCT-2026-000193,0.3835616438356164,0.5262627957711025,0.0,1.0,0.0,0.0,0.2847921081614801,0.3207510915438795,0.6666666666666666,0.6666666666666666,0.0427396001404941,0.3531900293973686,0.125,0.0,0.0,0.0,0.0898876404494382,0.0,1.0,alto_risco,1
RCT-2025-000194,0.2397260273972602,0.5544554455445544,0.0,1.0,1.0,1.0,0.4106164102062449,0.3898739732988943,0.6666666666666666,0.6666666666666666,0.3242980207383602,0.7039891971365915,0.125,0.0,0.0,0.0,0.0449438202247191,0.0,1.0,alto_risco,1
RCT-2025-000195,0.8698630136986302,0.8615384615384615,0.0,1.0,1.0,1.0,0.2031023167363322,0.2386908720669039,0.3333333333333333,0.3333333333333333,0.2691122527988574,0.8688018362445542,0.0,1.0,0.0,0.0,0.0786516853932584,0.0,0.0,alto_risco,1
RCT-2025-000196,0.2876712328767123,0.0985698569856985,1.0,0.25,0.0,0.0,0.0044568317344346,0.0042064907147175,0.3333333333333333,1.0,0.4043809354113762,0.3169233096509177,0.75,0.0,0.0,0.0,0.0337078651685393,0.0,1.0,alta_cobertura,0
RCT-2025-000197,0.1986301369863013,0.2079207920792078,1.0,0.0,0.0,0.0,0.0,0.0,0.0,0.0,0.4495204861723841,0.3571714849078325,0.75,0.0,1.0,0.0,0.1011235955056179,0.0,1.0,alta_cobertura,0
RCT-2024-000198,0.1575342465753424,0.3838537699923838,0.0,0.75,0.0,1.0,0.0,0.0,0.0,0.0,0.5117539136186479,0.5806780607099655,0.625,0.0,0.0,1.0,0.8314606741573033,1.0,0.0,referral,2
RCT-2025-000199,0.9315068493150684,0.7499109623192535,0.0,1.0,0.0,1.0,0.2961785266133044,0.3504175470113358,0.6666666666666666,0.3333333333333333,0.3379847486619386,0.4605326597671843,0.5,0.0,0.0,1.0,0.0898876404494382,0.0,0.0,alto_risco,1
RCT-2024-000200,0.5547945205479452,0.6864686468646864,0.0,0.75,1.0,1.0,0.2352553010869461,0.2268662286345106,1.0,0.3333333333333333,0.2247543926975494,0.6888057660355777,0.625,0.0,0.0,1.0,0.0786516853932584,0.0,0.0,alto_risco,1
RCT-2026-000201,0.0,0.3696369636963695,1.0,0.5,1.0,0.0,0.0,0.0,0.0,0.0,0.1731619992996849,0.0899644713233337,0.5,0.0,0.0,1.0,0.6179775280898876,1.0,0.0,referral,2
RCT-2026-000202,0.0547945205479452,0.3024302430243024,1.0,0.5,1.0,0.0,0.0,0.0,0.0,0.0,0.3766544589126462,0.4196753911063783,0.625,0.0,0.0,1.0,0.4382022471910112,0.0,0.0,referral,2
RCT-2026-000203,0.0684931506849315,0.2559025133282558,1.0,0.25,0.0,0.0,0.0,0.0,0.0,0.0,0.3696966181334041,0.2360526374483521,1.0,0.0,1.0,0.0,0.0674157303370786,0.0,1.0,alta_cobertura,0
RCT-2025-000204,0.1095890410958904,0.2334549244398123,0.0,0.75,0.0,0.0,0.0039098781156539,0.0053050952929426,0.3333333333333333,0.0,0.4129176888811544,0.4537593811889031,0.75,0.0,0.0,1.0,0.4157303370786517,0.0,0.0,referral,2
RCT-2025-000205,0.1643835616438356,0.8214154748808212,1.0,0.75,1.0,1.0,0.5873805227212264,0.6164945466543275,1.0,0.3333333333333333,0.3313697710324592,0.602708533408445,0.5,1.0,0.0,0.0,0.0786516853932584,0.0,0.0,alto_risco,1
RCT-2026-000206,0.9315068493150684,0.8057553956834532,0.0,0.75,0.0,1.0,0.2051488058991811,0.231997207203747,0.3333333333333333,0.3333333333333333,0.1127728005280857,0.3461013006705847,0.5,0.0,0.0,0.0,0.1011235955056179,0.0,0.0,alto_risco,1
RCT-2026-000207,0.2876712328767123,0.7885588558855885,1.0,0.75,1.0,1.0,0.4430212150688182,0.4407412575590825,1.0,0.3333333333333333,0.1308849995597019,0.4416048768350557,0.5,1.0,0.0,0.0,0.0449438202247191,0.0,1.0,alto_risco,1
RCT-2024-000208,0.4041095890410958,0.8406259980836792,0.0,0.75,0.0,1.0,0.1789391445854871,0.1705581231243811,0.3333333333333333,0.3333333333333333,0.1622996875282082,0.8153484211872386,0.375,1.0,0.0,0.0,0.0224719101123595,1.0,1.0,alto_risco,1
RCT-2025-000209,0.184931506849315,0.3326732673267326,1.0,0.5,0.0,0.0,0.0,0.0,0.0,0.0,0.8396081645630548,0.1935221980624987,0.75,0.0,1.0,1.0,0.0,0.0,1.0,alta_cobertura,0
RCT-2026-000210,0.4383561643835616,0.6620363528890201,0.0,1.0,1.0,1.0,0.5006268281754512,0.4771783622135589,0.6666666666666666,0.6666666666666666,0.324340655606113,0.7991217248722178,0.375,1.0,0.0,0.0,0.0898876404494382,1.0,0.0,alto_risco,1
RCT-2025-000211,0.3356164383561644,0.0853008377760853,1.0,0.0,0.0,0.0,0.0,0.0,0.0,0.0,0.6821157333153456,0.3124483420503265,1.0,0.0,1.0,0.0,0.0561797752808988,0.0,0.0,alta_cobertura,0
RCT-2026-000212,0.2260273972602739,0.2464246424642464,1.0,0.0,0.0,0.0,0.0,0.0,0.0,0.0,0.3413819381095688,0.0060340775684218,1.0,0.0,0.0,0.0,0.0898876404494382,0.0,1.0,alta_cobertura,0
RCT-2026-000213,0.0,0.0,1.0,0.5,1.0,0.0,0.0,0.0,0.0,0.0,0.118092571769853,0.445524776908198,0.375,0.0,0.0,1.0,0.8426966292134831,1.0,0.0,referral,2
RCT-2026-000214,0.3904109589041096,0.0554455445544554,1.0,0.25,1.0,0.0,0.0,0.0,0.0,0.0,0.8539492408620021,0.1571476651132528,0.75,0.0,1.0,0.0,0.0449438202247191,0.0,1.0,alta_cobertura,0
RCT-2026-000215,0.136986301369863,0.2892811020232457,1.0,0.25,0.0,0.0,0.0,0.0,0.0,0.0,0.2679178424028302,0.2405272412157252,0.875,0.0,0.0,1.0,0.3932584269662921,1.0,0.0,referral,2
RCT-2025-000216,0.0616438356164383,0.0924092409240923,1.0,0.0,0.0,0.0,0.0,0.0,0.0,0.0,0.6460164001142633,0.2797785082078166,0.75,0.0,1.0,0.0,0.0112359550561797,0.0,1.0,alta_cobertura,0
RCT-2026-000217,0.0,0.0,0.0,0.75,1.0,1.0,0.0104866038162099,0.0133255884844666,0.3333333333333333,0.0,0.2767819271909906,0.2201271095608888,0.625,0.0,0.0,1.0,0.5168539325842696,0.0,0.0,referral,2
RCT-2025-000218,0.2123287671232876,0.326150262085032,1.0,0.25,1.0,0.0,0.0064771276793312,0.006808030226288,0.3333333333333333,1.0,0.8698081151924723,0.2909445325958018,1.0,0.0,1.0,0.0,0.0,0.0,1.0,alta_cobertura,0
RCT-2025-000219,0.1506849315068493,0.1774257425742574,0.0,0.5,1.0,1.0,0.0,0.0,0.0,0.0,0.3322750996524608,0.3279753601139242,0.375,0.0,0.0,1.0,0.4719101123595505,1.0,0.0,referral,2
RCT-2024-000220,0.2260273972602739,0.4312431243124312,1.0,0.25,0.0,0.0,0.0,0.0,0.0,0.0,0.2441358113290873,0.314190034807307,0.375,0.0,0.0,1.0,0.9213483146067416,0.0,0.0,referral,2
RCT-2026-000221,0.2602739726027397,0.2704660709973436,0.0,0.0,0.0,1.0,0.0,0.0,0.0,0.0,0.8653057158114433,0.2981094569714288,0.75,0.0,1.0,1.0,0.0674157303370786,0.0,1.0,alta_cobertura,0
RCT-2026-000222,1.0,0.4763107183201541,1.0,1.0,1.0,1.0,0.5483447728634302,0.5879849684453203,1.0,1.0,0.2403697938386263,0.8409598269579641,0.375,1.0,0.0,0.0,0.0112359550561797,1.0,0.0,alto_risco,1
RCT-2026-000223,0.8493150684931506,0.4715054182583612,1.0,1.0,1.0,1.0,0.6694810220900232,0.665817095800054,1.0,0.3333333333333333,0.0206155984610221,0.6690304228225787,0.375,1.0,0.0,0.0,0.0561797752808988,0.0,0.0,alto_risco,1
RCT-2025-000224,0.1164383561643835,0.1663366336633663,1.0,0.0,0.0,0.0,0.0,0.0,0.0,0.0,0.365524158429418,0.0676944203485511,1.0,0.0,0.0,0.0,0.0337078651685393,0.0,0.0,alta_cobertura,0
RCT-2026-000225,0.0410958904109589,0.1232123212321232,0.0,0.25,0.0,1.0,0.0,0.0,0.0,0.0,0.5047299158789474,0.1522549265906818,0.125,0.0,0.0,1.0,0.3146067415730337,1.0,0.0,referral,2
RCT-2025-000226,0.3835616438356164,0.1691558986407115,1.0,0.0,0.0,0.0,0.0,0.0,0.0,0.0,0.3692692432961568,0.1842528190599474,0.875,0.0,1.0,0.0,0.0,0.0,0.0,alta_cobertura,0
RCT-2025-000227,0.0136986301369863,0.2217821782178217,0.0,0.75,0.0,1.0,0.0,0.0,0.0,0.0,0.3643886245387002,0.3135197868774085,0.625,0.0,0.0,1.0,0.7191011235955056,1.0,0.0,referral,2
RCT-2026-000228,0.9383561643835616,0.491089108910891,0.0,0.75,0.0,1.0,0.5694272855275082,0.537605057228753,0.6666666666666666,0.3333333333333333,0.2899148347122232,1.0,0.5,0.0,0.0,1.0,0.0112359550561797,0.0,1.0,alto_risco,1
RCT-2026-000229,0.8013698630136986,0.5636963696369636,0.0,1.0,1.0,1.0,0.2815814585227347,0.3349197137195414,0.3333333333333333,0.6666666666666666,0.0865662057371903,0.5146218821084214,0.375,1.0,0.0,0.0,0.0786516853932584,0.0,1.0,alto_risco,1
RCT-2024-000230,0.4931506849315068,0.4731353135313531,0.0,0.75,0.0,1.0,0.054421380437429,0.063404753016887,0.3333333333333333,0.3333333333333333,0.0038040022127241,0.525170114081555,0.5,1.0,0.0,0.0,0.0561797752808988,1.0,1.0,alto_risco,1
RCT-2025-000231,0.1438356164383561,0.1848184818481847,1.0,0.25,0.0,0.0,0.0,0.0,0.0,0.0,0.7042869693612562,0.1038612326012224,0.875,0.0,0.0,1.0,0.0337078651685393,0.0,1.0,alta_cobertura,0
RCT-2025-000232,0.0753424657534246,0.396039603960396,1.0,0.75,1.0,0.0,0.0,0.0,0.0,0.0,0.4317334674284313,0.1325467819375906,0.375,0.0,0.0,1.0,0.3820224719101123,1.0,0.0,referral,2
RCT-2025-000233,0.184931506849315,0.2957095709570956,1.0,0.0,0.0,0.0,0.0,0.0,0.0,0.0,0.4581480903897601,0.0323676132788904,0.875,0.0,1.0,0.0,0.0112359550561797,0.0,0.0,alta_cobertura,0
RCT-2026-000234,0.1780821917808219,0.9559576647319904,0.0,1.0,1.0,1.0,0.2679353013615417,0.2984121393843473,0.3333333333333333,1.0,0.0846663067344837,0.7515923889981595,0.5,0.0,0.0,0.0,0.0,0.0,1.0,alto_risco,1
RCT-2025-000235,0.1986301369863013,0.0346534653465346,1.0,0.0,0.0,0.0,0.0,0.0,0.0,0.0,0.9956740902260218,0.1905293828874157,0.875,0.0,0.0,0.0,0.0224719101123595,0.0,1.0,alta_cobertura,0
RCT-2026-000236,0.0547945205479452,0.3024302430243024,0.0,0.5,0.0,0.0,0.0,0.0,0.0,0.0,0.1134958657873272,0.2020757651048175,0.625,1.0,0.0,1.0,0.8426966292134831,1.0,0.0,referral,2
RCT-2025-000237,0.4246575342465754,0.8018278750952017,0.0,0.75,1.0,1.0,0.3468128066688104,0.3392165687028964,1.0,1.0,0.0018725959656106,0.5807460060964698,0.25,0.0,0.0,0.0,0.0449438202247191,1.0,0.0,alto_risco,1
RCT-2024-000238,0.541095890410959,0.973677855590437,0.0,1.0,1.0,1.0,0.2630255535645261,0.3328591346275045,0.3333333333333333,0.6666666666666666,0.2799826382563239,0.3624178243826839,0.125,1.0,0.0,0.0,0.0561797752808988,1.0,0.0,alto_risco,1
RCT-2025-000239,0.1917808219178082,0.3219418716065155,0.0,0.5,1.0,0.0,0.0,0.0,0.0,0.0,0.733524828673537,0.2487142626140844,0.875,0.0,0.0,0.0,0.0786516853932584,0.0,1.0,alta_cobertura,0
RCT-2025-000240,0.0616438356164383,0.1848184818481847,1.0,0.25,1.0,0.0,0.0138689090092453,0.0193656048109566,0.3333333333333333,0.0,0.4610079626701301,0.2922529202839762,0.25,1.0,0.0,1.0,0.5168539325842696,0.0,0.0,referral,2
RCT-2025-000241,0.1506849315068493,0.4879207920792078,1.0,0.25,1.0,0.0,0.0142066453707838,0.0130622312891897,0.3333333333333333,0.0,0.3095024677672863,0.3241852835368559,0.875,1.0,0.0,1.0,0.595505617977528,1.0,0.0,referral,2
RCT-2025-000242,0.0684931506849315,0.1706016755521706,1.0,0.5,0.0,1.0,0.0,0.0,0.0,0.0,0.0800915709469869,0.3422124168630304,0.5,0.0,0.0,1.0,0.247191011235955,0.0,0.0,referral,2
RCT-2026-000243,0.1438356164383561,0.5544554455445544,0.0,0.5,1.0,0.0,0.0100580719161791,0.0104578822849526,0.3333333333333333,0.0,0.4247405543696447,0.5577176899070229,0.5,1.0,0.0,1.0,0.7303370786516854,1.0,0.0,referral,2
RCT-2025-000244,0.136986301369863,0.4339216530348687,1.0,0.75,1.0,0.0,0.0,0.0,0.0,0.0,0.2162909647254026,0.4801863633492541,0.5,0.0,0.0,1.0,0.2696629213483146,1.0,0.0,referral,2
RCT-2024-000245,0.9726027397260274,0.8106520996927278,1.0,1.0,0.0,0.0,0.3073688006135021,0.3529996017406839,0.6666666666666666,0.3333333333333333,0.0244980469894026,0.9437840187352148,0.25,1.0,0.0,1.0,0.0224719101123595,0.0,0.0,alto_risco,1
RCT-2026-000246,0.2465753424657533,0.2843361259202843,0.0,0.25,0.0,0.0,0.0,0.0,0.0,0.0,0.3260264731580727,0.2783630867288657,0.375,0.0,0.0,1.0,0.1573033707865168,1.0,0.0,referral,2
RCT-2025-000247,0.0136986301369863,0.4435643564356435,1.0,0.5,0.0,1.0,0.0,0.0,0.0,0.0,0.4361330193551341,0.5436912602758615,0.375,0.0,0.0,1.0,0.9775280898876404,0.0,0.0,referral,2
RCT-2025-000248,0.3082191780821918,0.1617161716171617,1.0,0.0,0.0,0.0,0.0,0.0,0.0,0.0,0.6034905801341256,0.1562961056701201,0.75,0.0,0.0,0.0,0.0112359550561797,0.0,0.0,alta_cobertura,0
RCT-2025-000249,0.0410958904109589,0.3696369636963695,0.0,0.5,0.0,0.0,0.0,0.0,0.0,0.0,0.2604253718691923,0.1393718683760673,0.625,0.0,0.0,1.0,0.7640449438202247,1.0,0.0,referral,2
RCT-2024-000250,0.1643835616438356,0.2464246424642464,0.0,0.75,1.0,0.0,0.0,0.0,0.0,0.0,0.2775664818398742,0.4036690074198804,0.5,0.0,0.0,1.0,0.3258426966292135,1.0,0.0,referral,2
RCT-2026-000251,0.2260273972602739,0.3388338833883388,0.0,0.75,0.0,1.0,0.0,0.0,0.0,0.0,0.115913708327982,0.4581938156285078,0.75,1.0,0.0,1.0,0.3258426966292135,0.0,0.0,referral,2
RCT-2026-000252,0.1232876712328767,0.4224422442244224,1.0,0.25,1.0,0.0,0.0200645524286963,0.0182424076660974,0.3333333333333333,0.0,0.2051978684853706,0.3771215622926184,0.625,0.0,0.0,1.0,0.6067415730337078,1.0,0.0,referral,2
RCT-2025-000253,0.0410958904109589,0.2464246424642464,1.0,0.0,0.0,0.0,0.0,0.0,0.0,0.0,0.4053676536644431,0.3113014309910991,1.0,0.0,1.0,0.0,0.1011235955056179,0.0,1.0,alta_cobertura,0
RCT-2026-000254,0.1301369863013698,0.3528352835283528,0.0,0.25,0.0,1.0,0.0146859879242505,0.0174222597219314,0.3333333333333333,0.0,0.351043299578565,0.2820520624924165,0.25,1.0,0.0,1.0,0.6516853932584269,0.0,0.0,referral,2
RCT-2026-000255,0.1780821917808219,0.4206213724820757,1.0,0.75,0.0,0.0,0.0,0.0,0.0,0.0,0.1531967466919368,0.55460360475335,0.625,1.0,0.0,1.0,0.8764044943820224,1.0,0.0,referral,2
RCT-2025-000256,0.3082191780821918,0.3234323432343234,0.0,0.5,1.0,0.0,0.0,0.0,0.0,0.0,0.7517533854057997,0.3460771553164902,0.75,0.0,0.0,1.0,0.0,0.0,0.0,alta_cobertura,2
RCT-2025-000257,0.184931506849315,0.3326732673267326,1.0,0.5,0.0,1.0,0.0062438118998655,0.0074695326680181,0.3333333333333333,0.0,0.2911826517018305,0.0974631745068214,0.375,0.0,0.0,1.0,0.5056179775280898,1.0,0.0,referral,2
RCT-2025-000258,0.0958904109589041,0.0,1.0,0.25,0.0,1.0,0.0,0.0,0.0,0.0,0.8077677846597094,0.0466563036020986,0.75,0.0,1.0,0.0,0.0112359550561797,0.0,0.0,alta_cobertura,0
RCT-2026-000259,0.0273972602739726,0.0,1.0,0.5,1.0,0.0,0.0,0.0,0.0,0.0,0.5627534015515682,0.297136095361014,0.875,0.0,1.0,0.0,0.0449438202247191,0.0,1.0,alta_cobertura,0
RCT-2026-000260,0.0753424657534246,0.2376237623762375,0.0,0.75,1.0,0.0,0.0,0.0,0.0,0.0,0.0849078089436473,0.1531481723504252,0.75,1.0,0.0,1.0,0.5056179775280898,1.0,0.0,referral,2
RCT-2026-000261,0.1438356164383561,0.0462046204620461,1.0,0.0,0.0,0.0,0.0,0.0,0.0,0.0,0.6570022342623313,0.0008367937270251,0.75,0.0,0.0,0.0,0.0674157303370786,0.0,1.0,alta_cobertura,0
RCT-2024-000262,0.2945205479452054,0.0964270340077485,1.0,0.0,0.0,0.0,0.0072816907873577,0.0068492727336721,0.3333333333333333,1.0,0.3790784377532556,0.0117820913728487,0.75,0.0,1.0,0.0,0.0224719101123595,0.0,0.0,alta_cobertura,0
RCT-2025-000263,0.2397260273972602,0.321000521104742,1.0,0.5,0.0,0.0,0.0,0.0,0.0,0.0,0.3908247862040631,0.2163182149785716,1.0,0.0,1.0,0.0,0.1011235955056179,0.0,1.0,alta_cobertura,0
RCT-2026-000264,0.1095890410958904,0.2334549244398123,1.0,0.25,0.0,0.0,0.0,0.0,0.0,0.0,0.3243138239388176,0.4935518929545691,0.5,1.0,0.0,1.0,0.3258426966292135,1.0,0.0,referral,2
RCT-2025-000265,0.1986301369863013,0.797029702970297,1.0,0.75,0.0,1.0,0.1361957785273255,0.1251743137050529,0.3333333333333333,0.3333333333333333,0.3477226744032264,0.5251609148891558,0.5,1.0,0.0,0.0,0.0449438202247191,1.0,1.0,alto_risco,1
RCT-2024-000266,0.5205479452054794,0.5755107156285248,0.0,1.0,1.0,1.0,0.0696276907806737,0.0665913936688627,0.3333333333333333,0.6666666666666666,0.0047494834886175,0.7202525998315548,0.625,0.0,0.0,0.0,0.0898876404494382,0.0,0.0,alto_risco,1
RCT-2026-000267,0.0753424657534246,0.0792079207920792,1.0,0.0,0.0,0.0,0.0,0.0,0.0,0.0,0.8661942070779999,0.3168807650621674,0.75,0.0,1.0,0.0,0.0898876404494382,0.0,1.0,alta_cobertura,0
RCT-2026-000268,0.958904109589041,0.9538184587689535,1.0,1.0,1.0,1.0,0.6561284508172155,0.7134380260709006,1.0,0.6666666666666666,0.3596585474193516,0.2488513001489238,0.375,1.0,0.0,0.0,0.0224719101123595,1.0,1.0,alto_risco,1
RCT-2026-000269,0.1027397260273972,0.308030803080308,0.0,0.75,1.0,0.0,0.0184071577581145,0.0234364920879046,0.3333333333333333,0.0,0.2385207155076096,0.1096016713897454,0.375,0.0,0.0,1.0,0.8651685393258426,0.0,0.0,referral,2
RCT-2025-000270,0.2671232876712328,0.5016501650165016,0.0,1.0,1.0,1.0,0.0396725754446798,0.0394371189469781,0.3333333333333333,1.0,0.2882644680299391,0.807846759852348,0.625,0.0,0.0,0.0,0.0,1.0,0.0,alto_risco,1
RCT-2025-000271,0.4931506849315068,0.901914191419142,0.0,0.75,1.0,1.0,0.0343899242012451,0.0376106614272825,0.3333333333333333,0.6666666666666666,0.2153941662672662,0.809684858959768,0.5,0.0,0.0,1.0,0.0898876404494382,0.0,0.0,alto_risco,1
RCT-2024-000272,0.2123287671232876,0.652300524170064,0.0,0.75,0.0,0.0,0.7102131470016425,0.7655699073406927,1.0,0.3333333333333333,0.3636777941924088,0.4844001771343846,0.375,1.0,0.0,0.0,0.0337078651685393,1.0,1.0,alto_risco,1
RCT-2025-000273,0.0342465753424657,0.5544554455445544,1.0,0.5,0.0,0.0,0.0146994653869954,0.0205473914961152,0.3333333333333333,0.0,0.3594153098232773,0.1846207402130779,0.5,1.0,0.0,1.0,0.3595505617977528,1.0,0.0,referral,2
RCT-2026-000274,0.0821917808219178,0.2957095709570956,1.0,0.25,0.0,0.0,0.0028752126818363,0.0025631402952609,0.3333333333333333,1.0,0.6266759144544626,0.1559126973868562,0.75,0.0,1.0,0.0,0.0561797752808988,0.0,1.0,alta_cobertura,0
RCT-2025-000275,0.2397260273972602,0.1167274622199061,0.0,0.5,0.0,1.0,0.0,0.0,0.0,0.0,0.2773154267175205,0.2791836784597629,0.625,0.0,0.0,1.0,0.3820224719101123,1.0,0.0,referral,2
RCT-2024-000276,0.5616438356164384,0.5218404193360512,0.0,0.75,0.0,1.0,0.2815446442453038,0.2776707788246162,0.6666666666666666,0.6666666666666666,0.3367649897438104,0.308816704041115,0.75,1.0,0.0,0.0,0.1011235955056179,1.0,0.0,alto_risco,1
RCT-2025-000277,0.3698630136986301,0.0,1.0,0.0,0.0,0.0,0.0,0.0,0.0,0.0,0.8928102786143045,0.3383359296399466,0.75,0.0,1.0,0.0,0.0112359550561797,0.0,0.0,alta_cobertura,0
RCT-2026-000278,0.1643835616438356,0.2053538687202053,1.0,0.5,0.0,0.0,0.0,0.0,0.0,0.0,0.4310582577675893,0.342632209415051,0.375,1.0,0.0,1.0,0.9775280898876404,1.0,0.0,referral,2
RCT-2024-000279,0.3150684931506849,0.2036775106082036,0.0,0.0,0.0,0.0,0.0,0.0,0.0,0.0,0.9648145396749538,0.3067588371061986,0.875,0.0,1.0,0.0,0.0112359550561797,0.0,1.0,alta_cobertura,0
RCT-2025-000280,0.0958904109589041,0.326150262085032,1.0,0.5,0.0,1.0,0.0,0.0,0.0,0.0,0.188726936021387,0.5787124259884358,0.5,0.0,0.0,1.0,0.595505617977528,1.0,0.0,referral,2
RCT-2024-000281,0.9383561643835616,0.6178217821782178,1.0,0.75,1.0,0.0,0.121426593097271,0.1219129912457602,0.6666666666666666,1.0,0.1471255722676846,0.3066025301007177,0.375,0.0,0.0,0.0,0.0224719101123595,1.0,0.0,alto_risco,1
RCT-2025-000282,0.0410958904109589,0.1232123212321232,0.0,0.25,0.0,0.0,0.0,0.0,0.0,0.0,0.2711987742824512,0.1853620900887829,0.5,0.0,0.0,1.0,0.3595505617977528,1.0,0.0,referral,2
RCT-2025-000283,0.4452054794520548,0.9947582993593476,0.0,0.75,1.0,1.0,0.0931750366693149,0.0866912688940124,0.3333333333333333,0.3333333333333333,0.3674292086028921,0.6103131118193257,0.625,1.0,0.0,1.0,0.0898876404494382,1.0,1.0,alto_risco,1
RCT-2026-000284,0.3493150684931506,0.2053538687202053,1.0,0.5,0.0,1.0,0.0,0.0,0.0,0.0,0.4576300757427234,0.2089307638813091,1.0,0.0,0.0,0.0,0.0674157303370786,0.0,0.0,alta_cobertura,0
RCT-2026-000285,0.3561643835616438,0.0604860486048604,1.0,0.0,0.0,0.0,0.0,0.0,0.0,0.0,0.961510565403252,0.2559060634000817,1.0,0.0,0.0,0.0,0.0561797752808988,0.0,1.0,alta_cobertura,0
RCT-2024-000286,0.0821917808219178,0.2217821782178217,0.0,0.25,0.0,0.0,0.0,0.0,0.0,0.0,0.5245045558548116,0.1455323407846559,0.625,1.0,0.0,1.0,0.550561797752809,1.0,0.0,referral,2
RCT-2026-000287,0.1712328767123287,0.1584158415841584,0.0,0.75,1.0,0.0,0.0,0.0,0.0,0.0,0.1815531623272714,0.44370943990931,0.375,1.0,0.0,1.0,0.2247191011235955,0.0,0.0,referral,2
RCT-2025-000288,0.9794520547945206,0.6152176861521768,0.0,1.0,1.0,1.0,0.0201435891070756,0.0233724314303073,0.3333333333333333,0.6666666666666666,0.2740905568030862,0.8249202321112834,0.375,1.0,0.0,0.0,0.0224719101123595,1.0,1.0,alto_risco,1
RCT-2025-000289,0.3287671232876712,0.8914773830324209,0.0,0.75,1.0,1.0,0.4178907314731755,0.4740144805645825,1.0,0.3333333333333333,0.2223210034122417,0.9646297790204136,0.25,1.0,0.0,0.0,0.0449438202247191,1.0,0.0,alto_risco,1
RCT-2025-000290,0.3287671232876712,0.3044069112793632,1.0,0.5,0.0,0.0,0.0,0.0,0.0,0.0,0.7836328635374986,0.221038527887913,0.875,0.0,1.0,0.0,0.0224719101123595,0.0,1.0,alta_cobertura,0
RCT-2024-000291,0.136986301369863,0.2410675850193714,1.0,0.25,0.0,1.0,0.0064760803314669,0.0071036691260233,0.3333333333333333,1.0,0.3628831778559009,0.3158037695177083,0.75,0.0,0.0,0.0,0.0224719101123595,0.0,0.0,alta_cobertura,0
RCT-2025-000292,0.1232876712328767,0.4752475247524751,0.0,0.5,1.0,0.0,0.0132194105132035,0.0178654497966706,0.3333333333333333,0.0,0.4736080809286407,0.468979708864161,0.625,0.0,0.0,1.0,0.2921348314606741,1.0,0.0,referral,2
RCT-2025-000293,0.6506849315068494,0.8599717114568598,0.0,1.0,1.0,0.0,0.459629205340899,0.546828579404875,0.6666666666666666,0.3333333333333333,0.1320236099908324,0.6393440294251664,0.375,0.0,0.0,1.0,0.0112359550561797,1.0,1.0,alto_risco,1
RCT-2025-000294,0.0,0.3696369636963695,1.0,0.5,0.0,1.0,0.0,0.0,0.0,0.0,0.1427907857409984,0.438151460136669,0.25,0.0,0.0,1.0,0.2247191011235955,1.0,0.0,referral,2
RCT-2025-000295,0.0547945205479452,0.3024302430243024,0.0,0.0,0.0,0.0,0.0,0.0,0.0,0.0,0.3380941083735326,0.1544842722288751,0.875,0.0,1.0,0.0,0.1011235955056179,0.0,1.0,alta_cobertura,0
RCT-2024-000296,0.0205479452054794,0.3696369636963695,1.0,0.5,0.0,0.0,0.0,0.0,0.0,0.0,0.4396462972345637,0.0266112878675209,1.0,0.0,0.0,0.0,0.0224719101123595,0.0,1.0,alta_cobertura,0
RCT-2024-000297,0.047945205479452,0.4435643564356435,0.0,0.25,1.0,0.0,0.0225880038089566,0.0214003450200637,0.3333333333333333,0.0,0.1327827044750643,0.3831572777257562,0.75,1.0,0.0,1.0,0.449438202247191,1.0,0.0,referral,2
RCT-2025-000298,0.684931506849315,0.8182255118715754,0.0,0.75,1.0,1.0,0.17601962908899,0.2094477247606702,0.6666666666666666,1.0,0.3134996831770491,0.5970343657000627,0.375,1.0,0.0,0.0,0.0674157303370786,1.0,1.0,alto_risco,1
RCT-2025-000299,0.2191780821917808,0.19009900990099,0.0,0.5,1.0,0.0,0.0,0.0,0.0,0.0,0.5225137822182773,0.3228146580585284,0.375,0.0,0.0,1.0,0.8876404494382022,1.0,0.0,referral,2
RCT-2025-000300,0.2808219178082192,0.2772277227722772,1.0,0.0,0.0,1.0,0.0,0.0,0.0,0.0,0.5200353630616306,0.1561671132458245,0.75,0.0,1.0,0.0,0.0337078651685393,0.0,1.0,alta_cobertura,0
RCT-2025-000301,0.0958904109589041,0.0652300524170064,1.0,0.5,0.0,0.0,0.0,0.0,0.0,0.0,0.934276712503591,0.2608837440167185,0.875,0.0,1.0,0.0,0.0337078651685393,0.0,1.0,alta_cobertura,0
RCT-2025-000302,0.0684931506849315,0.2559025133282558,1.0,0.0,0.0,0.0,0.0091987848822419,0.0082676440501563,0.3333333333333333,1.0,0.6436144541662416,0.1004561583997007,0.875,0.0,1.0,0.0,0.0112359550561797,0.0,1.0,alta_cobertura,0
RCT-2024-000303,0.4452054794520548,0.6849155503785672,0.0,0.75,1.0,1.0,0.3626302397302138,0.419983923026762,1.0,0.3333333333333333,0.2359023519096072,0.6982082391791229,0.25,1.0,0.0,0.0,0.0224719101123595,0.0,0.0,alto_risco,1
RCT-2025-000304,0.0547945205479452,0.3024302430243024,1.0,0.25,1.0,1.0,0.0,0.0,0.0,0.0,0.5356590542670275,0.365191072818225,0.5,1.0,0.0,1.0,0.7865168539325842,0.0,0.0,referral,2
RCT-2026-000305,0.1232876712328767,0.1584158415841584,1.0,0.5,0.0,1.0,0.0199176618907254,0.0218650858047155,0.3333333333333333,0.0,0.224400622317884,0.5285212996527,0.5,0.0,0.0,1.0,0.2584269662921348,1.0,0.0,referral,2
RCT-2025-000306,0.0890410958904109,0.1386138613861386,0.0,0.25,1.0,1.0,0.0,0.0,0.0,0.0,0.4763019315684452,0.3286520976671984,0.75,0.0,0.0,1.0,0.2022471910112359,1.0,0.0,referral,2
RCT-2026-000307,0.1438356164383561,0.5082508250825082,0.0,0.5,1.0,0.0,0.0,0.0,0.0,0.0,0.4328789087496396,0.4411794209740868,0.25,1.0,0.0,1.0,0.4606741573033708,1.0,0.0,referral,2
RCT-2025-000308,0.1232876712328767,0.264026402640264,1.0,0.25,1.0,1.0,0.0,0.0,0.0,0.0,0.467758401985583,0.3210369077277286,0.75,1.0,0.0,1.0,0.5393258426966292,0.0,0.0,referral,2
RCT-2026-000309,0.5821917808219178,0.5166516651665166,0.0,0.75,1.0,1.0,0.6527033186178737,0.6721232365664773,0.6666666666666666,0.6666666666666666,0.0416709770055833,0.4241685417145029,0.25,1.0,0.0,0.0,0.0,1.0,1.0,alto_risco,1
RCT-2026-000310,0.0821917808219178,0.1478547854785478,1.0,0.5,0.0,1.0,0.0109467703824153,0.0105430500483572,0.3333333333333333,1.0,0.9970543167356232,0.3438908519329163,0.75,0.0,1.0,0.0,0.0,0.0,0.0,alta_cobertura,0
RCT-2025-000311,0.1301369863013698,0.0504050405040504,1.0,0.5,0.0,1.0,0.0,0.0,0.0,0.0,0.8692809860294702,0.2025678921742283,0.875,0.0,1.0,0.0,0.0337078651685393,0.0,1.0,alta_cobertura,0
RCT-2025-000312,0.4246575342465754,0.5118050266565117,0.0,0.75,1.0,1.0,0.3877912487554293,0.3888828772317738,1.0,0.6666666666666666,0.3815947741949349,0.7674994967849476,0.5,1.0,0.0,0.0,0.1011235955056179,0.0,0.0,alto_risco,1
RCT-2024-000313,0.0753424657534246,0.396039603960396,0.0,0.75,1.0,1.0,0.0,0.0,0.0,0.0,0.4922931614560251,0.3632220749340795,0.625,0.0,0.0,1.0,0.3707865168539326,0.0,0.0,referral,2
RCT-2025-000314,0.0890410958904109,0.2772277227722772,1.0,0.5,0.0,0.0,0.0,0.0,0.0,0.0,0.1211774717731268,0.2197106093181213,0.75,0.0,0.0,1.0,0.2921348314606741,1.0,0.0,referral,2
RCT-2026-000315,0.0068493150684931,0.2772277227722772,1.0,0.75,0.0,0.0,0.0,0.0,0.0,0.0,0.4441365599768346,0.1193981635737752,0.625,0.0,0.0,1.0,0.898876404494382,1.0,0.0,referral,2
RCT-2025-000316,0.0136986301369863,0.2217821782178217,0.0,0.25,0.0,0.0,0.0,0.0,0.0,0.0,0.3707088907168215,0.145901332423115,0.75,1.0,0.0,1.0,0.4269662921348314,0.0,0.0,referral,2
RCT-2026-000317,0.1232876712328767,0.2112211221122112,1.0,0.25,0.0,0.0,0.0,0.0,0.0,0.0,0.5549797892554119,0.2732122775332019,0.75,0.0,1.0,0.0,0.0561797752808988,0.0,0.0,alta_cobertura,0
RCT-2026-000318,0.0684931506849315,0.2559025133282558,1.0,0.25,0.0,0.0,0.0,0.0,0.0,0.0,0.5766250624290824,0.0124418571494295,1.0,0.0,1.0,0.0,0.0674157303370786,0.0,1.0,alta_cobertura,0
RCT-2025-000319,0.6232876712328766,0.4600800505582472,0.0,0.75,0.0,1.0,0.3355447908930475,0.3877931278364495,0.6666666666666666,0.3333333333333333,0.0827548454987449,0.4971591465444397,0.375,0.0,0.0,1.0,0.0112359550561797,0.0,0.0,alto_risco,1
RCT-2024-000320,0.1643835616438356,0.4107077374404106,1.0,0.25,0.0,1.0,0.0,0.0,0.0,0.0,0.2892600551282631,0.2315357940210932,0.375,1.0,0.0,1.0,0.2584269662921348,1.0,0.0,referral,2
RCT-2025-000321,0.1164383561643835,0.1108910891089108,0.0,0.25,0.0,0.0,0.0,0.0,0.0,0.0,0.4240498914728967,0.1736955065786576,0.75,0.0,1.0,0.0,0.0898876404494382,0.0,1.0,alta_cobertura,0
RCT-2025-000322,0.4178082191780822,0.8490099009900989,0.0,1.0,0.0,1.0,0.457011711643767,0.4641634486955945,0.6666666666666666,0.3333333333333333,0.0294525104144505,0.5681853056081356,0.125,1.0,0.0,0.0,0.1011235955056179,0.0,1.0,alto_risco,1
RCT-2026-000323,0.4041095890410958,0.8406259980836792,0.0,1.0,1.0,1.0,0.2430128067697366,0.27131256738584,0.6666666666666666,0.3333333333333333,0.1221488042223025,0.6045039943743373,0.375,1.0,0.0,0.0,0.0561797752808988,0.0,1.0,alto_risco,1
RCT-2026-000324,0.3150684931506849,0.5884016973125884,0.0,0.75,1.0,0.0,0.0805858296480891,0.0764857719961338,0.3333333333333333,1.0,0.2217086843750844,0.5359478842301064,0.5,0.0,0.0,0.0,0.0449438202247191,0.0,0.0,alto_risco,1
RCT-2024-000325,0.2945205479452054,0.6990959965561773,1.0,0.75,1.0,1.0,0.273161176829386,0.2813117968243852,0.6666666666666666,0.3333333333333333,0.3682515538421806,0.8822156680767863,0.125,0.0,0.0,0.0,0.0224719101123595,0.0,0.0,alto_risco,1
RCT-2025-000326,0.2808219178082192,0.1764176417641764,0.0,0.25,0.0,0.0,0.0134126033481216,0.0119094478629116,0.3333333333333333,1.0,0.6006293427979954,0.095693937284642,0.875,0.0,1.0,1.0,0.0561797752808988,0.0,0.0,alta_cobertura,0
RCT-2024-000327,0.8013698630136986,0.924092409240924,0.0,0.75,0.0,1.0,0.4181148639161401,0.4442178082806344,0.6666666666666666,1.0,0.284152866917137,0.7411539381040861,0.375,1.0,0.0,0.0,0.0561797752808988,0.0,0.0,alto_risco,1
RCT-2026-000328,0.3013698630136986,0.6842216136507266,0.0,1.0,1.0,0.0,0.1267176659696693,0.1243593326925126,0.3333333333333333,0.6666666666666666,0.1220767336392458,0.3123669187408793,0.5,0.0,0.0,0.0,0.0898876404494382,1.0,0.0,alto_risco,1
RCT-2025-000329,0.7671232876712328,0.607490314248816,0.0,1.0,1.0,1.0,0.4968391565128751,0.5426092072719015,0.6666666666666666,0.3333333333333333,0.2254010702951517,0.9632503430317187,0.25,1.0,0.0,0.0,0.0674157303370786,0.0,1.0,alto_risco,1
RCT-2026-000330,0.2260273972602739,0.4004400440044003,1.0,0.75,0.0,0.0,0.0,0.0,0.0,0.0,0.2425300077762507,0.1737083058597596,0.75,1.0,0.0,1.0,1.0,0.0,0.0,referral,2
RCT-2026-000331,0.1095890410958904,0.4085461177696716,0.0,0.25,1.0,1.0,0.0053983546184094,0.0064875917446695,0.3333333333333333,0.0,0.319446600698712,0.430327657662815,0.625,0.0,0.0,1.0,0.7303370786516854,1.0,0.0,referral,2
RCT-2025-000332,0.1506849315068493,0.7984158415841583,0.0,0.75,1.0,1.0,0.1402341947899642,0.1559252122177747,0.3333333333333333,1.0,0.2575165741441012,0.935479172371489,0.125,0.0,0.0,0.0,0.0449438202247191,0.0,0.0,alto_risco,1
RCT-2025-000333,0.0410958904109589,0.1232123212321232,1.0,0.0,0.0,0.0,0.0,0.0,0.0,0.0,0.8650287866571787,0.1363043849100345,1.0,0.0,1.0,0.0,0.1011235955056179,0.0,1.0,alta_cobertura,0
RCT-2024-000334,0.7465753424657534,0.8514851485148515,0.0,0.75,1.0,1.0,0.333171281641581,0.3355194411210164,0.6666666666666666,0.3333333333333333,0.1933058147610131,0.931994093354512,0.25,0.0,0.0,0.0,0.0224719101123595,0.0,0.0,alto_risco,1
RCT-2025-000335,0.2808219178082192,0.252025202520252,1.0,0.25,1.0,1.0,0.0,0.0,0.0,0.0,0.6909731397413726,0.2267606278847253,1.0,0.0,1.0,0.0,0.0449438202247191,0.0,1.0,alta_cobertura,0
RCT-2026-000336,0.1986301369863013,0.3118811881188118,1.0,0.0,0.0,0.0,0.0,0.0,0.0,0.0,0.7225909612061021,0.1185002649151984,1.0,0.0,1.0,1.0,0.1011235955056179,0.0,0.0,alta_cobertura,0
RCT-2026-000337,0.047945205479452,0.4435643564356435,0.0,0.75,0.0,0.0,0.0,0.0,0.0,0.0,0.2086790964915296,0.1707672172338936,0.625,1.0,0.0,1.0,0.8876404494382022,0.0,0.0,referral,2
RCT-2026-000338,0.1643835616438356,0.8214154748808212,0.0,1.0,1.0,1.0,0.2663809561994648,0.2752389706933116,0.3333333333333333,0.6666666666666666,0.259272253724374,0.7732892845095332,0.5,1.0,0.0,0.0,0.1011235955056179,0.0,0.0,alto_risco,1
RCT-2026-000339,0.2123287671232876,0.0,1.0,0.0,0.0,0.0,0.0,0.0,0.0,0.0,0.3539235223785647,0.0607232200287543,0.75,0.0,0.0,0.0,0.0561797752808988,0.0,0.0,alta_cobertura,0
RCT-2026-000340,0.1506849315068493,0.2661386138613861,1.0,0.0,0.0,0.0,0.0,0.0,0.0,0.0,0.5478011472251307,0.3495622645863134,0.875,0.0,1.0,0.0,0.0898876404494382,0.0,1.0,alta_cobertura,0
RCT-2026-000341,0.136986301369863,0.3857081360309943,1.0,0.75,0.0,0.0,0.0,0.0,0.0,0.0,0.4909704854821027,0.2269253591856112,0.5,1.0,0.0,1.0,0.2808988764044944,1.0,0.0,referral,2
RCT-2024-000342,0.0684931506849315,0.2559025133282558,0.0,0.25,0.0,0.0,0.0,0.0,0.0,0.0,0.1044170189715762,0.4957352647044975,0.125,0.0,0.0,1.0,0.2022471910112359,0.0,0.0,referral,2
RCT-2026-000343,0.0616438356164383,0.0,1.0,0.25,0.0,1.0,0.0085672436414011,0.0080645071683656,0.3333333333333333,1.0,0.5787398526830712,0.1159183881134586,1.0,0.0,1.0,0.0,0.0112359550561797,0.0,1.0,alta_cobertura,0
RCT-2025-000344,0.7054794520547946,0.6172239865495983,0.0,0.75,1.0,0.0,0.1758279358657868,0.1902094174287126,1.0,0.6666666666666666,0.3748291919565482,0.9258061689395088,0.25,0.0,0.0,0.0,0.0224719101123595,0.0,1.0,alto_risco,1
RCT-2026-000345,0.5821917808219178,0.693069306930693,0.0,1.0,1.0,1.0,0.2746156240478953,0.3294349249655696,0.3333333333333333,0.3333333333333333,0.2656987205467369,0.4320026854952936,0.375,1.0,0.0,0.0,0.0337078651685393,0.0,1.0,alto_risco,1
RCT-2026-000346,0.6575342465753424,0.8624862486248625,0.0,1.0,1.0,1.0,0.4486085778913606,0.4521337798953626,1.0,0.3333333333333333,0.2475556748126694,0.5809578135582047,0.375,1.0,0.0,0.0,0.0,0.0,1.0,alto_risco,1
RCT-2025-000347,0.1506849315068493,0.3104950495049505,1.0,0.0,0.0,0.0,0.0,0.0,0.0,0.0,0.6718533337767548,0.2171562242086175,1.0,0.0,1.0,0.0,0.0224719101123595,0.0,1.0,alta_cobertura,0
RCT-2025-000348,0.2054794520547945,0.4032403240324032,0.0,0.5,1.0,0.0,0.0,0.0,0.0,0.0,0.2660491084437336,0.1074552707346492,0.375,0.0,0.0,1.0,0.5280898876404494,1.0,0.0,referral,2
RCT-2025-000349,0.5205479452054794,0.8843213435267576,0.0,1.0,0.0,1.0,0.3146366806910671,0.3184023176514733,0.3333333333333333,1.0,0.131798794231977,0.289518584381435,0.25,1.0,0.0,0.0,0.1011235955056179,1.0,1.0,alto_risco,1
RCT-2025-000350,0.363013698630137,0.6336633663366336,0.0,1.0,1.0,1.0,0.617474116487572,0.575993567892567,0.6666666666666666,0.6666666666666666,0.0455407747567026,0.2646546615659969,0.375,1.0,0.0,0.0,0.0898876404494382,1.0,1.0,alto_risco,1
RCT-2026-000351,0.2328767123287671,0.1798233877441798,0.0,0.5,1.0,1.0,0.0,0.0,0.0,0.0,0.4565892506481606,0.4277915270359892,0.375,0.0,0.0,1.0,0.8202247191011236,1.0,0.0,referral,2
RCT-2026-000352,0.2534246575342466,0.4158415841584157,1.0,0.25,1.0,1.0,0.0,0.0,0.0,0.0,0.222769162987784,0.2442567797226834,0.375,1.0,0.0,1.0,0.4382022471910112,1.0,0.0,referral,2
RCT-2025-000353,0.9794520547945206,0.6531940865319408,0.0,0.75,0.0,1.0,0.6394543633735519,0.6372303896239495,0.6666666666666666,0.3333333333333333,0.1597546730703832,0.9977021684034988,0.25,1.0,0.0,0.0,0.0674157303370786,0.0,1.0,alto_risco,1
RCT-2024-000354,0.0342465753424657,0.4158415841584157,0.0,0.25,0.0,1.0,0.0043331970797237,0.0057830597047314,0.3333333333333333,0.0,0.2688689034962837,0.2664961124228214,0.375,1.0,0.0,1.0,0.550561797752809,0.0,0.0,referral,2
RCT-2026-000355,0.5,0.7879103699843668,0.0,0.75,1.0,0.0,0.2643471447064463,0.2505816378597836,0.6666666666666666,0.3333333333333333,0.1787835870271603,0.9776254564991772,0.625,1.0,0.0,0.0,0.0561797752808988,1.0,1.0,alto_risco,1
RCT-2024-000356,0.2602739726027397,0.8925380342912339,1.0,1.0,1.0,1.0,0.0667583051615007,0.0743559822140778,0.3333333333333333,0.6666666666666666,0.3602488267871631,0.6840489555809974,0.125,1.0,0.0,0.0,0.0674157303370786,1.0,1.0,alto_risco,1
RCT-2025-000357,0.0821917808219178,0.3696369636963695,0.0,0.75,0.0,0.0,0.0047899264406653,0.0061529410324794,0.3333333333333333,0.0,0.3309392514073618,0.3246295628738986,0.5,0.0,0.0,1.0,0.797752808988764,1.0,0.0,referral,2
RCT-2025-000358,0.047945205479452,0.3326732673267326,1.0,0.25,0.0,0.0,0.0,0.0,0.0,0.0,0.437938736914607,0.3438409580080389,0.25,0.0,0.0,1.0,0.797752808988764,1.0,0.0,referral,2
RCT-2025-000359,0.2945205479452054,0.7955230305639258,0.0,1.0,0.0,1.0,0.221313363367525,0.2403057557772073,0.3333333333333333,0.6666666666666666,0.3697627513567869,0.7094952481691077,0.5,1.0,0.0,0.0,0.0898876404494382,1.0,1.0,alto_risco,1
RCT-2025-000360,0.9931506849315068,0.9665507091249664,1.0,0.75,1.0,1.0,0.3249905569688351,0.3133952398212302,0.6666666666666666,1.0,0.3392546803209185,0.363079764359328,0.125,0.0,0.0,0.0,0.1011235955056179,0.0,1.0,alto_risco,1
RCT-2025-000361,0.7876712328767123,0.7799966437321697,0.0,1.0,1.0,1.0,0.4790873957235472,0.4507966092541418,1.0,1.0,0.2564327175837138,0.6928826500756016,0.375,1.0,0.0,0.0,0.0786516853932584,0.0,0.0,alto_risco,1
RCT-2026-000362,0.1506849315068493,0.3992079207920792,1.0,0.75,1.0,0.0,0.0,0.0,0.0,0.0,0.2428006576032766,0.5274989316423442,0.875,0.0,0.0,1.0,0.898876404494382,1.0,0.0,referral,2
RCT-2025-000363,0.821917808219178,0.9195846413909682,0.0,0.75,0.0,1.0,0.4932236974032256,0.5174831750151825,1.0,0.3333333333333333,0.29083626041068,0.922621447992484,0.375,0.0,0.0,0.0,0.0224719101123595,1.0,1.0,alto_risco,1
RCT-2026-000364,0.9863013698630138,0.8524280999528523,0.0,1.0,1.0,1.0,0.6427834966197847,0.6537262434317072,1.0,1.0,0.0075579823844053,0.4309419361690894,0.5,0.0,0.0,0.0,0.1011235955056179,0.0,1.0,alto_risco,1
RCT-2025-000365,0.3150684931506849,0.0452616690240452,0.0,0.5,0.0,1.0,0.0,0.0,0.0,0.0,0.8768681598362745,0.0935818188711012,0.875,0.0,1.0,0.0,0.0898876404494382,0.0,0.0,alta_cobertura,0
RCT-2026-000366,0.1506849315068493,0.3104950495049505,0.0,0.75,0.0,0.0,0.0,0.0,0.0,0.0,0.2298073025873702,0.4187845002128738,0.375,0.0,0.0,1.0,0.6629213483146067,0.0,0.0,referral,2
RCT-2024-000367,0.0205479452054794,0.3696369636963695,1.0,0.25,1.0,0.0,0.0,0.0,0.0,0.0,0.4495059153541132,0.4241555626087905,0.5,0.0,0.0,1.0,0.247191011235955,1.0,0.0,referral,2
RCT-2025-000368,0.5,0.5544554455445544,0.0,0.75,1.0,1.0,0.2585017534555124,0.2448670790785027,0.6666666666666666,0.6666666666666666,0.0660737212018045,0.2995275907301511,0.5,0.0,0.0,0.0,0.0786516853932584,1.0,1.0,alto_risco,1
RCT-2025-000369,0.0410958904109589,0.2464246424642464,1.0,0.5,0.0,0.0,0.0,0.0,0.0,0.0,0.0959899971368577,0.4787954609188015,0.5,1.0,0.0,1.0,0.8651685393258426,1.0,0.0,referral,2
RCT-2026-000370,0.2397260273972602,0.1750911933298592,1.0,0.25,0.0,0.0,0.0,0.0,0.0,0.0,0.7591095693844067,0.1001383932811276,1.0,0.0,1.0,0.0,0.0337078651685393,0.0,1.0,alta_cobertura,0
RCT-2025-000371,0.4246575342465754,0.8530083777608529,0.0,0.75,1.0,0.0,0.6991983751788001,0.6681091517390048,1.0,0.3333333333333333,0.2199679493312483,0.6206430730554591,0.625,0.0,0.0,0.0,0.0674157303370786,1.0,0.0,alto_risco,1
RCT-2025-000372,0.3904109589041096,0.2957095709570956,1.0,0.5,0.0,0.0,0.0,0.0,0.0,0.0,0.6081952501918193,0.3234128399409273,1.0,0.0,1.0,0.0,0.0674157303370786,0.0,1.0,alta_cobertura,0
RCT-2025-000373,0.136986301369863,0.2892811020232457,1.0,0.25,0.0,0.0,0.0,0.0,0.0,0.0,0.5722928651675416,0.2639221820522241,1.0,0.0,0.0,0.0,0.0337078651685393,0.0,1.0,alta_cobertura,0
RCT-2025-000374,0.1575342465753424,0.9809596344249808,0.0,0.75,1.0,1.0,0.6343758021434964,0.7198562085599038,1.0,1.0,0.1106163626348144,0.7008566510508585,0.375,1.0,0.0,0.0,0.0561797752808988,1.0,0.0,alto_risco,1
RCT-2026-000375,0.0205479452054794,0.1848184818481847,0.0,0.25,1.0,0.0,0.0124854862579533,0.0111078848183546,0.3333333333333333,1.0,0.4296397648718586,0.1368982715531649,0.625,0.0,1.0,0.0,0.0674157303370786,0.0,1.0,alta_cobertura,0
RCT-2025-000376,0.184931506849315,0.1478547854785478,1.0,0.0,0.0,0.0,0.011238651950185,0.0113025129509267,0.3333333333333333,1.0,0.520417077421179,0.2834286304638901,0.75,0.0,1.0,0.0,0.0786516853932584,0.0,1.0,alta_cobertura,0
RCT-2025-000377,0.0821917808219178,0.2217821782178217,0.0,0.5,1.0,1.0,0.0110266496997582,0.0112956772229051,0.3333333333333333,1.0,0.820350599257517,0.2174579707513089,1.0,0.0,1.0,0.0,0.0786516853932584,0.0,1.0,alta_cobertura,0
RCT-2025-000378,0.1506849315068493,0.2217821782178217,1.0,0.5,0.0,0.0,0.0,0.0,0.0,0.0,0.150032337501424,0.3904450487566839,0.5,0.0,0.0,1.0,0.247191011235955,1.0,0.0,referral,2
RCT-2025-000379,0.184931506849315,0.5174917491749175,0.0,0.75,0.0,1.0,0.6105977350416897,0.6072725031585563,1.0,0.6666666666666666,0.1153626478391295,0.3489550853079732,0.125,1.0,0.0,0.0,0.0224719101123595,0.0,0.0,alto_risco,1
RCT-2025-000380,0.0821917808219178,0.0,1.0,0.5,0.0,0.0,0.0,0.0,0.0,0.0,0.749732416610208,0.0089402745782899,0.75,0.0,1.0,0.0,0.0786516853932584,0.0,1.0,alta_cobertura,0
RCT-2025-000381,0.1095890410958904,0.3501823866597185,1.0,0.25,0.0,0.0,0.0,0.0,0.0,0.0,0.0811953405922862,0.5137992043349562,0.5,1.0,0.0,1.0,0.797752808988764,0.0,0.0,referral,2
RCT-2025-000382,0.0410958904109589,0.3696369636963695,1.0,0.5,1.0,0.0,0.0,0.0,0.0,0.0,0.2940324895592878,0.434671917390554,0.5,0.0,0.0,1.0,0.2696629213483146,1.0,0.0,referral,2
RCT-2025-000383,0.0958904109589041,0.2609202096680256,1.0,0.5,0.0,0.0,0.0,0.0,0.0,0.0,0.8133299515489268,0.0872413866239499,0.875,0.0,1.0,0.0,0.0224719101123595,0.0,1.0,alta_cobertura,0
RCT-2025-000384,0.1917808219178082,0.1073139572021718,0.0,0.75,0.0,0.0,0.0101176088815936,0.0135820634789109,0.3333333333333333,0.0,0.1823730700080224,0.454122590768422,0.625,1.0,0.0,1.0,1.0,1.0,0.0,referral,2
RCT-2026-000385,0.0205479452054794,0.3696369636963695,1.0,0.0,0.0,0.0,0.0,0.0,0.0,0.0,0.3777194222741677,0.0966806031888282,0.875,0.0,1.0,0.0,0.0224719101123595,0.0,1.0,alta_cobertura,0
RCT-2025-000386,0.9794520547945206,0.6228129662281296,0.0,0.75,1.0,1.0,0.4016464422683242,0.3717807940537987,0.6666666666666666,0.6666666666666666,0.1421711497286962,0.8987328988233658,0.375,0.0,0.0,0.0,0.0337078651685393,1.0,0.0,alto_risco,1
RCT-2026-000387,0.2465753424657533,0.5402386392485402,1.0,0.25,1.0,0.0,0.0,0.0,0.0,0.0,0.1999235914564192,0.5613422673041699,0.375,0.0,0.0,1.0,0.4943820224719101,0.0,0.0,referral,2
RCT-2026-000388,0.1506849315068493,0.620990099009901,0.0,0.75,1.0,1.0,0.1526270050439416,0.1452142390039805,0.3333333333333333,1.0,0.1627894914645135,0.8433986308107009,0.375,0.0,0.0,1.0,0.0224719101123595,1.0,0.0,alto_risco,1
RCT-2025-000389,0.0821917808219178,0.2217821782178217,1.0,0.25,0.0,0.0,0.002872960883928,0.0027023855114944,0.3333333333333333,1.0,0.5364112168319518,0.2305164023884403,0.875,0.0,1.0,0.0,0.0786516853932584,0.0,1.0,alta_cobertura,0
RCT-2025-000390,0.2054794520547945,0.5376537653765376,1.0,1.0,1.0,1.0,0.3094953547599061,0.2788434103660029,0.3333333333333333,0.6666666666666666,0.1001759903691633,0.9344170342898246,0.25,1.0,0.0,1.0,0.0112359550561797,0.0,1.0,alto_risco,1
RCT-2026-000391,0.2876712328767123,0.2217821782178217,1.0,0.0,0.0,0.0,0.0,0.0,0.0,0.0,0.448323999273179,0.2660667547204016,0.75,0.0,1.0,0.0,0.0,0.0,1.0,alta_cobertura,0
RCT-2026-000392,0.2534246575342466,0.8039603960396039,0.0,1.0,1.0,1.0,0.3181140898308549,0.3344655138133903,0.3333333333333333,1.0,0.119143704585696,0.632574378517442,0.25,1.0,0.0,0.0,0.0898876404494382,1.0,1.0,alto_risco,1
RCT-2024-000393,0.1027397260273972,0.1232123212321232,1.0,0.5,0.0,0.0,0.0,0.0,0.0,0.0,0.3794403429565287,0.220389145752176,0.375,1.0,0.0,1.0,0.2247191011235955,1.0,0.0,referral,2
RCT-2024-000394,0.0068493150684931,0.5544554455445544,0.0,0.75,1.0,0.0,0.0,0.0,0.0,0.0,0.4613329364614041,0.32969058479297,0.625,0.0,0.0,1.0,0.3146067415730337,0.0,0.0,referral,2
RCT-2025-000395,0.0821917808219178,0.4435643564356435,1.0,0.75,1.0,0.0,0.0,0.0,0.0,0.0,0.3289431525430194,0.4921966340324228,0.375,0.0,0.0,1.0,0.4943820224719101,0.0,0.0,referral,2
RCT-2026-000396,0.2123287671232876,0.326150262085032,1.0,0.5,0.0,0.0,0.0,0.0,0.0,0.0,0.7194697758101327,0.1199077255414103,0.625,0.0,1.0,0.0,0.0786516853932584,0.0,1.0,alta_cobertura,0
RCT-2025-000397,0.047945205479452,0.5544554455445544,0.0,0.75,0.0,0.0,0.005084478745489,0.0075172813689457,0.3333333333333333,0.0,0.1781863068940063,0.4915165500489258,0.375,0.0,0.0,1.0,0.9775280898876404,1.0,0.0,referral,2
RCT-2025-000398,0.2123287671232876,0.163075131042516,1.0,0.25,0.0,0.0,0.0,0.0,0.0,0.0,0.3831264037103931,0.5546075330446032,0.75,1.0,0.0,1.0,0.7303370786516854,1.0,0.0,referral,2
RCT-2026-000399,0.0273972602739726,0.1584158415841584,1.0,0.5,0.0,0.0,0.0,0.0,0.0,0.0,0.718390212010454,0.2974241290531367,0.75,0.0,1.0,0.0,0.0786516853932584,0.0,0.0,alta_cobertura,0
RCT-2026-000400,0.1917808219178082,0.2146279144043436,1.0,0.75,0.0,1.0,0.0,0.0,0.0,0.0,0.4945903293370262,0.3265114010123508,0.375,1.0,0.0,1.0,0.3370786516853932,1.0,0.0,referral,2
RCT-2024-000401,0.3356164383561644,0.2772277227722772,0.0,0.0,0.0,0.0,0.0,0.0,0.0,0.0,0.8442361745984609,0.1759950272115427,0.75,0.0,1.0,0.0,0.0449438202247191,0.0,0.0,alta_cobertura,0
RCT-2026-000402,0.3150684931506849,0.1357850070721357,1.0,0.0,0.0,0.0,0.0,0.0,0.0,0.0,0.6804305162700164,0.2341229405989952,0.875,0.0,1.0,0.0,0.0561797752808988,0.0,0.0,alta_cobertura,0
RCT-2026-000403,0.0136986301369863,0.0,1.0,0.5,1.0,0.0,0.0,0.0,0.0,0.0,0.3433372697723108,0.3073046421456644,0.875,0.0,0.0,0.0,0.0,0.0,1.0,alta_cobertura,0
RCT-2025-000404,0.2876712328767123,0.1232123212321232,1.0,0.25,1.0,1.0,0.0,0.0,0.0,0.0,0.3525091371218645,0.2701241113154386,0.75,0.0,1.0,0.0,0.0,0.0,1.0,alta_cobertura,0
RCT-2025-000405,0.0616438356164383,0.462046204620462,1.0,0.75,0.0,0.0,0.0,0.0,0.0,0.0,0.3542999025335547,0.4225626338971028,0.25,0.0,0.0,1.0,0.550561797752809,1.0,0.0,referral,2
RCT-2025-000406,0.3835616438356164,0.9209598925994292,0.0,1.0,0.0,0.0,0.4834465527482898,0.5115403798093566,1.0,1.0,0.1390525292968712,0.7652803695941666,0.375,1.0,0.0,0.0,0.0561797752808988,0.0,1.0,alto_risco,1
RCT-2024-000407,0.2123287671232876,0.5870704717530576,0.0,1.0,1.0,1.0,0.3695074590543875,0.4126597868852366,1.0,0.3333333333333333,0.292902416785945,0.3398868754127608,0.5,0.0,0.0,0.0,0.0112359550561797,1.0,1.0,alto_risco,1
RCT-2025-000408,0.1164383561643835,0.0554455445544554,1.0,0.25,0.0,1.0,0.0,0.0,0.0,0.0,0.4692242304846475,0.0825591330776296,1.0,0.0,1.0,0.0,0.0224719101123595,0.0,1.0,alta_cobertura,0
RCT-2024-000409,0.3356164383561644,0.2985529322162985,0.0,0.0,0.0,0.0,0.0129475999390519,0.0122588431305996,0.3333333333333333,1.0,0.5429479627208077,0.0570054811344744,1.0,0.0,1.0,0.0,0.0898876404494382,0.0,1.0,alta_cobertura,0
RCT-2026-000410,0.0410958904109589,0.1232123212321232,1.0,0.25,1.0,0.0,0.0,0.0,0.0,0.0,0.8840382547155973,0.2899863615293229,0.75,0.0,0.0,0.0,0.0561797752808988,0.0,1.0,alta_cobertura,0
RCT-2026-000411,0.0205479452054794,0.1848184818481847,0.0,0.25,0.0,1.0,0.0095607625861673,0.0092904599232018,0.3333333333333333,0.0,0.4199495998530834,0.5153660323116889,0.375,1.0,0.0,1.0,0.3707865168539326,1.0,0.0,referral,2
RCT-2025-000412,0.5547945205479452,0.7524752475247525,0.0,0.75,1.0,1.0,0.3711793832962507,0.378938544857452,0.6666666666666666,1.0,0.067135844361047,0.4325319108351944,0.625,1.0,0.0,0.0,0.0898876404494382,0.0,1.0,alto_risco,1
RCT-2025-000413,0.3767123287671232,0.2485489928303174,1.0,0.0,0.0,1.0,0.011172807094224,0.0116568977085984,0.3333333333333333,1.0,0.6868443677902668,0.1592209400114493,1.0,0.0,0.0,0.0,0.0224719101123595,0.0,1.0,alta_cobertura,0
RCT-2024-000414,0.1575342465753424,0.5118050266565117,1.0,0.5,1.0,1.0,0.0,0.0,0.0,0.0,0.5312217093863312,0.1000243840498001,0.375,0.0,0.0,1.0,0.5056179775280898,1.0,0.0,referral,2
RCT-2024-000415,0.1712328767123287,0.7128712871287128,0.0,1.0,1.0,1.0,0.210102104324664,0.2186531267652934,0.6666666666666666,0.6666666666666666,0.2181174636562301,0.7966171360419032,0.375,1.0,0.0,0.0,0.0786516853932584,0.0,0.0,alto_risco,1
RCT-2025-000416,0.2671232876712328,0.5544554455445544,0.0,1.0,0.0,1.0,0.4512645663831784,0.4850108052876714,0.6666666666666666,0.6666666666666666,0.1431548515120843,0.7960572589171295,0.5,1.0,0.0,1.0,0.0674157303370786,0.0,1.0,alto_risco,1
RCT-2025-000417,0.9726027397260274,0.7265278251963126,0.0,0.75,1.0,1.0,0.1195761055658855,0.1310620259554113,0.6666666666666666,0.6666666666666666,0.2400031467327402,0.4300477032382129,0.125,0.0,0.0,0.0,0.0,0.0,1.0,alto_risco,1
RCT-2025-000418,0.5273972602739726,0.9148514851485148,0.0,0.75,0.0,1.0,0.3891556478609676,0.3705617319493972,1.0,0.3333333333333333,0.0003460520828912,0.9950478899896402,0.25,1.0,0.0,0.0,0.0561797752808988,0.0,0.0,alto_risco,1
RCT-2025-000419,0.2808219178082192,0.2772277227722772,1.0,0.5,0.0,0.0,0.0,0.0,0.0,0.0,0.540700036078276,0.2520549056917779,0.875,0.0,0.0,0.0,0.0112359550561797,0.0,1.0,alta_cobertura,0
RCT-2025-000420,0.2808219178082192,0.4536453645364536,1.0,1.0,1.0,1.0,0.5088861801087751,0.4761957410972489,0.6666666666666666,0.3333333333333333,0.182177908404882,0.4053752726491678,0.125,1.0,0.0,0.0,0.0112359550561797,1.0,0.0,alto_risco,1
RCT-2025-000421,0.0753424657534246,0.0792079207920792,0.0,0.25,1.0,0.0,0.0157680077635517,0.0197259042900315,0.3333333333333333,0.0,0.3614946021399128,0.2520490485473208,0.875,0.0,0.0,1.0,0.2808988764044944,1.0,0.0,referral,2
RCT-2024-000422,0.2534246575342466,0.3881188118811881,0.0,0.5,0.0,0.0,0.0,0.0,0.0,0.0,0.5042362385668671,0.3671258988885251,0.5,0.0,0.0,1.0,0.8089887640449438,1.0,0.0,referral,2
RCT-2025-000423,0.6095890410958904,0.566508824795523,0.0,1.0,1.0,1.0,0.312160864595945,0.3380955600049563,1.0,0.3333333333333333,0.2547577789748887,0.4081218374053243,0.25,1.0,0.0,0.0,0.0674157303370786,1.0,0.0,alto_risco,1
RCT-2026-000424,0.1575342465753424,0.1706016755521706,0.0,0.25,1.0,1.0,0.0121173815690217,0.0153596147022044,0.3333333333333333,0.0,0.3243124136195835,0.499473764653998,0.5,0.0,0.0,1.0,0.9438202247191012,1.0,0.0,referral,2
RCT-2025-000425,0.0342465753424657,0.5544554455445544,1.0,0.25,0.0,0.0,0.0,0.0,0.0,0.0,0.348285070037782,0.3226529582576148,0.375,0.0,0.0,1.0,0.898876404494382,0.0,0.0,referral,2
RCT-2025-000426,0.2945205479452054,0.1205337925096857,0.0,0.5,0.0,0.0,0.0,0.0,0.0,0.0,1.0,0.1753414840103592,0.75,0.0,1.0,0.0,0.0337078651685393,0.0,1.0,alta_cobertura,0
RCT-2026-000427,0.1232876712328767,0.1056105610561056,1.0,0.5,0.0,1.0,0.0,0.0,0.0,0.0,0.1198345108313427,0.1725343956909522,0.625,1.0,0.0,1.0,0.348314606741573,1.0,0.0,referral,2
RCT-2026-000428,0.8493150684931506,0.4889685818975597,1.0,1.0,1.0,1.0,0.216616688972161,0.2213765053129681,0.3333333333333333,0.6666666666666666,0.0359403538977211,0.350423996406984,0.5,0.0,0.0,0.0,0.0898876404494382,1.0,0.0,alto_risco,1
RCT-2026-000429,0.7191780821917808,0.9548954895489548,0.0,0.75,1.0,1.0,0.2285042300523577,0.2611505183414687,0.3333333333333333,0.3333333333333333,0.2569166071930255,0.4063069263264249,0.5,1.0,0.0,0.0,0.0,1.0,0.0,alto_risco,1
RCT-2026-000430,0.1712328767123287,0.3564356435643564,0.0,0.75,0.0,1.0,0.0,0.0,0.0,0.0,0.1740800038094775,0.0810706332017793,0.875,1.0,0.0,1.0,0.4157303370786517,1.0,0.0,referral,2
RCT-2026-000431,0.2397260273972602,0.2334549244398123,1.0,0.25,0.0,1.0,0.0,0.0,0.0,0.0,0.452795330539639,0.0359621119414745,1.0,0.0,1.0,0.0,0.0224719101123595,0.0,1.0,alta_cobertura,0
RCT-2025-000432,0.1095890410958904,0.1750911933298592,1.0,0.25,0.0,0.0,0.0,0.0,0.0,0.0,0.6297644117848088,0.3088135120380194,0.875,0.0,1.0,0.0,0.0674157303370786,0.0,1.0,alta_cobertura,0
RCT-2026-000433,0.9863013698630138,0.8147100424328146,0.0,0.75,1.0,1.0,0.2911247589636005,0.3239910322852997,0.3333333333333333,0.6666666666666666,0.2681646745953472,0.5675418861627017,0.25,1.0,0.0,0.0,0.0898876404494382,1.0,0.0,alto_risco,1
RCT-2024-000434,0.2328767123287671,0.2697350816162697,1.0,0.5,0.0,0.0,0.0059355631413797,0.0054335630418193,0.3333333333333333,0.0,0.177907979539706,0.4506316586200098,0.625,1.0,0.0,1.0,0.2584269662921348,0.0,0.0,referral,2
RCT-2026-000435,0.8561643835616438,0.5804455445544554,0.0,0.75,1.0,1.0,0.2815126287253603,0.2716279994782709,0.3333333333333333,0.3333333333333333,0.2142334824463058,0.8152128780671599,0.375,1.0,0.0,0.0,0.0337078651685393,0.0,1.0,alto_risco,1
RCT-2025-000436,0.547945205479452,0.4809733985446737,0.0,1.0,0.0,1.0,0.465271677703793,0.4381289955025683,1.0,0.6666666666666666,0.0322786929278067,0.5641549404375585,0.5,1.0,0.0,0.0,0.0,1.0,0.0,alto_risco,1
RCT-2025-000437,0.3356164383561644,0.9596344249809596,0.0,0.75,0.0,1.0,0.357137300078312,0.3671848020354787,1.0,0.6666666666666666,0.1994394889365843,0.3491622116882784,0.25,1.0,0.0,0.0,0.0674157303370786,1.0,0.0,alto_risco,1
RCT-2026-000438,0.2397260273972602,0.058363731109953,1.0,0.0,0.0,0.0,0.0,0.0,0.0,0.0,0.7228210783009632,0.2653204035307093,0.875,0.0,1.0,0.0,0.0898876404494382,0.0,1.0,alta_cobertura,0
RCT-2025-000439,0.6986301369863014,0.8554455445544554,0.0,0.75,1.0,1.0,0.2674580725464922,0.2457731594750548,0.3333333333333333,1.0,0.1110681655093528,0.8687687979883278,0.375,0.0,0.0,0.0,0.0561797752808988,1.0,1.0,alto_risco,1
RCT-2025-000440,0.1712328767123287,0.2376237623762375,1.0,0.25,0.0,1.0,0.0,0.0,0.0,0.0,0.5477159752639859,0.0713579735385602,1.0,0.0,0.0,0.0,0.0674157303370786,0.0,1.0,alta_cobertura,0
RCT-2024-000441,0.3835616438356164,0.3007215975834871,1.0,0.0,0.0,1.0,0.0,0.0,0.0,0.0,0.7854530170445769,0.0662536078387054,0.75,0.0,1.0,1.0,0.0449438202247191,0.0,0.0,alta_cobertura,0
RCT-2025-000442,0.0684931506849315,0.3412033511043412,0.0,0.75,0.0,1.0,0.0,0.0,0.0,0.0,0.2117879803983847,0.4928614949269,0.5,0.0,0.0,1.0,0.5842696629213483,1.0,0.0,referral,2
RCT-2025-000443,0.1575342465753424,0.2559025133282558,0.0,0.5,1.0,0.0,0.0,0.0,0.0,0.0,0.3997161380336507,0.2010188748423211,0.375,0.0,0.0,1.0,0.1797752808988764,0.0,0.0,referral,2
RCT-2025-000444,0.0136986301369863,0.2217821782178217,0.0,0.75,1.0,0.0,0.0,0.0,0.0,0.0,0.2927540526216508,0.3082373606666935,0.25,0.0,0.0,1.0,0.449438202247191,1.0,0.0,referral,2
RCT-2024-000445,0.1506849315068493,0.3104950495049505,1.0,0.0,0.0,0.0,0.0,0.0,0.0,0.0,0.8568562600070729,0.0055227268955489,0.625,0.0,1.0,1.0,0.0112359550561797,0.0,1.0,alta_cobertura,0
RCT-2025-000446,0.1438356164383561,0.3234323432343234,0.0,0.5,0.0,1.0,0.0052921963910163,0.0068438649883892,0.3333333333333333,0.0,0.1271426049300317,0.3686995355928792,0.25,1.0,0.0,1.0,0.3258426966292135,1.0,0.0,referral,2
RCT-2025-000447,0.0410958904109589,0.1232123212321232,1.0,0.25,1.0,0.0,0.0072061579636518,0.0076073499015129,0.3333333333333333,1.0,0.7665457971827082,0.0127067694495703,1.0,0.0,1.0,0.0,0.0112359550561797,0.0,1.0,alta_cobertura,0
RCT-2025-000448,0.0342465753424657,0.4158415841584157,0.0,0.25,0.0,1.0,0.0,0.0,0.0,0.0,0.430118509761945,0.3235814879230106,0.75,0.0,0.0,1.0,0.8089887640449438,1.0,0.0,referral,2
RCT-2025-000449,0.6095890410958904,0.988377098579423,0.0,1.0,1.0,0.0,0.8874462476082502,0.8532260869852135,1.0,0.3333333333333333,0.195365915824329,0.8671852648595897,0.5,0.0,0.0,0.0,0.0337078651685393,0.0,0.0,alto_risco,1
RCT-2025-000450,0.1232876712328767,0.1584158415841584,0.0,0.5,0.0,1.0,0.0,0.0,0.0,0.0,0.4505078763734139,0.5014820370700159,0.125,1.0,0.0,1.0,0.9662921348314606,0.0,0.0,referral,2
RCT-2025-000451,0.2054794520547945,0.168016801680168,0.0,0.75,0.0,0.0,0.0,0.0,0.0,0.0,0.4273213196445075,0.5305758094281086,0.5,0.0,0.0,1.0,0.1910112359550561,0.0,0.0,referral,2
RCT-2025-000452,0.2465753424657533,0.3696369636963695,1.0,0.5,1.0,1.0,0.0063586107471392,0.0060202020097893,0.3333333333333333,0.0,0.122231899867725,0.4861788023021026,0.375,0.0,0.0,1.0,0.7303370786516854,0.0,0.0,referral,2
RCT-2026-000453,0.0753424657534246,0.0792079207920792,1.0,0.0,0.0,0.0,0.0,0.0,0.0,0.0,0.6200532534068656,0.2729644036633418,0.75,0.0,1.0,0.0,0.0449438202247191,0.0,0.0,alta_cobertura,0
RCT-2025-000454,0.6095890410958904,0.4700817907877743,0.0,0.75,1.0,1.0,0.1337509877323478,0.1369608959052168,0.3333333333333333,1.0,0.1503416498294211,0.6987270662669121,0.25,1.0,0.0,0.0,0.1011235955056179,0.0,1.0,alto_risco,1
RCT-2026-000455,0.2191780821917808,0.3168316831683168,0.0,0.25,0.0,0.0,0.0085243166609803,0.0092737846336458,0.3333333333333333,1.0,0.9380055634730918,0.0694346903948982,0.625,0.0,1.0,0.0,0.1011235955056179,0.0,1.0,alta_cobertura,0
RCT-2025-000456,0.1095890410958904,0.2334549244398123,1.0,0.0,0.0,1.0,0.0,0.0,0.0,0.0,0.8981020892984045,0.0132249300748765,0.875,0.0,1.0,0.0,0.0786516853932584,0.0,0.0,alta_cobertura,0
RCT-2026-000457,0.0410958904109589,0.2464246424642464,0.0,0.25,0.0,0.0,0.0163139045131238,0.0152290176536224,0.3333333333333333,0.0,0.3296537474915367,0.1659211456659343,0.25,0.0,0.0,1.0,0.8651685393258426,1.0,0.0,referral,2
RCT-2025-000458,0.7465753424657534,1.0,0.0,1.0,1.0,1.0,0.6500144767278209,0.6092900019547731,0.6666666666666666,1.0,0.0004094249770031,0.522481418635349,0.25,1.0,0.0,1.0,0.1011235955056179,0.0,1.0,alto_risco,1
RCT-2024-000459,0.2123287671232876,0.7175305765870704,0.0,1.0,0.0,1.0,0.2998612873445805,0.2871073577152823,1.0,1.0,0.0126280990050046,0.4966912651757663,0.5,0.0,0.0,0.0,0.1011235955056179,0.0,1.0,alto_risco,1
RCT-2026-000460,0.1917808219178082,0.1430852762695624,0.0,0.75,0.0,1.0,0.009747004839804,0.0104124656741783,0.3333333333333333,0.0,0.323203421802172,0.3284211588494977,0.375,0.0,0.0,1.0,0.7303370786516854,1.0,0.0,referral,2
RCT-2025-000461,0.0136986301369863,0.4435643564356435,0.0,0.25,0.0,0.0,0.0,0.0,0.0,0.0,0.1581957758803573,0.5319334217700493,0.625,0.0,0.0,1.0,0.4157303370786517,0.0,0.0,referral,2
RCT-2026-000462,0.3698630136986301,0.1945457703665103,1.0,0.5,0.0,0.0,0.0,0.0,0.0,0.0,0.9365655977463268,0.1713326245579634,0.875,0.0,1.0,0.0,0.0224719101123595,0.0,0.0,alta_cobertura,0
RCT-2024-000463,0.3561643835616438,0.2217821782178217,1.0,0.5,0.0,0.0,0.0,0.0,0.0,0.0,0.752451585230107,0.0394332141768921,1.0,0.0,1.0,0.0,0.0898876404494382,0.0,1.0,alta_cobertura,0
RCT-2024-000464,0.321917808219178,0.1108910891089108,1.0,0.25,0.0,0.0,0.0,0.0,0.0,0.0,0.5601174534832527,0.082333325833287,0.875,0.0,0.0,0.0,0.0561797752808988,0.0,1.0,alta_cobertura,0
RCT-2024-000465,0.0547945205479452,0.1008100810081008,1.0,0.25,0.0,0.0,0.0,0.0,0.0,0.0,0.5415487693211637,0.2743193080582064,1.0,0.0,0.0,0.0,0.0561797752808988,0.0,1.0,alta_cobertura,0
RCT-2026-000466,0.2534246575342466,0.3326732673267326,0.0,0.5,1.0,1.0,0.0,0.0,0.0,0.0,0.441490961219582,0.515359167242734,0.375,0.0,0.0,1.0,0.7865168539325842,1.0,0.0,referral,2
RCT-2025-000467,0.9657534246575342,0.9163916391639162,0.0,0.75,1.0,1.0,0.8499763827817268,0.8260592730539542,1.0,0.6666666666666666,0.2009185928089321,0.6095246612736192,0.625,0.0,0.0,0.0,0.0449438202247191,1.0,0.0,alto_risco,1
RCT-2025-000468,0.0547945205479452,0.3024302430243024,0.0,0.25,0.0,1.0,0.0,0.0,0.0,0.0,0.251399725787263,0.1262028960826663,0.75,1.0,0.0,1.0,0.5617977528089887,1.0,0.0,referral,2
RCT-2025-000469,0.321917808219178,0.0221782178217821,1.0,0.25,0.0,0.0,0.0,0.0,0.0,0.0,0.925525885342042,0.1605397631708791,0.75,0.0,1.0,0.0,0.0786516853932584,0.0,0.0,alta_cobertura,0
RCT-2025-000470,0.0410958904109589,0.1232123212321232,1.0,0.0,0.0,0.0,0.0,0.0,0.0,0.0,0.6827895497618633,0.2344803009600131,0.75,0.0,1.0,1.0,0.1011235955056179,0.0,0.0,alta_cobertura,0
RCT-2026-000471,0.6506849315068494,0.9165487977369164,0.0,1.0,1.0,1.0,0.376080890369843,0.3738087957053073,0.6666666666666666,1.0,0.2756765801104384,0.6227860530188074,0.5,1.0,0.0,0.0,0.0449438202247191,0.0,0.0,alto_risco,1
RCT-2025-000472,0.136986301369863,0.1928540680154971,0.0,0.25,1.0,0.0,0.0,0.0,0.0,0.0,0.5119414561309771,0.3845594030515434,0.375,0.0,0.0,1.0,0.3370786516853932,1.0,0.0,referral,2
RCT-2024-000473,0.1506849315068493,0.1774257425742574,0.0,0.25,0.0,0.0,0.0,0.0,0.0,0.0,0.41386542460642,0.1852392666359005,0.375,0.0,0.0,1.0,0.2134831460674157,0.0,0.0,referral,2
RCT-2026-000474,0.0068493150684931,0.2772277227722772,1.0,0.25,0.0,1.0,0.0,0.0,0.0,0.0,0.1302471524620147,0.4474805070605754,0.5,1.0,0.0,1.0,0.8876404494382022,0.0,0.0,referral,2
RCT-2025-000475,0.047945205479452,0.1108910891089108,1.0,0.25,0.0,0.0,0.0,0.0,0.0,0.0,0.2765439364087947,0.36711898727673,0.25,0.0,0.0,1.0,0.2134831460674157,1.0,0.0,referral,2
RCT-2026-000476,0.2260273972602739,0.616061606160616,0.0,0.75,0.0,1.0,0.1559777945876052,0.1601235659657619,0.6666666666666666,0.3333333333333333,0.3048091038455217,0.5340999134179054,0.375,0.0,0.0,1.0,0.0898876404494382,0.0,0.0,alto_risco,2
RCT-2025-000477,0.1643835616438356,0.1642830949761642,1.0,0.0,1.0,0.0,0.0,0.0,0.0,0.0,0.7859621367903461,0.0182105120376747,0.875,0.0,0.0,0.0,0.0224719101123595,0.0,1.0,alta_cobertura,0
RCT-2025-000478,0.7191780821917808,0.9651631829849652,1.0,0.75,1.0,1.0,0.1126892125559832,0.1049946995857865,0.3333333333333333,0.6666666666666666,0.1185098994164518,0.9205572440116004,0.125,1.0,0.0,0.0,0.0224719101123595,0.0,0.0,alto_risco,1
RCT-2026-000479,0.0616438356164383,0.0,1.0,0.0,0.0,0.0,0.0,0.0,0.0,0.0,0.5767214413788576,0.2391805848376511,1.0,0.0,1.0,0.0,0.0112359550561797,0.0,0.0,alta_cobertura,0
RCT-2025-000480,0.541095890410959,0.5003622313450857,1.0,1.0,1.0,1.0,0.1909844305360668,0.2268974879371263,0.3333333333333333,0.6666666666666666,0.1366776803807926,0.6454095889893687,0.5,1.0,0.0,1.0,0.0561797752808988,1.0,0.0,alto_risco,1
RCT-2026-000481,0.184931506849315,0.4805280528052805,1.0,0.25,0.0,0.0,0.0048644071558348,0.00487251369352,0.3333333333333333,0.0,0.3492853463399611,0.1050777693628323,0.5,0.0,0.0,1.0,0.4943820224719101,1.0,0.0,referral,2
RCT-2025-000482,0.1506849315068493,0.0887128712871287,0.0,0.25,1.0,0.0,0.0,0.0,0.0,0.0,0.5482591800371541,0.1021067909248802,1.0,0.0,1.0,0.0,0.0224719101123595,0.0,1.0,alta_cobertura,0
RCT-2026-000483,0.3013698630136986,0.8729724036233409,0.0,0.75,1.0,1.0,0.5319786390165814,0.5797334758093957,1.0,0.3333333333333333,0.3159388675935415,0.6359461532972246,0.25,1.0,0.0,0.0,0.0898876404494382,1.0,0.0,alto_risco,1
RCT-2026-000484,0.2191780821917808,0.3801980198019801,0.0,0.5,0.0,1.0,0.0,0.0,0.0,0.0,0.2498449856850904,0.5685034080529434,0.375,0.0,0.0,1.0,0.1910112359550561,1.0,0.0,referral,2
RCT-2024-000485,0.1643835616438356,0.3696369636963695,1.0,0.25,0.0,1.0,0.0,0.0,0.0,0.0,0.2004456066341319,0.3990403736592795,0.25,0.0,0.0,1.0,0.2696629213483146,1.0,0.0,referral,2
RCT-2025-000486,0.1027397260273972,0.1848184818481847,1.0,0.25,1.0,1.0,0.0114004862379109,0.0111913753357613,0.3333333333333333,0.0,0.3600714195706652,0.2127752024959303,0.375,1.0,0.0,1.0,0.696629213483146,1.0,0.0,referral,2
RCT-2025-000487,0.6232876712328766,0.5072677480514008,0.0,1.0,1.0,0.0,0.5017326751786658,0.4795799376688914,1.0,0.3333333333333333,0.033959281318643,0.8753010777121726,0.375,1.0,0.0,0.0,0.0449438202247191,1.0,0.0,alto_risco,1
RCT-2025-000488,0.184931506849315,0.1108910891089108,1.0,0.25,0.0,0.0,0.0,0.0,0.0,0.0,0.923151779989454,0.2646443124329916,0.875,0.0,0.0,0.0,0.0561797752808988,0.0,1.0,alta_cobertura,0
RCT-2024-000489,0.0273972602739726,0.1584158415841584,0.0,0.25,0.0,0.0,0.0,0.0,0.0,0.0,0.8522860889281944,0.1913359744666509,0.75,0.0,1.0,0.0,0.0674157303370786,0.0,1.0,alta_cobertura,0
RCT-2025-000490,0.3904109589041096,0.0369636963696369,1.0,0.0,0.0,1.0,0.0,0.0,0.0,0.0,0.6596815499670347,0.2691352776432025,0.875,0.0,1.0,0.0,0.0,0.0,1.0,alta_cobertura,0
RCT-2024-000491,0.273972602739726,0.0257886253741653,1.0,0.25,0.0,0.0,0.0,0.0,0.0,0.0,0.3560166732211324,0.1540889021158384,0.75,0.0,0.0,0.0,0.1011235955056179,0.0,1.0,alta_cobertura,0
RCT-2025-000492,0.0205479452054794,0.1848184818481847,1.0,0.0,1.0,0.0,0.0,0.0,0.0,0.0,0.2729340604847937,0.2502184521457686,0.625,0.0,1.0,0.0,0.0337078651685393,0.0,0.0,alta_cobertura,0
RCT-2025-000493,0.3082191780821918,0.5082508250825082,1.0,1.0,1.0,1.0,0.445656656499807,0.5024262630799892,0.6666666666666666,0.3333333333333333,0.205403976634678,0.9684379518644904,0.375,1.0,0.0,0.0,0.0674157303370786,1.0,0.0,alto_risco,1
RCT-2025-000494,0.0,0.3696369636963695,1.0,0.25,0.0,1.0,0.0,0.0,0.0,0.0,0.2554350046383187,0.3755932283943879,0.625,0.0,0.0,1.0,0.5280898876404494,1.0,0.0,referral,2
RCT-2025-000495,0.732876712328767,0.756075607560756,0.0,0.75,0.0,1.0,0.5549529570852926,0.5804053839359944,0.6666666666666666,0.6666666666666666,0.0742387052733454,0.3527252415493627,0.375,0.0,0.0,0.0,0.0449438202247191,0.0,0.0,alto_risco,1
RCT-2024-000496,0.7123287671232876,0.8187286018321457,1.0,0.75,0.0,1.0,0.2543651768946263,0.3208514559164893,0.3333333333333333,1.0,0.38329154717639,0.5387124256182276,0.375,0.0,0.0,0.0,0.0337078651685393,1.0,0.0,alto_risco,1
RCT-2025-000497,0.1917808219178082,0.3219418716065155,1.0,0.75,0.0,1.0,0.0,0.0,0.0,0.0,0.4030370564408351,0.1889546068218362,0.625,0.0,0.0,1.0,0.6516853932584269,1.0,0.0,referral,2
RCT-2026-000498,0.2328767123287671,0.1798233877441798,1.0,0.25,0.0,0.0,0.0,0.0,0.0,0.0,0.8963461199680246,0.2900161405610629,1.0,0.0,0.0,1.0,0.1011235955056179,0.0,1.0,alta_cobertura,0
RCT-2026-000499,0.636986301369863,0.8085808580858085,0.0,0.75,1.0,1.0,0.258575681932717,0.3188548783348355,0.6666666666666666,0.3333333333333333,0.0813948057243835,0.667217750519099,0.375,1.0,0.0,0.0,0.0337078651685393,1.0,1.0,alto_risco,1
RCT-2025-000500,0.3561643835616438,0.0403240324032403,1.0,0.25,0.0,0.0,0.0,0.0,0.0,0.0,0.8409696841833815,0.297942473644083,0.75,0.0,1.0,1.0,0.0898876404494382,0.0,1.0,alta_cobertura,0
RCT-2026-000501,0.3698630136986301,0.0972728851832551,1.0,0.25,0.0,0.0,0.0,0.0,0.0,0.0,0.4046189205060451,0.3564127769002247,0.875,0.0,1.0,0.0,0.0674157303370786,0.0,1.0,alta_cobertura,0
RCT-2026-000502,0.2054794520547945,0.1344134413441344,0.0,0.5,0.0,0.0,0.0,0.0,0.0,0.0,0.3339588455034047,0.2975329304981591,0.75,0.0,0.0,1.0,0.4269662921348314,1.0,0.0,referral,2
RCT-2026-000503,0.184931506849315,0.1848184818481847,1.0,0.25,0.0,1.0,0.0,0.0,0.0,0.0,0.1632275449686394,0.4973856022196734,0.25,1.0,0.0,1.0,0.8089887640449438,1.0,0.0,referral,2
RCT-2026-000504,0.2328767123287671,0.0899116938720899,0.0,0.5,0.0,0.0,0.0,0.0,0.0,0.0,0.5674444146911326,0.3371166899508817,1.0,0.0,1.0,0.0,0.0786516853932584,0.0,1.0,alta_cobertura,0
RCT-2025-000505,0.1095890410958904,0.4085461177696716,1.0,0.5,0.0,0.0,0.0,0.0,0.0,0.0,0.0850932873292729,0.4366989805698577,0.5,0.0,0.0,1.0,0.9438202247191012,1.0,0.0,referral,2
RCT-2026-000506,0.1164383561643835,0.4990099009900989,1.0,0.25,1.0,0.0,0.0177439152016896,0.0174725010554503,0.3333333333333333,0.0,0.1102995224657102,0.5791430814147578,0.625,0.0,0.0,1.0,0.3820224719101123,1.0,0.0,referral,2
RCT-2025-000507,0.6506849315068494,0.6449787835926449,1.0,0.75,0.0,1.0,0.4419880492467155,0.4806305949805418,0.6666666666666666,0.3333333333333333,0.0985052569493451,0.9687665502540944,0.75,0.0,0.0,0.0,0.0112359550561797,0.0,0.0,alto_risco,1
RCT-2024-000508,0.1301369863013698,0.3024302430243024,1.0,0.5,0.0,0.0,0.0,0.0,0.0,0.0,0.3957734238101802,0.319849503157476,1.0,0.0,0.0,1.0,0.1011235955056179,0.0,1.0,alta_cobertura,0
RCT-2026-000509,0.0753424657534246,0.1584158415841584,1.0,0.5,0.0,1.0,0.0,0.0,0.0,0.0,0.3375459742627854,0.1432299595571973,0.75,0.0,1.0,0.0,0.0674157303370786,0.0,1.0,alta_cobertura,0
RCT-2025-000510,0.1643835616438356,0.041070773744041,0.0,0.0,1.0,0.0,0.0,0.0,0.0,0.0,0.8323274943339011,0.0322231132738195,0.875,0.0,0.0,0.0,0.1011235955056179,0.0,1.0,alta_cobertura,0
RCT-2026-000511,0.1643835616438356,0.1232123212321232,0.0,0.25,0.0,0.0,0.0037134908697497,0.0051140709156253,0.3333333333333333,0.0,0.2220331437847687,0.2996885786044684,0.625,0.0,0.0,1.0,0.1910112359550561,1.0,0.0,referral,2
RCT-2026-000512,0.0753424657534246,0.4752475247524751,1.0,0.5,0.0,0.0,0.0036010009484496,0.0036479677974176,0.3333333333333333,0.0,0.0897192375423436,0.2637080300601854,0.125,1.0,0.0,1.0,0.6404494382022472,1.0,0.0,referral,2
RCT-2025-000513,0.3904109589041096,0.6283828382838283,0.0,0.75,1.0,1.0,0.1852574086364895,0.1834068329709165,1.0,1.0,0.0171797021896749,0.5039190534367126,0.25,1.0,0.0,0.0,0.0,1.0,0.0,alto_risco,1
RCT-2025-000514,0.1301369863013698,0.3528352835283528,0.0,0.5,0.0,0.0,0.0,0.0,0.0,0.0,0.2578865942608799,0.1450043841904943,0.875,1.0,0.0,1.0,0.1797752808988764,1.0,0.0,referral,2
RCT-2024-000515,0.3835616438356164,0.0375901996979358,1.0,0.25,0.0,0.0,0.0074298381427658,0.0069343602258576,0.3333333333333333,1.0,0.5341298403272121,0.0279644381208208,0.75,0.0,1.0,0.0,0.1011235955056179,0.0,0.0,alta_cobertura,0
RCT-2025-000516,0.2328767123287671,0.2997056462402996,0.0,0.5,1.0,0.0,0.0,0.0,0.0,0.0,0.2405471657081276,0.3096592318608728,0.625,1.0,0.0,1.0,0.2808988764044944,0.0,0.0,referral,2
RCT-2025-000517,0.0958904109589041,0.4566103669190448,0.0,0.25,0.0,0.0,0.0,0.0,0.0,0.0,0.1286285160476585,0.133145659224781,0.625,0.0,0.0,1.0,0.7752808988764044,1.0,0.0,referral,2
RCT-2026-000518,0.7534246575342466,0.5004819065977394,0.0,0.75,1.0,1.0,0.4801902863493811,0.5457301564930931,0.6666666666666666,0.6666666666666666,0.2532402438729685,0.9003427557511967,0.375,0.0,0.0,1.0,0.0,1.0,0.0,alto_risco,1
RCT-2024-000519,0.1301369863013698,0.2016201620162016,1.0,0.5,0.0,1.0,0.0,0.0,0.0,0.0,0.8890344352065512,0.0500665099606707,0.875,0.0,1.0,1.0,0.0112359550561797,0.0,0.0,alta_cobertura,0
RCT-2025-000520,0.9383561643835616,0.8712871287128712,1.0,0.75,1.0,1.0,0.2427883125156917,0.2183558317435653,0.3333333333333333,0.3333333333333333,0.2304151826345297,0.3692794992777615,0.5,1.0,0.0,0.0,0.0561797752808988,0.0,1.0,alto_risco,1
RCT-2024-000521,0.8835616438356164,0.9828982898289828,0.0,1.0,1.0,1.0,0.264298124065724,0.2493447048471425,0.6666666666666666,1.0,0.3433834035579322,0.8150737870365197,0.0,1.0,0.0,0.0,0.1011235955056179,0.0,1.0,alto_risco,1
RCT-2025-000522,0.3493150684931506,0.0616061606160616,1.0,0.25,0.0,0.0,0.0026969921607059,0.0025273900291798,0.3333333333333333,1.0,0.9573171637988726,0.2641028019995584,0.75,0.0,1.0,0.0,0.0,0.0,1.0,alta_cobertura,0
RCT-2025-000523,0.3356164383561644,0.2132520944402132,1.0,0.5,1.0,0.0,0.0,0.0,0.0,0.0,0.5125854911830294,0.2379158726560392,0.5,0.0,1.0,0.0,0.0449438202247191,0.0,1.0,alta_cobertura,0
RCT-2024-000524,0.1575342465753424,0.4691546077684691,0.0,0.75,0.0,0.0,0.0122475335838519,0.0117787451943047,0.3333333333333333,0.0,0.232109188990959,0.540187078466098,0.25,1.0,0.0,1.0,0.6853932584269662,1.0,0.0,referral,2
RCT-2025-000525,0.3904109589041096,0.5174917491749175,1.0,0.75,1.0,1.0,0.2998842623481861,0.3386832298243709,0.3333333333333333,0.3333333333333333,0.3556227868188365,0.3322904678560783,0.375,1.0,0.0,0.0,0.0,1.0,0.0,alto_risco,1
RCT-2025-000526,0.0684931506849315,0.5118050266565117,0.0,0.75,0.0,0.0,0.0,0.0,0.0,0.0,0.5121358807549713,0.1409701256462744,0.375,0.0,0.0,1.0,0.595505617977528,0.0,0.0,referral,2
RCT-2025-000527,0.2876712328767123,0.5667766776677666,0.0,1.0,1.0,1.0,0.067696405122228,0.0856982970152469,0.3333333333333333,1.0,0.3373578652217418,0.847864794892706,0.375,0.0,0.0,0.0,0.0224719101123595,1.0,0.0,alto_risco,1
RCT-2026-000528,0.1506849315068493,0.4879207920792078,0.0,0.75,0.0,1.0,0.0,0.0,0.0,0.0,0.1669768283582855,0.5052496294657987,0.625,0.0,0.0,1.0,0.247191011235955,1.0,0.0,referral,2
RCT-2025-000529,0.2123287671232876,0.5544554455445544,0.0,0.75,0.0,1.0,0.0,0.0,0.0,0.0,0.1359255256873462,0.2033752735639533,0.375,0.0,0.0,1.0,0.4382022471910112,1.0,0.0,referral,2
RCT-2026-000530,0.1917808219178082,0.2146279144043436,0.0,0.75,1.0,0.0,0.0,0.0,0.0,0.0,0.5287975674889139,0.1042621616364675,0.625,1.0,0.0,1.0,0.4044943820224719,1.0,0.0,referral,2
RCT-2026-000531,0.2534246575342466,0.5267326732673266,1.0,1.0,0.0,1.0,0.1544870234408925,0.1374940573421001,0.3333333333333333,1.0,0.0584990101745623,0.7681065478914657,0.5,0.0,0.0,0.0,0.0337078651685393,0.0,0.0,alto_risco,1
RCT-2024-000532,0.0753424657534246,0.1584158415841584,0.0,0.5,1.0,0.0,0.0197439878114606,0.0203436208941741,0.3333333333333333,0.0,0.2024933489199959,0.3468560165052083,0.375,0.0,0.0,1.0,0.696629213483146,1.0,0.0,referral,2
RCT-2025-000533,0.9246575342465754,0.8115942028985507,0.0,1.0,1.0,1.0,0.321236786052358,0.3614861623043744,1.0,0.3333333333333333,0.1416771079867956,0.7446095143228126,0.375,1.0,0.0,0.0,0.0674157303370786,1.0,1.0,alto_risco,1
RCT-2024-000534,1.0,0.528407203136421,1.0,1.0,1.0,1.0,0.4733372226754964,0.4627827752784535,0.6666666666666666,0.3333333333333333,0.0303781781089757,0.6120456699708554,0.25,0.0,0.0,0.0,0.0224719101123595,0.0,1.0,alto_risco,1
RCT-2025-000535,0.2260273972602739,0.8008800880088007,0.0,1.0,1.0,1.0,0.3195538741792637,0.3543906850674945,1.0,0.3333333333333333,0.0,0.7832729823403874,0.0,1.0,0.0,0.0,0.0,1.0,1.0,alto_risco,1
RCT-2026-000536,0.321917808219178,0.4657425742574256,0.0,0.75,0.0,1.0,1.0,0.9941486675110718,1.0,0.6666666666666666,0.1591362421334126,0.3686786937089613,0.625,1.0,0.0,1.0,0.0674157303370786,0.0,0.0,alto_risco,1
RCT-2025-000537,0.0273972602739726,0.4752475247524751,1.0,0.5,1.0,0.0,0.0187871688879946,0.0174958937785998,0.3333333333333333,0.0,0.1807137442567029,0.1657791678395462,0.5,0.0,0.0,1.0,0.9662921348314606,1.0,0.0,referral,2
RCT-2026-000538,0.1164383561643835,0.1663366336633663,1.0,0.5,0.0,1.0,0.0,0.0,0.0,0.0,0.1378202549347014,0.4819617703492212,0.75,0.0,0.0,1.0,0.797752808988764,1.0,0.0,referral,2
RCT-2024-000539,0.2602739726027397,0.0270466070997343,1.0,0.25,0.0,0.0,0.0,0.0,0.0,0.0,0.7015517693886992,0.3308480541493845,0.875,0.0,0.0,0.0,0.0224719101123595,0.0,0.0,alta_cobertura,0
RCT-2025-000540,0.047945205479452,0.0,0.0,0.0,0.0,1.0,0.0,0.0,0.0,0.0,0.6204664952014486,0.2062356541668023,1.0,0.0,1.0,0.0,0.0,0.0,1.0,alta_cobertura,0
RCT-2025-000541,0.136986301369863,0.4339216530348687,0.0,0.75,0.0,1.0,0.0,0.0,0.0,0.0,0.4432356819049253,0.3493637881072773,1.0,0.0,0.0,1.0,0.696629213483146,1.0,0.0,referral,2
RCT-2026-000542,0.0684931506849315,0.1706016755521706,1.0,0.5,0.0,0.0,0.0139670931108532,0.0167737147448753,0.3333333333333333,0.0,0.1336262028151155,0.4486404978513534,0.875,0.0,0.0,1.0,0.4831460674157303,0.0,0.0,referral,2
RCT-2025-000543,0.8013698630136986,0.4712871287128712,0.0,1.0,0.0,0.0,0.8015488313516385,0.87491518870418,1.0,0.6666666666666666,0.2239749069637421,0.9802456261166292,0.75,0.0,0.0,1.0,0.0,0.0,1.0,alto_risco,1
RCT-2025-000544,0.1780821917808219,0.1529532263571184,0.0,0.25,0.0,0.0,0.0134664893957409,0.0140450636455497,0.3333333333333333,0.0,0.3476268817630484,0.4831237203837039,0.5,0.0,0.0,1.0,0.5280898876404494,1.0,0.0,referral,2
RCT-2024-000545,0.0410958904109589,0.2464246424642464,1.0,0.5,0.0,0.0,0.0,0.0,0.0,0.0,0.8971997983234624,0.3062924905104024,0.625,0.0,1.0,0.0,0.0,0.0,0.0,alta_cobertura,0
RCT-2024-000546,0.1232876712328767,0.2112211221122112,1.0,0.0,1.0,0.0,0.0,0.0,0.0,0.0,0.909639549596012,0.0905104853306542,0.875,0.0,1.0,0.0,0.0786516853932584,0.0,1.0,alta_cobertura,0
RCT-2025-000547,0.1232876712328767,0.264026402640264,0.0,0.25,0.0,0.0,0.0,0.0,0.0,0.0,0.2217899080664841,0.4647384592904935,0.5,0.0,0.0,1.0,0.8764044943820224,1.0,0.0,referral,2
RCT-2026-000548,0.1780821917808219,0.2294298395356776,1.0,0.25,1.0,0.0,0.0,0.0,0.0,0.0,0.3511447428274364,0.1589081239763922,0.625,1.0,0.0,1.0,0.6067415730337078,0.0,0.0,referral,2
RCT-2025-000549,0.1712328767123287,0.198019801980198,1.0,0.25,0.0,1.0,0.0055291064779255,0.0052188164068744,0.3333333333333333,0.0,0.3799383456072183,0.1334237487848329,0.625,0.0,0.0,1.0,0.7415730337078651,1.0,0.0,referral,2
RCT-2026-000550,0.0753424657534246,0.4752475247524751,1.0,0.75,1.0,0.0,0.0137983415665507,0.0143166085051691,0.3333333333333333,0.0,0.219975408732937,0.1090538843218394,0.5,0.0,0.0,1.0,0.3146067415730337,1.0,0.0,referral,2
RCT-2026-000551,0.4246575342465754,0.7335872048743335,0.0,0.75,0.0,0.0,0.7963693914795604,0.8537551461403238,1.0,0.3333333333333333,0.024226661077205,0.4776579682210151,0.625,1.0,0.0,1.0,0.0674157303370786,0.0,1.0,alto_risco,1
RCT-2025-000552,0.0068493150684931,0.0,0.0,0.25,1.0,0.0,0.0073268648050147,0.0071346918397829,0.3333333333333333,0.0,0.1598413672065065,0.2438427811575859,0.375,1.0,0.0,1.0,0.1797752808988764,1.0,0.0,referral,2
RCT-2025-000553,0.541095890410959,0.6626418739434918,0.0,0.75,0.0,1.0,0.6057195790647997,0.6186812360562819,1.0,0.3333333333333333,0.2959278765794365,0.8127361176673269,0.0,1.0,0.0,0.0,0.0674157303370786,1.0,1.0,alto_risco,1
RCT-2025-000554,0.0068493150684931,0.2772277227722772,0.0,0.75,0.0,0.0,0.0,0.0,0.0,0.0,0.282632253041899,0.3144424521449175,0.375,0.0,0.0,1.0,0.2921348314606741,1.0,0.0,referral,2
RCT-2025-000555,0.1506849315068493,0.3992079207920792,1.0,0.5,0.0,0.0,0.0,0.0,0.0,0.0,0.2357794885284716,0.5584022978546039,0.5,1.0,0.0,1.0,0.7191011235955056,1.0,0.0,referral,2
RCT-2026-000556,0.5616438356164384,0.5218404193360512,0.0,0.75,1.0,1.0,0.4288096376417279,0.4149249646402111,0.6666666666666666,0.6666666666666666,0.0285893678862775,0.5530496894211125,0.25,1.0,0.0,0.0,0.0449438202247191,0.0,0.0,alto_risco,1
RCT-2026-000557,0.2328767123287671,0.1198822584961198,1.0,0.25,0.0,1.0,0.0,0.0,0.0,0.0,0.3243352938048458,0.1697020176625356,0.75,1.0,0.0,1.0,0.3932584269662921,0.0,0.0,referral,2
RCT-2026-000558,0.1438356164383561,0.231023102310231,1.0,0.25,0.0,0.0,0.0057286167247343,0.0062041456206268,0.3333333333333333,1.0,0.7550747729575292,0.137597461372634,0.875,0.0,1.0,0.0,0.1011235955056179,0.0,0.0,alta_cobertura,0
RCT-2025-000559,0.5342465753424658,0.9856985698569856,0.0,1.0,1.0,0.0,0.945176780751064,1.0,1.0,0.6666666666666666,0.3541932765460399,0.4213254993429156,0.375,1.0,0.0,0.0,0.0786516853932584,1.0,0.0,alto_risco,1
RCT-2025-000560,0.1986301369863013,0.2425742574257425,1.0,0.25,0.0,0.0,0.0,0.0,0.0,0.0,0.8672012075921595,0.0308696668686891,1.0,0.0,1.0,0.0,0.1011235955056179,0.0,1.0,alta_cobertura,0
RCT-2024-000561,0.2945205479452054,0.8437365475678003,0.0,1.0,1.0,1.0,0.3904802953543828,0.4207270274998507,0.6666666666666666,0.3333333333333333,0.1332704284397272,0.4329781424853936,0.125,1.0,0.0,0.0,0.0,0.0,0.0,alto_risco,1
RCT-2024-000562,0.4452054794520548,0.9458357600465928,0.0,0.75,1.0,0.0,0.0272525341462301,0.0314330729057558,0.3333333333333333,0.3333333333333333,0.1775527411500952,0.8424647065563247,0.25,1.0,0.0,0.0,0.0561797752808988,0.0,1.0,alto_risco,1
RCT-2026-000563,0.6095890410958904,0.566508824795523,1.0,1.0,1.0,1.0,0.3335379581288795,0.3816193669846309,1.0,0.6666666666666666,0.1096262254410568,0.395216974881797,0.125,1.0,0.0,0.0,0.0337078651685393,0.0,0.0,alto_risco,1
RCT-2026-000564,0.5684931506849314,0.6833985724153809,0.0,1.0,1.0,1.0,0.1892069859968733,0.2040510526812025,0.3333333333333333,0.6666666666666666,0.1308696071020003,0.6962703137324653,0.625,1.0,0.0,1.0,0.0674157303370786,0.0,1.0,alto_risco,1
RCT-2026-000565,0.4041095890410958,0.6617694027467262,0.0,1.0,1.0,1.0,0.58370904002218,0.563954811545379,1.0,0.6666666666666666,0.2871395664183392,0.3010867588932481,0.375,1.0,0.0,0.0,0.0449438202247191,0.0,0.0,alto_risco,1
RCT-2024-000566,0.3904109589041096,0.0554455445544554,0.0,0.25,0.0,0.0,0.0,0.0,0.0,0.0,0.8648675780784093,0.0,0.75,0.0,1.0,0.0,0.0112359550561797,0.0,1.0,alta_cobertura,0
RCT-2026-000567,0.5547945205479452,0.7656765676567656,0.0,0.75,1.0,1.0,0.1586757626860938,0.1777967873168296,0.6666666666666666,1.0,0.3033769576818875,0.6812627341211255,0.5,1.0,0.0,0.0,0.0674157303370786,0.0,1.0,alto_risco,1
RCT-2025-000568,0.0136986301369863,0.2217821782178217,1.0,0.5,0.0,0.0,0.0051573931995341,0.0053646818862785,0.3333333333333333,0.0,0.2403187280025144,0.2029803548255936,0.75,0.0,0.0,1.0,0.4606741573033708,1.0,0.0,referral,2
RCT-2025-000569,0.1164383561643835,0.0554455445544554,1.0,0.0,0.0,0.0,0.0,0.0,0.0,0.0,0.6899870148992834,0.0533847309908933,0.75,0.0,0.0,0.0,0.0337078651685393,0.0,1.0,alta_cobertura,0
RCT-2026-000570,0.8561643835616438,0.5891089108910891,1.0,1.0,1.0,1.0,0.3920421290536897,0.3950849020022975,0.6666666666666666,0.3333333333333333,0.0027332024586391,0.9862200949118888,0.375,1.0,0.0,0.0,0.0674157303370786,1.0,1.0,alto_risco,1
RCT-2026-000571,0.1232876712328767,0.2112211221122112,0.0,0.25,0.0,0.0,0.0,0.0,0.0,0.0,0.8840040984711582,0.1605764761633635,0.75,0.0,1.0,0.0,0.0224719101123595,0.0,0.0,alta_cobertura,0
RCT-2024-000572,0.2397260273972602,0.8754559666492964,0.0,1.0,0.0,1.0,0.4572199624845707,0.4248511810678352,1.0,0.6666666666666666,0.3196386238030875,0.5861342006292782,0.25,1.0,0.0,1.0,0.0337078651685393,0.0,0.0,alto_risco,1
RCT-2025-000573,0.7191780821917808,0.6365969930326365,0.0,0.75,0.0,1.0,0.2736288890608866,0.3166241791808405,1.0,0.3333333333333333,0.244338649612418,0.3216961021024268,0.25,1.0,0.0,0.0,0.0449438202247191,0.0,0.0,alto_risco,1
RCT-2025-000574,0.6164383561643836,0.9062067497072288,1.0,1.0,1.0,1.0,0.0376834666627794,0.0394137093246246,0.3333333333333333,1.0,0.1593597460308449,0.9207231233619622,0.5,1.0,0.0,0.0,0.0674157303370786,1.0,1.0,alto_risco,1
RCT-2024-000575,0.0068493150684931,0.5544554455445544,1.0,0.25,0.0,0.0,0.0,0.0,0.0,0.0,0.088284199284047,0.1729673438410577,0.5,0.0,0.0,1.0,0.4269662921348314,1.0,0.0,referral,2
RCT-2025-000576,0.0410958904109589,0.1232123212321232,1.0,0.25,0.0,0.0,0.0,0.0,0.0,0.0,0.7965580185411613,0.0473976306626857,1.0,0.0,0.0,0.0,0.0337078651685393,0.0,0.0,alta_cobertura,0
RCT-2025-000577,0.0890410958904109,0.1386138613861386,1.0,0.5,0.0,0.0,0.0,0.0,0.0,0.0,0.5018448541953167,0.2080148007828134,0.875,0.0,1.0,0.0,0.0674157303370786,0.0,1.0,alta_cobertura,0
RCT-2026-000578,0.0684931506849315,0.4265041888804264,0.0,0.75,1.0,1.0,0.0054569156460412,0.0062496340530181,0.3333333333333333,0.0,0.279727210420849,0.4562498226257468,0.625,0.0,0.0,1.0,0.5617977528089887,0.0,0.0,referral,2
RCT-2025-000579,0.6506849315068494,0.8486562942008485,0.0,1.0,1.0,1.0,0.0419253921367997,0.0453242608492013,0.6666666666666666,0.3333333333333333,0.2752616984674643,0.3885761067537894,0.625,1.0,0.0,0.0,0.1011235955056179,1.0,0.0,alto_risco,1
RCT-2024-000580,0.1712328767123287,0.3168316831683168,0.0,0.5,0.0,0.0,0.0,0.0,0.0,0.0,0.5092052660475337,0.3282069320214955,0.375,0.0,0.0,1.0,0.1573033707865168,1.0,0.0,referral,2
RCT-2026-000581,0.1438356164383561,0.231023102310231,0.0,0.25,1.0,0.0,0.0,0.0,0.0,0.0,0.1898789233387061,0.4430856993585706,0.5,0.0,0.0,1.0,0.7640449438202247,0.0,0.0,referral,2
RCT-2025-000582,0.589041095890411,0.5233062632105906,0.0,0.75,1.0,1.0,0.3046976255776515,0.2965233449258633,0.3333333333333333,1.0,0.3432467951830078,0.460878036235863,0.25,1.0,0.0,0.0,0.0,1.0,0.0,alto_risco,1
RCT-2025-000583,0.0684931506849315,0.2559025133282558,1.0,0.0,0.0,1.0,0.0,0.0,0.0,0.0,0.4026689480702814,0.3411353439324823,0.875,0.0,0.0,1.0,0.0,0.0,1.0,alta_cobertura,0
RCT-2026-000584,0.2397260273972602,0.4085461177696716,1.0,0.5,0.0,1.0,0.0177946734877322,0.0158537812258369,0.3333333333333333,0.0,0.1016363213192507,0.284941003317389,0.625,1.0,0.0,1.0,0.7528089887640449,1.0,0.0,referral,2
RCT-2026-000585,0.2260273972602739,0.5236523652365236,0.0,1.0,0.0,1.0,0.3120063569825972,0.349278287173066,0.3333333333333333,0.3333333333333333,0.1472855468207205,0.7252505831064349,0.25,0.0,0.0,0.0,0.0561797752808988,1.0,0.0,alto_risco,1
RCT-2025-000586,0.1917808219178082,0.0357713190673906,0.0,0.5,0.0,0.0,0.007421192762213,0.0067807844846244,0.3333333333333333,1.0,0.3489257909726119,0.141159583879313,0.875,0.0,1.0,0.0,0.0224719101123595,0.0,0.0,alta_cobertura,0
RCT-2026-000587,0.5547945205479452,0.8976897689768976,0.0,1.0,1.0,1.0,0.1388145671272715,0.1411993430147154,0.3333333333333333,0.6666666666666666,0.2905001760487882,0.9097469231725046,0.625,1.0,0.0,0.0,0.0337078651685393,1.0,0.0,alto_risco,1
RCT-2025-000588,0.1164383561643835,0.4435643564356435,0.0,0.75,0.0,0.0,0.0040000023993787,0.0037815771291141,0.3333333333333333,0.0,0.4501439219733955,0.5139548533916485,0.5,0.0,0.0,1.0,0.2921348314606741,1.0,0.0,referral,2
RCT-2025-000589,0.0753424657534246,0.1584158415841584,0.0,0.25,1.0,0.0,0.0,0.0,0.0,0.0,0.3739912077910741,0.4383192803210914,0.5,0.0,0.0,1.0,0.4382022471910112,1.0,0.0,referral,2
RCT-2024-000590,0.0342465753424657,0.0,1.0,0.5,0.0,1.0,0.0,0.0,0.0,0.0,0.8181638656548035,0.3325232984150327,1.0,0.0,0.0,1.0,0.0337078651685393,0.0,1.0,alta_cobertura,0
RCT-2026-000591,0.7123287671232876,0.6010918848894234,0.0,1.0,0.0,1.0,0.2002988045371528,0.2082399808981537,0.3333333333333333,0.3333333333333333,0.0008770482786403,0.6412354110603113,0.25,1.0,0.0,1.0,0.0561797752808988,0.0,0.0,alto_risco,1
RCT-2026-000592,0.321917808219178,0.8205940594059405,0.0,1.0,1.0,0.0,0.2440726847230517,0.292509716376899,0.3333333333333333,0.3333333333333333,0.2784954556769442,0.2584614125810563,0.5,1.0,0.0,0.0,0.0674157303370786,1.0,0.0,alto_risco,1
RCT-2026-000593,0.047945205479452,0.3326732673267326,1.0,0.75,0.0,0.0,0.0182747444240318,0.0214702147790391,0.3333333333333333,0.0,0.2456202686914068,0.5392843048925196,0.5,0.0,0.0,1.0,0.696629213483146,0.0,0.0,referral,2
RCT-2026-000594,0.0136986301369863,0.0,1.0,0.5,1.0,0.0,0.0,0.0,0.0,0.0,0.8594499699915662,0.2897494274432757,0.75,0.0,1.0,0.0,0.0449438202247191,0.0,1.0,alta_cobertura,0
RCT-2025-000595,0.2397260273972602,0.5544554455445544,0.0,0.25,1.0,0.0,0.0053691621770275,0.0058220672923853,0.3333333333333333,0.0,0.3477540246115117,0.4919698283216731,0.625,0.0,0.0,1.0,0.4831460674157303,0.0,0.0,referral,2
RCT-2026-000596,0.2123287671232876,0.2609202096680256,1.0,0.5,0.0,0.0,0.0,0.0,0.0,0.0,0.4411019847611871,0.1568172109466207,0.5,0.0,0.0,1.0,0.6853932584269662,0.0,0.0,referral,2
RCT-2025-000597,0.2397260273972602,0.4669098488796247,0.0,1.0,0.0,1.0,0.4443065346499283,0.5184932531132062,1.0,1.0,0.1937663474733659,0.8809681271801577,0.625,1.0,0.0,0.0,0.0112359550561797,1.0,1.0,alto_risco,1
RCT-2025-000598,0.5684931506849314,0.9670734515311996,0.0,1.0,1.0,1.0,0.4629244664050652,0.4840654933890124,0.6666666666666666,0.3333333333333333,0.307261937947943,0.7705426531936592,0.25,1.0,0.0,0.0,0.0561797752808988,0.0,0.0,alto_risco,1
RCT-2025-000599,0.3356164383561644,0.0213252094440213,0.0,0.5,0.0,0.0,0.0,0.0,0.0,0.0,0.8726692641112906,0.005904664604068,0.875,0.0,1.0,0.0,0.0674157303370786,0.0,1.0,alta_cobertura,0
RCT-2025-000600,0.1986301369863013,0.8316831683168315,1.0,1.0,1.0,0.0,0.0907072185033385,0.0830254301883552,0.3333333333333333,0.3333333333333333,0.1555172304462589,0.8784144409481462,0.5,1.0,0.0,0.0,0.0112359550561797,1.0,0.0,alto_risco,1
